CATEGORY	TICKER	DATE	OPEN	CLOSE
Crypto	ETH-USD	2020-03-30	124.43	132.32
Crypto	BTC-USD	2020-03-30	5878.98	6406.4
Crypto	ETH-USD	2020-03-31	132.32	132.7
Crypto	BTC-USD	2020-03-31	6406.4	6421.42
Crypto	ETH-USD	2020-04-01	132.701	136.45
Crypto	BTC-USD	2020-04-01	6424.02	6666.11
Crypto	ETH-USD	2020-04-02	136.14	141.8
Crypto	BTC-USD	2020-04-02	6666.11	6804.52
Crypto	ETH-USD	2020-04-03	141.177	141.327
Crypto	BTC-USD	2020-04-03	6811.8	6734.06
Crypto	ETH-USD	2020-04-04	141.48	144.48
Crypto	BTC-USD	2020-04-04	6738.6	6874.77
Crypto	ETH-USD	2020-04-05	144.62483934	142.79
Crypto	BTC-USD	2020-04-05	6874.77	6778.25
Crypto	ETH-USD	2020-04-06	142.95	171.251
Crypto	BTC-USD	2020-04-06	6778.64	7327.85
Crypto	ETH-USD	2020-04-07	171.56	164.645
Crypto	BTC-USD	2020-04-07	7343.98	7197.13
Crypto	ETH-USD	2020-04-08	164.74	173.78
Crypto	BTC-USD	2020-04-08	7204.7	7361
Crypto	ETH-USD	2020-04-09	173.78	170
Crypto	BTC-USD	2020-04-09	7370.38	7294.1
Crypto	ETH-USD	2020-04-10	169.71	158.16999
Crypto	BTC-USD	2020-04-10	7294.1	6873.8
Crypto	ETH-USD	2020-04-11	158.16999	158.58
Crypto	BTC-USD	2020-04-11	6871.83	6889.6
Crypto	ETH-USD	2020-04-12	158.68	159.03935858
Crypto	BTC-USD	2020-04-12	6882.6	6919
Crypto	ETH-USD	2020-04-13	158.92	156.76
Crypto	BTC-USD	2020-04-13	6908.12	6861.21
Crypto	ETH-USD	2020-04-14	156.76	158.65
Crypto	BTC-USD	2020-04-14	6860.51	6874.5
Crypto	ETH-USD	2020-04-15	158.55	152.77
Crypto	BTC-USD	2020-04-15	6876.92	6624.12
Crypto	ETH-USD	2020-04-16	153.00509048	172.5
Crypto	BTC-USD	2020-04-16	6623.62	7112.65
Crypto	ETH-USD	2020-04-17	172.58	170.89
Crypto	BTC-USD	2020-04-17	7112.4	7045.8
Crypto	ETH-USD	2020-04-18	171.24	187.87
Crypto	BTC-USD	2020-04-18	7045.8054993	7268.8
Crypto	ETH-USD	2020-04-19	187.78	180.22
Crypto	BTC-USD	2020-04-19	7262.54	7130.71
Crypto	ETH-USD	2020-04-20	180.28	170.5
Crypto	BTC-USD	2020-04-20	7133.3	6838.72
Crypto	ETH-USD	2020-04-21	170.177	171.07
Crypto	BTC-USD	2020-04-21	6837.1	6853.68
Crypto	ETH-USD	2020-04-22	170.712	183.11
Crypto	BTC-USD	2020-04-22	6841.82	7136.9
Crypto	ETH-USD	2020-04-23	183.1	185.66
Crypto	BTC-USD	2020-04-23	7136.81	7488.83
Crypto	ETH-USD	2020-04-24	185.83613412	187.72
Crypto	BTC-USD	2020-04-24	7491.5	7514.64
Crypto	ETH-USD	2020-04-25	187.71	194.42
Crypto	BTC-USD	2020-04-25	7508.4	7547.61
Crypto	ETH-USD	2020-04-26	194.51	197.5
Crypto	BTC-USD	2020-04-26	7547.61	7697.9
Crypto	ETH-USD	2020-04-27	197.4923796	196.78
Crypto	BTC-USD	2020-04-27	7706.4	7792.4
Crypto	ETH-USD	2020-04-28	196.63	196.55
Crypto	BTC-USD	2020-04-28	7789.77	7750.7
Crypto	ETH-USD	2020-04-29	196.64	215.66
Crypto	BTC-USD	2020-04-29	7750.6	8793.75
Crypto	ETH-USD	2020-04-30	215.31	206.23
Crypto	BTC-USD	2020-04-30	8794.99	8632.80215785
Crypto	ETH-USD	2020-05-01	206.22	212.031
Crypto	BTC-USD	2020-05-01	8621.01	8829.42
Crypto	ETH-USD	2020-05-02	211.973	213.835
Crypto	BTC-USD	2020-05-02	8823	8983.78
Crypto	ETH-USD	2020-05-03	214.25	210.24
Crypto	BTC-USD	2020-05-03	8982.4	8909.95
Crypto	ETH-USD	2020-05-04	209.87	206.86
Crypto	BTC-USD	2020-05-04	8901.34819902	8868.48
Crypto	ETH-USD	2020-05-05	206.59	205.43
Crypto	BTC-USD	2020-05-05	8872.31	9019.35
Crypto	ETH-USD	2020-05-06	205.32	199.13
Crypto	BTC-USD	2020-05-06	9020.1	9156.28
Crypto	ETH-USD	2020-05-07	199.09	212.004
Crypto	BTC-USD	2020-05-07	9163.63	10004.77
Crypto	ETH-USD	2020-05-08	212.24	211.62
Crypto	BTC-USD	2020-05-08	10000.37	9798.03
Crypto	ETH-USD	2020-05-09	211.325	210.069
Crypto	BTC-USD	2020-05-09	9808.4	9539.57
Crypto	ETH-USD	2020-05-10	210.06	187.616
Crypto	BTC-USD	2020-05-10	9537.23	8722.2
Crypto	ETH-USD	2020-05-11	187.65	185.6
Crypto	BTC-USD	2020-05-11	8729.86	8570.79999
Crypto	ETH-USD	2020-05-12	185.93	189.755
Crypto	BTC-USD	2020-05-12	8575.28	8821.42
Crypto	ETH-USD	2020-05-13	189.93	199.92
Crypto	BTC-USD	2020-05-13	8821.41	9321.26
Crypto	ETH-USD	2020-05-14	199.89	203.335
Crypto	BTC-USD	2020-05-14	9312	9791.72
Crypto	ETH-USD	2020-05-15	203.4	194.7
Crypto	BTC-USD	2020-05-15	9791	9311.2
Crypto	ETH-USD	2020-05-16	194.66	200.53
Crypto	BTC-USD	2020-05-16	9307.6	9383.16
Crypto	ETH-USD	2020-05-17	200.48	207.05
Crypto	BTC-USD	2020-05-17	9386	9676.63
Crypto	ETH-USD	2020-05-18	206.97	214.56
Crypto	BTC-USD	2020-05-18	9668.2	9728.52
Crypto	ETH-USD	2020-05-19	214.59	214.69
Crypto	BTC-USD	2020-05-19	9728.52	9781.89
Crypto	ETH-USD	2020-05-20	214.56	209.96
Crypto	BTC-USD	2020-05-20	9776.3	9502
Crypto	ETH-USD	2020-05-21	209.68	198.798
Crypto	BTC-USD	2020-05-21	9509.4	9061.96
Crypto	ETH-USD	2020-05-22	198.55	207.32
Crypto	BTC-USD	2020-05-22	9059.31	9170.96
Crypto	ETH-USD	2020-05-23	207.3	206.66
Crypto	BTC-USD	2020-05-23	9162.3448589	9178.6
Crypto	ETH-USD	2020-05-24	206.531	199.63
Crypto	BTC-USD	2020-05-24	9178.15	8710.1
Crypto	ETH-USD	2020-05-25	199.63	204.126
Crypto	BTC-USD	2020-05-25	8709.38	8896.93
Crypto	ETH-USD	2020-05-26	204.06787304	200.909
Crypto	BTC-USD	2020-05-26	8901.1	8844.42
Crypto	ETH-USD	2020-05-27	201.12	208.41
Crypto	BTC-USD	2020-05-27	8845.5	9208.53
Crypto	ETH-USD	2020-05-28	208.33	220.65
Crypto	BTC-USD	2020-05-28	9208.54	9577.83
Crypto	ETH-USD	2020-05-29	220.56	220.62
Crypto	BTC-USD	2020-05-29	9582.61	9423.84
Crypto	ETH-USD	2020-05-30	220.54536752	243.678
Crypto	BTC-USD	2020-05-30	9425.27	9705.1
Crypto	ETH-USD	2020-05-31	243.682	231.54
Crypto	BTC-USD	2020-05-31	9699.9	9451.1
Crypto	ETH-USD	2020-06-01	231.43	248.82
Crypto	BTC-USD	2020-06-01	9444.61	10208.96
Crypto	ETH-USD	2020-06-02	248.42	237.55
Crypto	BTC-USD	2020-06-02	10208.96	9522.46
Crypto	ETH-USD	2020-06-03	237.7	244.54
Crypto	BTC-USD	2020-06-03	9526.8	9676.7
Crypto	ETH-USD	2020-06-04	244.559	243.18
Crypto	BTC-USD	2020-06-04	9677.6	9788.05
Crypto	ETH-USD	2020-06-05	243.21	240.04
Crypto	BTC-USD	2020-06-05	9791	9620.4
Crypto	ETH-USD	2020-06-06	240.04	241.925
Crypto	BTC-USD	2020-06-06	9613.42	9667.18
Crypto	ETH-USD	2020-06-07	241.98	244.81
Crypto	BTC-USD	2020-06-07	9668.5	9746.92
Crypto	ETH-USD	2020-06-08	244.79	246.55
Crypto	BTC-USD	2020-06-08	9755.7	9781.51
Crypto	ETH-USD	2020-06-09	246.52	243.897
Crypto	BTC-USD	2020-06-09	9781.51	9771.9
Crypto	ETH-USD	2020-06-10	243.88	248.02
Crypto	BTC-USD	2020-06-10	9775.8	9894.04
Crypto	ETH-USD	2020-06-11	248.09	230.41
Crypto	BTC-USD	2020-06-11	9892.2	9265.79999
Crypto	ETH-USD	2020-06-12	230.509	237.53
Crypto	BTC-USD	2020-06-12	9266.61	9464.17
Crypto	ETH-USD	2020-06-13	237.65	238.17
Crypto	BTC-USD	2020-06-13	9464.77	9480.87818464
Crypto	ETH-USD	2020-06-14	238.143	231.34
Crypto	BTC-USD	2020-06-14	9472.16	9344.75144536
Crypto	ETH-USD	2020-06-15	231.9	230.98
Crypto	BTC-USD	2020-06-15	9328.63	9434.8
Crypto	ETH-USD	2020-06-16	231.14	235.293
Crypto	BTC-USD	2020-06-16	9434.9	9526.25
Crypto	ETH-USD	2020-06-17	235.35	233.71
Crypto	BTC-USD	2020-06-17	9527.5	9465.64
Crypto	ETH-USD	2020-06-18	234.16	231.05
Crypto	BTC-USD	2020-06-18	9453.1	9376.14
Crypto	ETH-USD	2020-06-19	231.5	228.66
Crypto	BTC-USD	2020-06-19	9376.14	9310.06
Crypto	ETH-USD	2020-06-20	229.05	229.23
Crypto	BTC-USD	2020-06-20	9300.42	9355.74
Crypto	ETH-USD	2020-06-21	229.22	227.8
Crypto	BTC-USD	2020-06-21	9355.93	9301
Crypto	ETH-USD	2020-06-22	227.7970864	243.33
Crypto	BTC-USD	2020-06-22	9299.5	9690.68
Crypto	ETH-USD	2020-06-23	243.24	243.12
Crypto	BTC-USD	2020-06-23	9694	9623.56
Crypto	ETH-USD	2020-06-24	243.49	234.614
Crypto	BTC-USD	2020-06-24	9635.2	9285.91
Crypto	ETH-USD	2020-06-25	234.43	232.69737117
Crypto	BTC-USD	2020-06-25	9290.6	9243.51
Crypto	ETH-USD	2020-06-26	232.69	229.44
Crypto	BTC-USD	2020-06-26	9257.03466936	9161.97
Crypto	ETH-USD	2020-06-27	229.45	221.001
Crypto	BTC-USD	2020-06-27	9155.42	9015.3
Crypto	ETH-USD	2020-06-28	220.74	224.91
Crypto	BTC-USD	2020-06-28	9014.8	9118.92
Crypto	ETH-USD	2020-06-29	225.12041114	227.81
Crypto	BTC-USD	2020-06-29	9118.91	9187.57
Crypto	ETH-USD	2020-06-30	227.96	225.48
Crypto	BTC-USD	2020-06-30	9188.79	9150.7
Crypto	ETH-USD	2020-07-01	225.5	230.944
Crypto	BTC-USD	2020-07-01	9136.2	9239.97
Crypto	ETH-USD	2020-07-02	231.29	226.48
Crypto	BTC-USD	2020-07-02	9239.4	9087.61
Crypto	ETH-USD	2020-07-03	226.66	225.06
Crypto	BTC-USD	2020-07-03	9091.98	9063.08
Crypto	ETH-USD	2020-07-04	224.98	229.151
Crypto	BTC-USD	2020-07-04	9059.33	9134.15
Crypto	ETH-USD	2020-07-05	229.59	227.66
Crypto	BTC-USD	2020-07-05	9146.79675146	9074.39
Crypto	ETH-USD	2020-07-06	227.94	242.13
Crypto	BTC-USD	2020-07-06	9077.59	9361.1
Crypto	ETH-USD	2020-07-07	241.71	239.37
Crypto	BTC-USD	2020-07-07	9346.9	9257.21
Crypto	ETH-USD	2020-07-08	239.7	247.14
Crypto	BTC-USD	2020-07-08	9267.57549347	9435.28
Crypto	ETH-USD	2020-07-09	247.46	241.89
Crypto	BTC-USD	2020-07-09	9440.61	9236.95
Crypto	ETH-USD	2020-07-10	242	241.55
Crypto	BTC-USD	2020-07-10	9234.91	9291.05
Crypto	ETH-USD	2020-07-11	241.24	239.17
Crypto	BTC-USD	2020-07-11	9291.04	9235
Crypto	ETH-USD	2020-07-12	239.54904278	242.616
Crypto	BTC-USD	2020-07-12	9235	9303.37
Crypto	ETH-USD	2020-07-13	243.32	239.9
Crypto	BTC-USD	2020-07-13	9307.65	9236.92
Crypto	ETH-USD	2020-07-14	239.504	240.396
Crypto	BTC-USD	2020-07-14	9236.91	9256.94
Crypto	ETH-USD	2020-07-15	240.4	238.547
Crypto	BTC-USD	2020-07-15	9263.7914	9190.16
Crypto	ETH-USD	2020-07-16	238.94	233.41
Crypto	BTC-USD	2020-07-16	9190.8	9130.11
Crypto	ETH-USD	2020-07-17	233.94490762	233.18
Crypto	BTC-USD	2020-07-17	9149.6	9154.91
Crypto	ETH-USD	2020-07-18	233.04	236.19024638
Crypto	BTC-USD	2020-07-18	9167.32861157	9175.85
Crypto	ETH-USD	2020-07-19	235.76	239.24
Crypto	BTC-USD	2020-07-19	9175.83	9231.2
Crypto	ETH-USD	2020-07-20	238.789	236.08
Crypto	BTC-USD	2020-07-20	9207.63	9161.05
Crypto	ETH-USD	2020-07-21	236.45	245.558
Crypto	BTC-USD	2020-07-21	9161.05	9394.14
Crypto	ETH-USD	2020-07-22	246.01	264.28
Crypto	BTC-USD	2020-07-22	9395.98	9557.7
Crypto	ETH-USD	2020-07-23	264.7	275.66
Crypto	BTC-USD	2020-07-23	9536.2	9613.24
Crypto	ETH-USD	2020-07-24	275.292	279.59
Crypto	BTC-USD	2020-07-24	9615.92	9551.21
Crypto	ETH-USD	2020-07-25	279.66	305.66
Crypto	BTC-USD	2020-07-25	9551.21	9711.35
Crypto	ETH-USD	2020-07-26	305.73	311.44
Crypto	BTC-USD	2020-07-26	9703.22	9941
Crypto	ETH-USD	2020-07-27	311.43	321.987
Crypto	BTC-USD	2020-07-27	9941	11048.92
Crypto	ETH-USD	2020-07-28	322.4	316.752
Crypto	BTC-USD	2020-07-28	11048.05	10910.32
Crypto	ETH-USD	2020-07-29	317.52	318.46
Crypto	BTC-USD	2020-07-29	10934.22	11110.12
Crypto	ETH-USD	2020-07-30	318.15	335.018
Crypto	BTC-USD	2020-07-30	11117.39512086	11115.98
Crypto	ETH-USD	2020-07-31	335.36	346.86
Crypto	BTC-USD	2020-07-31	11115.99	11351.62
Crypto	ETH-USD	2020-08-01	346.81495481	387.15
Crypto	BTC-USD	2020-08-01	11350	11810.07
Crypto	ETH-USD	2020-08-02	387.03	371.87
Crypto	BTC-USD	2020-08-02	11810.07	11068.54
Crypto	ETH-USD	2020-08-03	372.548	386.22
Crypto	BTC-USD	2020-08-03	11071.73	11233.13
Crypto	ETH-USD	2020-08-04	386.27	389.83
Crypto	BTC-USD	2020-08-04	11233.16	11197.04
Crypto	ETH-USD	2020-08-05	389.76	401.21
Crypto	BTC-USD	2020-08-05	11192.48	11756.75
Crypto	ETH-USD	2020-08-06	401.32	394.775
Crypto	BTC-USD	2020-08-06	11746	11765.61
Crypto	ETH-USD	2020-08-07	394.739	379.75
Crypto	BTC-USD	2020-08-07	11765.45	11606.52
Crypto	ETH-USD	2020-08-08	379.435	397.381
Crypto	BTC-USD	2020-08-08	11580.04081238	11774.98
Crypto	ETH-USD	2020-08-09	396.83	390.087
Crypto	BTC-USD	2020-08-09	11760.31	11675.32006989
Crypto	ETH-USD	2020-08-10	390.19	395.9
Crypto	BTC-USD	2020-08-10	11680.94	11899.73
Crypto	ETH-USD	2020-08-11	395.77	378.88
Crypto	BTC-USD	2020-08-11	11899.98	11388.53
Crypto	ETH-USD	2020-08-12	378.58	387.23
Crypto	BTC-USD	2020-08-12	11379	11570.16
Crypto	ETH-USD	2020-08-13	387.361	424.434
Crypto	BTC-USD	2020-08-13	11570.43	11795.79
Crypto	ETH-USD	2020-08-14	425	438.132
Crypto	BTC-USD	2020-08-14	11795.95	11779
Crypto	ETH-USD	2020-08-15	438.29	432.55
Crypto	BTC-USD	2020-08-15	11777.5	11859.24
Crypto	ETH-USD	2020-08-16	432.67	433.7
Crypto	BTC-USD	2020-08-16	11873.41825354	11918.84
Crypto	ETH-USD	2020-08-17	433.76	431.61
Crypto	BTC-USD	2020-08-17	11918.84	12304.26
Crypto	ETH-USD	2020-08-18	431.36	422.31
Crypto	BTC-USD	2020-08-18	12303.98	11951.01
Crypto	ETH-USD	2020-08-19	422.19333516	407.215
Crypto	BTC-USD	2020-08-19	11961	11758.87
Crypto	ETH-USD	2020-08-20	408.46	415.92
Crypto	BTC-USD	2020-08-20	11778.02622206	11864.26
Crypto	ETH-USD	2020-08-21	416.19	388.09
Crypto	BTC-USD	2020-08-21	11860.73	11529.22
Crypto	ETH-USD	2020-08-22	387.84	395.86926344
Crypto	BTC-USD	2020-08-22	11529.21	11672.93
Crypto	ETH-USD	2020-08-23	395.52	390.86
Crypto	BTC-USD	2020-08-23	11672.92	11650.01
Crypto	ETH-USD	2020-08-24	391.1	407.92
Crypto	BTC-USD	2020-08-24	11663	11753.85
Crypto	ETH-USD	2020-08-25	407.88	383.33
Crypto	BTC-USD	2020-08-25	11750.4	11341.4006669
Crypto	ETH-USD	2020-08-26	383.61	386.1
Crypto	BTC-USD	2020-08-26	11338	11460.73
Crypto	ETH-USD	2020-08-27	385.91	383.16
Crypto	BTC-USD	2020-08-27	11459.81	11330.06
Crypto	ETH-USD	2020-08-28	383.27	395.47
Crypto	BTC-USD	2020-08-28	11333.13	11532.6
Crypto	ETH-USD	2020-08-29	395.23	398.58
Crypto	BTC-USD	2020-08-29	11544.621284	11468.92
Crypto	ETH-USD	2020-08-30	399.31	428.94
Crypto	BTC-USD	2020-08-30	11492	11730
Crypto	ETH-USD	2020-08-31	429.55	433.775
Crypto	BTC-USD	2020-08-31	11708.11	11655
Crypto	ETH-USD	2020-09-01	434.48362427	475.345
Crypto	BTC-USD	2020-09-01	11671.23323392	11924.22
Crypto	ETH-USD	2020-09-02	475.57	439.496
Crypto	BTC-USD	2020-09-02	11919.53	11395.48
Crypto	ETH-USD	2020-09-03	440.04668284	382.55
Crypto	BTC-USD	2020-09-03	11395.49	10172.52
Crypto	ETH-USD	2020-09-04	382.15	385.82
Crypto	BTC-USD	2020-09-04	10165	10455.28
Crypto	ETH-USD	2020-09-05	386.36	335.26
Crypto	BTC-USD	2020-09-05	10455.16	10165.84
Crypto	ETH-USD	2020-09-06	334.957	352.51
Crypto	BTC-USD	2020-09-06	10169.58	10257.86
Crypto	ETH-USD	2020-09-07	353.52	353.71
Crypto	BTC-USD	2020-09-07	10258.93	10397.391305
Crypto	ETH-USD	2020-09-08	354.63	337.215
Crypto	BTC-USD	2020-09-08	10400	10125.69
Crypto	ETH-USD	2020-09-09	337.48	351.29
Crypto	BTC-USD	2020-09-09	10125.7	10224.56
Crypto	ETH-USD	2020-09-10	350.86	368.06
Crypto	BTC-USD	2020-09-10	10224.56	10343.23
Crypto	ETH-USD	2020-09-11	367.94	373.93
Crypto	BTC-USD	2020-09-11	10344.24	10394.41
Crypto	ETH-USD	2020-09-12	373.93	388.1
Crypto	BTC-USD	2020-09-12	10394.41	10443.33
Crypto	ETH-USD	2020-09-13	387.72	366.25
Crypto	BTC-USD	2020-09-13	10446.52	10336.76
Crypto	ETH-USD	2020-09-14	366.51	377.43
Crypto	BTC-USD	2020-09-14	10328.2	10679.95
Crypto	ETH-USD	2020-09-15	377.142	364.2
Crypto	BTC-USD	2020-09-15	10689.93207785	10783.75
Crypto	ETH-USD	2020-09-16	364.05	365.23
Crypto	BTC-USD	2020-09-16	10797.99361605	10951.1
Crypto	ETH-USD	2020-09-17	365	389.45
Crypto	BTC-USD	2020-09-17	10956.63	10943.61
Crypto	ETH-USD	2020-09-18	389.59	384.45
Crypto	BTC-USD	2020-09-18	10938.92	10937.52
Crypto	ETH-USD	2020-09-19	384.6	385.117
Crypto	BTC-USD	2020-09-19	10957.05507792	11098
Crypto	ETH-USD	2020-09-20	385.25	371.04
Crypto	BTC-USD	2020-09-20	11081.09	10920.89
Crypto	ETH-USD	2020-09-21	371.62	340.11
Crypto	BTC-USD	2020-09-21	10935	10416.82
Crypto	ETH-USD	2020-09-22	341	344.26
Crypto	BTC-USD	2020-09-22	10416.83	10531.13
Crypto	ETH-USD	2020-09-23	344.25	320.63
Crypto	BTC-USD	2020-09-23	10531.13	10230.7
Crypto	ETH-USD	2020-09-24	320.18	349.14
Crypto	BTC-USD	2020-09-24	10266	10740.01
Crypto	ETH-USD	2020-09-25	349.14	351.9
Crypto	BTC-USD	2020-09-25	10740	10690.53
Crypto	ETH-USD	2020-09-26	351.9	353.7
Crypto	BTC-USD	2020-09-26	10690.53	10750
Crypto	ETH-USD	2020-09-27	354.01	357.55
Crypto	BTC-USD	2020-09-27	10751	10778.2
Crypto	ETH-USD	2020-09-28	358.56	354.57459566
Crypto	BTC-USD	2020-09-28	10804	10714
Crypto	ETH-USD	2020-09-29	354.45595331	359.9
Crypto	BTC-USD	2020-09-29	10694.9	10842.2
Crypto	ETH-USD	2020-09-30	359.93	359.883
Crypto	BTC-USD	2020-09-30	10857	10779.63
Crypto	ETH-USD	2020-10-01	360.01	353
Crypto	BTC-USD	2020-10-01	10797	10616.1
Crypto	ETH-USD	2020-10-02	352.84	346.03
Crypto	BTC-USD	2020-10-02	10616.35	10573.12
Crypto	ETH-USD	2020-10-03	345.74	346.18
Crypto	BTC-USD	2020-10-03	10586	10551.65
Crypto	ETH-USD	2020-10-04	346.42	352.48
Crypto	BTC-USD	2020-10-04	10550.32	10671.11
Crypto	ETH-USD	2020-10-05	352.42	354.23
Crypto	BTC-USD	2020-10-05	10669	10799
Crypto	ETH-USD	2020-10-06	353.82	340.78
Crypto	BTC-USD	2020-10-06	10796.97	10601.49
Crypto	ETH-USD	2020-10-07	341.08581595	341.68
Crypto	BTC-USD	2020-10-07	10613	10670.47
Crypto	ETH-USD	2020-10-08	341.7	351.5
Crypto	BTC-USD	2020-10-08	10687.32291769	10933.09
Crypto	ETH-USD	2020-10-09	350.823	365.36
Crypto	BTC-USD	2020-10-09	10932.44	11057.07
Crypto	ETH-USD	2020-10-10	365.35	370.75
Crypto	BTC-USD	2020-10-10	11057.07	11299.5
Crypto	ETH-USD	2020-10-11	371.15	374.61
Crypto	BTC-USD	2020-10-11	11300.97	11374.01
Crypto	ETH-USD	2020-10-12	374.38	387
Crypto	BTC-USD	2020-10-12	11374.01	11529.32
Crypto	ETH-USD	2020-10-13	387.39	381.37
Crypto	BTC-USD	2020-10-13	11535.46	11428.22
Crypto	ETH-USD	2020-10-14	381.74	379.08
Crypto	BTC-USD	2020-10-14	11443	11427.7
Crypto	ETH-USD	2020-10-15	379.01	377.88
Crypto	BTC-USD	2020-10-15	11417.85	11509.34
Crypto	ETH-USD	2020-10-16	377.89	365.21
Crypto	BTC-USD	2020-10-16	11511.9497064	11328.95
Crypto	ETH-USD	2020-10-17	365.82	368.48
Crypto	BTC-USD	2020-10-17	11324.8837331	11367.89
Crypto	ETH-USD	2020-10-18	368.48	378.58
Crypto	BTC-USD	2020-10-18	11376	11506.16
Crypto	ETH-USD	2020-10-19	378.56	379.63
Crypto	BTC-USD	2020-10-19	11514.2	11749.98
Crypto	ETH-USD	2020-10-20	379.53	368.81
Crypto	BTC-USD	2020-10-20	11760.45	11923.83
Crypto	ETH-USD	2020-10-21	368.79	390.198
Crypto	BTC-USD	2020-10-21	11924.82446	12808.01
Crypto	ETH-USD	2020-10-22	391.28	414.31
Crypto	BTC-USD	2020-10-22	12802.63	12987.02
Crypto	ETH-USD	2020-10-23	414.3	409.52
Crypto	BTC-USD	2020-10-23	12988.2	12939
Crypto	ETH-USD	2020-10-24	409.58359673	412.58
Crypto	BTC-USD	2020-10-24	12930.56664423	13126.24
Crypto	ETH-USD	2020-10-25	412.54	406.09
Crypto	BTC-USD	2020-10-25	13126.34	13045
Crypto	ETH-USD	2020-10-26	405.97	392.621
Crypto	BTC-USD	2020-10-26	13041.12	13068.79
Crypto	ETH-USD	2020-10-27	393.48	403.286
Crypto	BTC-USD	2020-10-27	13068.79	13626
Crypto	ETH-USD	2020-10-28	403.22	388.186
Crypto	BTC-USD	2020-10-28	13626	13281.05
Crypto	ETH-USD	2020-10-29	388.47	387.34
Crypto	BTC-USD	2020-10-29	13281.06	13460
Crypto	ETH-USD	2020-10-30	386.9	382.77
Crypto	BTC-USD	2020-10-30	13460	13571.51
Crypto	ETH-USD	2020-10-31	382.77	386.78
Crypto	BTC-USD	2020-10-31	13555.19	13804.81
Crypto	ETH-USD	2020-11-01	386.32658693	396.611
Crypto	BTC-USD	2020-11-01	13785.26	13762
Crypto	ETH-USD	2020-11-02	396.66	383.33
Crypto	BTC-USD	2020-11-02	13762	13563.22
Crypto	ETH-USD	2020-11-03	383.09	388.42
Crypto	BTC-USD	2020-11-03	13551.75	14029.5896356
Crypto	ETH-USD	2020-11-04	388.17353075	403.18
Crypto	BTC-USD	2020-11-04	14034.35	14141.88
Crypto	ETH-USD	2020-11-05	402.78	417.19
Crypto	BTC-USD	2020-11-05	14165.86	15608.21
Crypto	ETH-USD	2020-11-06	417.04	456.65
Crypto	BTC-USD	2020-11-06	15568	15599.95
Crypto	ETH-USD	2020-11-07	456.69	435.194
Crypto	BTC-USD	2020-11-07	15573	14845
Crypto	ETH-USD	2020-11-08	435.95507314	454.61
Crypto	BTC-USD	2020-11-08	14834.09	15482.9
Crypto	ETH-USD	2020-11-09	455.09	444.81
Crypto	BTC-USD	2020-11-09	15482.89	15342.25
Crypto	ETH-USD	2020-11-10	444.84	450.89
Crypto	BTC-USD	2020-11-10	15342.1	15315.04
Crypto	ETH-USD	2020-11-11	450.89	463.81
Crypto	BTC-USD	2020-11-11	15295.01	15705.79
Crypto	ETH-USD	2020-11-12	463.81	462.98
Crypto	BTC-USD	2020-11-12	15709	16310.81
Crypto	ETH-USD	2020-11-13	462.45	477.06
Crypto	BTC-USD	2020-11-13	16308.6	16339.56
Crypto	ETH-USD	2020-11-14	477.15	461.16
Crypto	BTC-USD	2020-11-14	16308.5948109	16083.07
Crypto	ETH-USD	2020-11-15	461.21	448.401
Crypto	BTC-USD	2020-11-15	16082.01	15965
Crypto	ETH-USD	2020-11-16	448.41720943	460.85
Crypto	BTC-USD	2020-11-16	15975.49	16721.1
Crypto	ETH-USD	2020-11-17	460.87	482.308
Crypto	BTC-USD	2020-11-17	16723.8	17679.36
Crypto	ETH-USD	2020-11-18	482.76	478.96
Crypto	BTC-USD	2020-11-18	17674.53552004	17800
Crypto	ETH-USD	2020-11-19	479	471.163
Crypto	BTC-USD	2020-11-19	17784.6	17821.58
Crypto	ETH-USD	2020-11-20	471.39	510.3
Crypto	BTC-USD	2020-11-20	17821.92	18675.25
Crypto	ETH-USD	2020-11-21	510.6	553.07
Crypto	BTC-USD	2020-11-21	18677.84	18703.39
Crypto	ETH-USD	2020-11-22	553.06	560.132
Crypto	BTC-USD	2020-11-22	18659.98585506	18392
Crypto	ETH-USD	2020-11-23	558	609.26
Crypto	BTC-USD	2020-11-23	18432.6	18384.82
Crypto	ETH-USD	2020-11-24	609.25	604.822
Crypto	BTC-USD	2020-11-24	18364	19172.84
Crypto	ETH-USD	2020-11-25	605.45	569.62
Crypto	BTC-USD	2020-11-25	19172.9	18714.24
Crypto	ETH-USD	2020-11-26	569.37	521.5
Crypto	BTC-USD	2020-11-26	18726.34185792	17170
Crypto	ETH-USD	2020-11-27	520.35	519.55
Crypto	BTC-USD	2020-11-27	17213	17144.2
Crypto	ETH-USD	2020-11-28	518.438	538.14
Crypto	BTC-USD	2020-11-28	17171	17746
Crypto	ETH-USD	2020-11-29	538.09	576.22
Crypto	BTC-USD	2020-11-29	17717.54	18202.03
Crypto	ETH-USD	2020-11-30	576.37	615.99
Crypto	BTC-USD	2020-11-30	18196	19713.93
Crypto	ETH-USD	2020-12-01	616	585.27
Crypto	BTC-USD	2020-12-01	19697	18782.97
Crypto	ETH-USD	2020-12-02	585.87	597.74
Crypto	BTC-USD	2020-12-02	18807.88117914	19225.63
Crypto	ETH-USD	2020-12-03	597.88119355	616.66
Crypto	BTC-USD	2020-12-03	19222.45	19448.64
Crypto	ETH-USD	2020-12-04	615.987	567.66
Crypto	BTC-USD	2020-12-04	19449	18658.1
Crypto	ETH-USD	2020-12-05	567.6	597.29
Crypto	BTC-USD	2020-12-05	18652	19153
Crypto	ETH-USD	2020-12-06	597.29	601.294
Crypto	BTC-USD	2020-12-06	19158.96	19375.6
Crypto	ETH-USD	2020-12-07	601.97	591.65
Crypto	BTC-USD	2020-12-07	19375.6	19177.71
Crypto	ETH-USD	2020-12-08	591.53	555.03
Crypto	BTC-USD	2020-12-08	19177.08	18329
Crypto	ETH-USD	2020-12-09	554.8	573.132
Crypto	BTC-USD	2020-12-09	18316.22	18546.55
Crypto	ETH-USD	2020-12-10	573.116	559.02
Crypto	BTC-USD	2020-12-10	18546.55	18253.44
Crypto	ETH-USD	2020-12-11	559.17	544.93
Crypto	BTC-USD	2020-12-11	18252.05	18031.5
Crypto	ETH-USD	2020-12-12	544.51	567.947
Crypto	BTC-USD	2020-12-12	18031.23	18821.28
Crypto	ETH-USD	2020-12-13	568.07	591.1
Crypto	BTC-USD	2020-12-13	18814.4	19166.65
Crypto	ETH-USD	2020-12-14	590.45	586.39
Crypto	BTC-USD	2020-12-14	19166.65	19272.37
Crypto	ETH-USD	2020-12-15	586.4	588.636
Crypto	BTC-USD	2020-12-15	19275.32	19444.6
Crypto	ETH-USD	2020-12-16	589.08	637.155
Crypto	BTC-USD	2020-12-16	19443.19	21360.98
Crypto	ETH-USD	2020-12-17	636.16	641.74
Crypto	BTC-USD	2020-12-17	21360.5	22826.48
Crypto	ETH-USD	2020-12-18	643.26	654.19
Crypto	BTC-USD	2020-12-18	22829.9	23137.76
Crypto	ETH-USD	2020-12-19	654.66	658.96
Crypto	BTC-USD	2020-12-19	23124	23849.99
Crypto	ETH-USD	2020-12-20	658.8	638.089
Crypto	BTC-USD	2020-12-20	23801	23476.51
Crypto	ETH-USD	2020-12-21	638.19	608.07
Crypto	BTC-USD	2020-12-21	23470.85	22729.4
Crypto	ETH-USD	2020-12-22	608.29	637.46
Crypto	BTC-USD	2020-12-22	22712.281776	23823.27
Crypto	ETH-USD	2020-12-23	637.46	585.5
Crypto	BTC-USD	2020-12-23	23824.13	23228.35
Crypto	ETH-USD	2020-12-24	585.37	612.27
Crypto	BTC-USD	2020-12-24	23226.18	23717.96
Crypto	ETH-USD	2020-12-25	612.25	626.75
Crypto	BTC-USD	2020-12-25	23743.467132	24720.828876
Crypto	ETH-USD	2020-12-26	626.71	637.217
Crypto	BTC-USD	2020-12-26	24720.0882	26475.35
Crypto	ETH-USD	2020-12-27	636.85	684.12
Crypto	BTC-USD	2020-12-27	26482.65	26258.65
Crypto	ETH-USD	2020-12-28	684.34	729.7
Crypto	BTC-USD	2020-12-28	26255.16	27053
Crypto	ETH-USD	2020-12-29	729.65	731.84
Crypto	BTC-USD	2020-12-29	27039.39	27366.35
Crypto	ETH-USD	2020-12-30	731.79	752.5
Crypto	BTC-USD	2020-12-30	27376.2	28897.42
Crypto	ETH-USD	2020-12-31	752.54	737.67
Crypto	BTC-USD	2020-12-31	28887	28921.7
Crypto	ETH-USD	2021-01-01	737.89	730.85
Crypto	BTC-USD	2021-01-01	28939	29412.84
Crypto	ETH-USD	2021-01-02	730.97	775.3
Crypto	BTC-USD	2021-01-02	29410.77	32225.91
Crypto	ETH-USD	2021-01-03	774.82	980.44
Crypto	BTC-USD	2021-01-03	32185	33080.66
Crypto	ETH-USD	2021-01-04	976.32	1042.38
Crypto	BTC-USD	2021-01-04	32990	32016.09
Crypto	ETH-USD	2021-01-05	1042.24	1098.732
Crypto	BTC-USD	2021-01-05	32020.22	34030.64
Crypto	ETH-USD	2021-01-06	1102.97	1208.093
Crypto	BTC-USD	2021-01-06	34043.91	36859.26
Crypto	ETH-USD	2021-01-07	1209.4	1227.07
Crypto	BTC-USD	2021-01-07	36791	39505.56
Crypto	ETH-USD	2021-01-08	1227.55	1217.35
Crypto	BTC-USD	2021-01-08	39510.59	40562.42
Crypto	ETH-USD	2021-01-09	1217.31	1281.45
Crypto	BTC-USD	2021-01-09	40682.76	40257.43
Crypto	ETH-USD	2021-01-10	1281.25	1255.13
Crypto	BTC-USD	2021-01-10	40239.06	38200
Crypto	ETH-USD	2021-01-11	1255.1	1088.79
Crypto	BTC-USD	2021-01-11	38144	35371.58
Crypto	ETH-USD	2021-01-12	1088.55	1049.8
Crypto	BTC-USD	2021-01-12	35449.71	34038.98
Crypto	ETH-USD	2021-01-13	1050.46	1130.8
Crypto	BTC-USD	2021-01-13	34041.65	37390.1
Crypto	ETH-USD	2021-01-14	1130.79	1231.32
Crypto	BTC-USD	2021-01-14	37393.49	39125.14
Crypto	ETH-USD	2021-01-15	1231.59	1168.16
Crypto	BTC-USD	2021-01-15	39125.94	36754.67
Crypto	ETH-USD	2021-01-16	1169.04	1227.14
Crypto	BTC-USD	2021-01-16	36754.6	36006.94
Crypto	ETH-USD	2021-01-17	1227.76	1233
Crypto	BTC-USD	2021-01-17	36004.8	35820
Crypto	ETH-USD	2021-01-18	1232.6	1261
Crypto	BTC-USD	2021-01-18	35820.01	36624.23
Crypto	ETH-USD	2021-01-19	1258.64	1367.38843092
Crypto	BTC-USD	2021-01-19	36624.23	35917.28
Crypto	ETH-USD	2021-01-20	1367.64	1377.04
Crypto	BTC-USD	2021-01-20	35883.77	35503.09
Crypto	ETH-USD	2021-01-21	1377.15	1110.62
Crypto	BTC-USD	2021-01-21	35498.85	30855.95
Crypto	ETH-USD	2021-01-22	1110.48	1233.6
Crypto	BTC-USD	2021-01-22	30890.60960271	32984.93
Crypto	ETH-USD	2021-01-23	1233.42	1233.678
Crypto	BTC-USD	2021-01-23	32988.91	32112.01
Crypto	ETH-USD	2021-01-24	1234.47	1394
Crypto	BTC-USD	2021-01-24	32098.38	32320
Crypto	ETH-USD	2021-01-25	1394.04	1317.97
Crypto	BTC-USD	2021-01-25	32293.18	32261.87
Crypto	ETH-USD	2021-01-26	1317.4	1367.68
Crypto	BTC-USD	2021-01-26	32268.95	32510.82
Crypto	ETH-USD	2021-01-27	1366.9	1240.66
Crypto	BTC-USD	2021-01-27	32510.82	30420.597358
Crypto	ETH-USD	2021-01-28	1241.78	1328.6
Crypto	BTC-USD	2021-01-28	30422.6	33488.99
Crypto	ETH-USD	2021-01-29	1333.61	1379.38
Crypto	BTC-USD	2021-01-29	33487.92	34262.11
Crypto	ETH-USD	2021-01-30	1379.38	1380
Crypto	BTC-USD	2021-01-30	34265.71	34341
Crypto	ETH-USD	2021-01-31	1380	1313.94
Crypto	BTC-USD	2021-01-31	34315.63	33137.74
Crypto	ETH-USD	2021-02-01	1313.95	1374.6
Crypto	BTC-USD	2021-02-01	33137.75	33533.9
Crypto	ETH-USD	2021-02-02	1374.89	1513.67
Crypto	BTC-USD	2021-02-02	33534.39	35577
Crypto	ETH-USD	2021-02-03	1513.86	1667.78
Crypto	BTC-USD	2021-02-03	35500	37667
Crypto	ETH-USD	2021-02-04	1668.71	1595.1
Crypto	BTC-USD	2021-02-04	37688.42	36975
Crypto	ETH-USD	2021-02-05	1597.34	1721.06
Crypto	BTC-USD	2021-02-05	36975.8	38311.49
Crypto	ETH-USD	2021-02-06	1721.06	1679.77
Crypto	BTC-USD	2021-02-06	38320	39191.46
Crypto	ETH-USD	2021-02-07	1679.76	1615.32
Crypto	BTC-USD	2021-02-07	39257	38871.42
Crypto	ETH-USD	2021-02-08	1615.51	1752.98
Crypto	BTC-USD	2021-02-08	38867.1	46444
Crypto	ETH-USD	2021-02-09	1752.98	1772.16
Crypto	BTC-USD	2021-02-09	46444	46514.73
Crypto	ETH-USD	2021-02-10	1771.78	1742.4
Crypto	BTC-USD	2021-02-10	46515.89	44850
Crypto	ETH-USD	2021-02-11	1742.51	1787.32
Crypto	BTC-USD	2021-02-11	44850	48008
Crypto	ETH-USD	2021-02-12	1787.33	1845.3
Crypto	BTC-USD	2021-02-12	47993.6	47408.34
Crypto	ETH-USD	2021-02-13	1844.78	1818.01
Crypto	BTC-USD	2021-02-13	47424.25	47233.56
Crypto	ETH-USD	2021-02-14	1817.85	1803.75
Crypto	BTC-USD	2021-02-14	47240.75	48680.69
Crypto	ETH-USD	2021-02-15	1803.25	1779.62
Crypto	BTC-USD	2021-02-15	48655.4	47906
Crypto	ETH-USD	2021-02-16	1780.59	1781.97
Crypto	BTC-USD	2021-02-16	47904.42	49158.71
Crypto	ETH-USD	2021-02-17	1782.14	1848.7
Crypto	BTC-USD	2021-02-17	49136.7	52170.01
Crypto	ETH-USD	2021-02-18	1848.7	1937.5
Crypto	BTC-USD	2021-02-18	52141.23	51566
Crypto	ETH-USD	2021-02-19	1939.64	1957.68
Crypto	BTC-USD	2021-02-19	51596	55903.52
Crypto	ETH-USD	2021-02-20	1957.9	1915.46
Crypto	BTC-USD	2021-02-20	55866	55923.52
Crypto	ETH-USD	2021-02-21	1915	1935.57
Crypto	BTC-USD	2021-02-21	55921.44	57489.16
Crypto	ETH-USD	2021-02-22	1935.67	1778.65
Crypto	BTC-USD	2021-02-22	57489.16	54096
Crypto	ETH-USD	2021-02-23	1778.33	1577.83
Crypto	BTC-USD	2021-02-23	54173.64	48899.99
Crypto	ETH-USD	2021-02-24	1576.6	1625.3
Crypto	BTC-USD	2021-02-24	48899.99	49737.82
Crypto	ETH-USD	2021-02-25	1625.27	1481.68
Crypto	BTC-USD	2021-02-25	49715.13	47061.5
Crypto	ETH-USD	2021-02-26	1485.3	1445.18
Crypto	BTC-USD	2021-02-26	47052.15	46326.2
Crypto	ETH-USD	2021-02-27	1445.21	1460.57
Crypto	BTC-USD	2021-02-27	46324.15	46180.75
Crypto	ETH-USD	2021-02-28	1460.49	1414.904
Crypto	BTC-USD	2021-02-28	46169.92	45231.75
Crypto	ETH-USD	2021-03-01	1424.4	1569.8
Crypto	BTC-USD	2021-03-01	45231.74	49580
Crypto	ETH-USD	2021-03-02	1571.87	1488.34
Crypto	BTC-USD	2021-03-02	49635.3	48511.6
Crypto	ETH-USD	2021-03-03	1488.34	1566.41
Crypto	BTC-USD	2021-03-03	48502.18	50400
Crypto	ETH-USD	2021-03-04	1567.9	1539.19
Crypto	BTC-USD	2021-03-04	50370.33	48330
Crypto	ETH-USD	2021-03-05	1539.53	1529.05
Crypto	BTC-USD	2021-03-05	48370.97	48769.47
Crypto	ETH-USD	2021-03-06	1528.82	1650.6
Crypto	BTC-USD	2021-03-06	48766.01	48907.77
Crypto	ETH-USD	2021-03-07	1651.08	1728.22
Crypto	BTC-USD	2021-03-07	48909.84	50952.19
Crypto	ETH-USD	2021-03-08	1727.95	1833.68
Crypto	BTC-USD	2021-03-08	50976.22	52415.23
Crypto	ETH-USD	2021-03-09	1833.4	1871.99
Crypto	BTC-USD	2021-03-09	52399	54920.13
Crypto	ETH-USD	2021-03-10	1873	1795.37
Crypto	BTC-USD	2021-03-10	54955.30786704	55985
Crypto	ETH-USD	2021-03-11	1795.55	1824.128
Crypto	BTC-USD	2021-03-11	55918.09	57815.47
Crypto	ETH-USD	2021-03-12	1827.54	1767.35
Crypto	BTC-USD	2021-03-12	57807	57234
Crypto	ETH-USD	2021-03-13	1766.76	1921.5
Crypto	BTC-USD	2021-03-13	57220.84	61202.887014
Crypto	ETH-USD	2021-03-14	1922.467	1847.96830749
Crypto	BTC-USD	2021-03-14	61184.67	59000
Crypto	ETH-USD	2021-03-15	1848.56	1796
Crypto	BTC-USD	2021-03-15	58972.71	55636.15
Crypto	ETH-USD	2021-03-16	1796.8	1805
Crypto	BTC-USD	2021-03-16	55616.42	56900.79
Crypto	ETH-USD	2021-03-17	1805.7	1824.74
Crypto	BTC-USD	2021-03-17	56908.35	58925.54
Crypto	ETH-USD	2021-03-18	1821.8524069	1776.4
Crypto	BTC-USD	2021-03-18	58867	57644.95
Crypto	ETH-USD	2021-03-19	1776.4	1808.269
Crypto	BTC-USD	2021-03-19	57642	58039.66
Crypto	ETH-USD	2021-03-20	1808.95	1806.47
Crypto	BTC-USD	2021-03-20	58049	58116.7
Crypto	ETH-USD	2021-03-21	1806.02	1784
Crypto	BTC-USD	2021-03-21	58126.34	57363.32
Crypto	ETH-USD	2021-03-22	1784.12	1681.02
Crypto	BTC-USD	2021-03-22	57377.29	54110.07
Crypto	ETH-USD	2021-03-23	1682	1668.38
Crypto	BTC-USD	2021-03-23	54120.45	54351.88
Crypto	ETH-USD	2021-03-24	1668.4	1585.8
Crypto	BTC-USD	2021-03-24	54333.27	52276.16
Crypto	ETH-USD	2021-03-25	1585.8	1587.08
Crypto	BTC-USD	2021-03-25	52222.16	51325.01
Crypto	ETH-USD	2021-03-26	1587	1700.1
Crypto	BTC-USD	2021-03-26	51320.76	54993
Crypto	ETH-USD	2021-03-27	1699.97	1713.88
Crypto	BTC-USD	2021-03-27	54975	55856.53
Crypto	ETH-USD	2021-03-28	1713.8	1687.2
Crypto	BTC-USD	2021-03-28	55856.54	55778.82
Crypto	ETH-USD	2021-03-29	1686.92	1815.73
Crypto	BTC-USD	2021-03-29	55781.22	57609.4
Crypto	ETH-USD	2021-03-30	1818.2	1841.16
Crypto	BTC-USD	2021-03-30	57613.76	58786.46
Crypto	ETH-USD	2021-03-31	1841.03	1920
Crypto	BTC-USD	2021-03-31	58781.1	58800
Crypto	ETH-USD	2021-04-01	1919.3	1968.38
Crypto	BTC-USD	2021-04-01	58800.01	58726.48
Crypto	ETH-USD	2021-04-02	1968.46	2133.1
Crypto	BTC-USD	2021-04-02	58726.47	58981.04
Crypto	ETH-USD	2021-04-03	2134.38	2008.551
Crypto	BTC-USD	2021-04-03	58981.04	57094.34
Crypto	ETH-USD	2021-04-04	2007.75	2077.4
Crypto	BTC-USD	2021-04-04	57094.34	58215.94
Crypto	ETH-USD	2021-04-05	2076.31	2106.98
Crypto	BTC-USD	2021-04-05	58216.73	59145
Crypto	ETH-USD	2021-04-06	2107.45	2112.39
Crypto	BTC-USD	2021-04-06	59135.36	58019.98
Crypto	ETH-USD	2021-04-07	2112.59	1964.4
Crypto	BTC-USD	2021-04-07	58024.9	55955.74
Crypto	ETH-USD	2021-04-08	1963.44	2081.29
Crypto	BTC-USD	2021-04-08	55962.67	58083.1
Crypto	ETH-USD	2021-04-09	2080.93	2066.02
Crypto	BTC-USD	2021-04-09	58066.18	58092.68
Crypto	ETH-USD	2021-04-10	2066.5	2136.1
Crypto	BTC-USD	2021-04-10	58092.68	59778.6
Crypto	ETH-USD	2021-04-11	2133.07	2150.54
Crypto	BTC-USD	2021-04-11	59824	59985.26
Crypto	ETH-USD	2021-04-12	2150.54	2138.748
Crypto	BTC-USD	2021-04-12	60033	59839.82
Crypto	ETH-USD	2021-04-13	2138.17297369	2299.92
Crypto	BTC-USD	2021-04-13	59836.88	63587.2
Crypto	ETH-USD	2021-04-14	2296.7	2429.9
Crypto	BTC-USD	2021-04-14	63519	62971.8
Crypto	ETH-USD	2021-04-15	2432.12	2516.4
Crypto	BTC-USD	2021-04-15	62909	63229.04
Crypto	ETH-USD	2021-04-16	2517.14	2426.64
Crypto	BTC-USD	2021-04-16	63229.04	61322
Crypto	ETH-USD	2021-04-17	2421.9	2318.76
Crypto	BTC-USD	2021-04-17	61451.85	60085.2
Crypto	ETH-USD	2021-04-18	2319.15	2241.46
Crypto	BTC-USD	2021-04-18	60048.82	56172
Crypto	ETH-USD	2021-04-19	2241.67	2160.427
Crypto	BTC-USD	2021-04-19	56238.6	55630
Crypto	ETH-USD	2021-04-20	2163.69	2332.6
Crypto	BTC-USD	2021-04-20	55699.25	56499.29
Crypto	ETH-USD	2021-04-21	2332.18	2357.73
Crypto	BTC-USD	2021-04-21	56472	53781.2082033
Crypto	ETH-USD	2021-04-22	2357.74	2401.22
Crypto	BTC-USD	2021-04-22	53823.48	51701.59
Crypto	ETH-USD	2021-04-23	2399.21	2370.05
Crypto	BTC-USD	2021-04-23	51695.98	51187.27
Crypto	ETH-USD	2021-04-24	2369.07	2216.72
Crypto	BTC-USD	2021-04-24	51177.77	50089.14
Crypto	ETH-USD	2021-04-25	2215.94	2319.394
Crypto	BTC-USD	2021-04-25	50101.42	49121
Crypto	ETH-USD	2021-04-26	2322.09	2534
Crypto	BTC-USD	2021-04-26	49121	54053.22
Crypto	ETH-USD	2021-04-27	2533.99	2667.86
Crypto	BTC-USD	2021-04-27	54094	55069.62
Crypto	ETH-USD	2021-04-28	2665.7	2748.5
Crypto	BTC-USD	2021-04-28	55077.4	54894.03
Crypto	ETH-USD	2021-04-29	2751.56	2758.92
Crypto	BTC-USD	2021-04-29	54861	53580
Crypto	ETH-USD	2021-04-30	2759.66	2776.45
Crypto	BTC-USD	2021-04-30	53580	57630
Crypto	ETH-USD	2021-05-01	2769.9	2945.171
Crypto	BTC-USD	2021-05-01	57798.77	57859.28
Crypto	ETH-USD	2021-05-02	2948.92	2952.09
Crypto	BTC-USD	2021-05-02	57774	56628.6
Crypto	ETH-USD	2021-05-03	2952.21	3433.99
Crypto	BTC-USD	2021-05-03	56625.21	57212.73
Crypto	ETH-USD	2021-05-04	3431.6	3240.01
Crypto	BTC-USD	2021-05-04	57227.64	53238.99
Crypto	ETH-USD	2021-05-05	3239.61	3529.97
Crypto	BTC-USD	2021-05-05	53221.75	57515.69
Crypto	ETH-USD	2021-05-06	3524.7	3492.75
Crypto	BTC-USD	2021-05-06	57494.2	56440.66
Crypto	ETH-USD	2021-05-07	3492.33	3484.7
Crypto	BTC-USD	2021-05-07	56444.82	57380.39
Crypto	ETH-USD	2021-05-08	3484.69	3917.25
Crypto	BTC-USD	2021-05-08	57371.02	58958.05
Crypto	ETH-USD	2021-05-09	3910.90415771	3928.44
Crypto	BTC-USD	2021-05-09	58951.5	58312.57
Crypto	ETH-USD	2021-05-10	3928.41	3949.45
Crypto	BTC-USD	2021-05-10	58325.61	55866.41
Crypto	ETH-USD	2021-05-11	3949.45	4179.76
Crypto	BTC-USD	2021-05-11	55854.43	56753.19
Crypto	ETH-USD	2021-05-12	4179.77	3826.37
Crypto	BTC-USD	2021-05-12	56683.65	49498.77
Crypto	ETH-USD	2021-05-13	3800.19	3719.23
Crypto	BTC-USD	2021-05-13	49529.48	49690.11
Crypto	ETH-USD	2021-05-14	3719.22	4080.51
Crypto	BTC-USD	2021-05-14	49711.64	49893.48
Crypto	ETH-USD	2021-05-15	4080.51	3649.54
Crypto	BTC-USD	2021-05-15	49835.98	46771.09
Crypto	ETH-USD	2021-05-16	3648.16	3585.62
Crypto	BTC-USD	2021-05-16	46771.01	46450.79
Crypto	ETH-USD	2021-05-17	3584.79	3283.29
Crypto	BTC-USD	2021-05-17	46450.78	43580.5
Crypto	ETH-USD	2021-05-18	3283.32	3375.96
Crypto	BTC-USD	2021-05-18	43580.48	42877.75
Crypto	ETH-USD	2021-05-19	3378.6	2441.6
Crypto	BTC-USD	2021-05-19	42865.05	36742.3
Crypto	ETH-USD	2021-05-20	2448.59	2775.07
Crypto	BTC-USD	2021-05-20	36793.39	40623.33
Crypto	ETH-USD	2021-05-21	2775.06	2439.8
Crypto	BTC-USD	2021-05-21	40623.24	37391.27112492
Crypto	ETH-USD	2021-05-22	2439.8	2292.814
Crypto	BTC-USD	2021-05-22	37379	37476.83
Crypto	ETH-USD	2021-05-23	2293.999	2097.6
Crypto	BTC-USD	2021-05-23	37575	34672.64
Crypto	ETH-USD	2021-05-24	2100.07	2651.24
Crypto	BTC-USD	2021-05-24	34735.35	38845
Crypto	ETH-USD	2021-05-25	2647.7	2707.9
Crypto	BTC-USD	2021-05-25	38848.36	38361.81
Crypto	ETH-USD	2021-05-26	2707.75	2889.61
Crypto	BTC-USD	2021-05-26	38361.81	39293.23
Crypto	ETH-USD	2021-05-27	2889.43	2745.51
Crypto	BTC-USD	2021-05-27	39293.23	38556.88
Crypto	ETH-USD	2021-05-28	2745.25	2413.27
Crypto	BTC-USD	2021-05-28	38556.88	35680.47
Crypto	ETH-USD	2021-05-29	2413.28	2272.7
Crypto	BTC-USD	2021-05-29	35680.48	34627.82
Crypto	ETH-USD	2021-05-30	2272.7	2387.66
Crypto	BTC-USD	2021-05-30	34644.09	35669.44
Crypto	ETH-USD	2021-05-31	2387.65	2705.39785315
Crypto	BTC-USD	2021-05-31	35669.44	37279.31
Crypto	ETH-USD	2021-06-01	2707.87	2634.42
Crypto	BTC-USD	2021-06-01	37276.24	36685
Crypto	ETH-USD	2021-06-02	2634.46	2706.64
Crypto	BTC-USD	2021-06-02	36684.99	37581.82
Crypto	ETH-USD	2021-06-03	2706.87	2856.68
Crypto	BTC-USD	2021-06-03	37581.83	39226
Crypto	ETH-USD	2021-06-04	2856.73	2690.68
Crypto	BTC-USD	2021-06-04	39225.5146501	36856.52
Crypto	ETH-USD	2021-06-05	2691.13	2629.75
Crypto	BTC-USD	2021-06-05	36856.53	35534.6
Crypto	ETH-USD	2021-06-06	2629.45	2710.97
Crypto	BTC-USD	2021-06-06	35539.83	35800.48
Crypto	ETH-USD	2021-06-07	2710.97	2592.47
Crypto	BTC-USD	2021-06-07	35798.8	33575.91
Crypto	ETH-USD	2021-06-08	2592.48	2509.11
Crypto	BTC-USD	2021-06-08	33567.51	33402.13
Crypto	ETH-USD	2021-06-09	2509.1	2611.27
Crypto	BTC-USD	2021-06-09	33402.13	37366.29695482
Crypto	ETH-USD	2021-06-10	2611.71	2471.59
Crypto	BTC-USD	2021-06-10	37404.75	36691.37
Crypto	ETH-USD	2021-06-11	2471.59	2355.27
Crypto	BTC-USD	2021-06-11	36680	37339.12
Crypto	ETH-USD	2021-06-12	2354.64	2371.2
Crypto	BTC-USD	2021-06-12	37341.7	35554.03
Crypto	ETH-USD	2021-06-13	2371.85	2508.49058317
Crypto	BTC-USD	2021-06-13	35563.66	38998.89297611
Crypto	ETH-USD	2021-06-14	2510.22	2582.86
Crypto	BTC-USD	2021-06-14	38998.89297611	40539.47
Crypto	ETH-USD	2021-06-15	2582.45	2543.58
Crypto	BTC-USD	2021-06-15	40539.83	40162.37
Crypto	ETH-USD	2021-06-16	2543.57	2368
Crypto	BTC-USD	2021-06-16	40143	38334
Crypto	ETH-USD	2021-06-17	2368.24	2373.29
Crypto	BTC-USD	2021-06-17	38351	38073
Crypto	ETH-USD	2021-06-18	2373.8	2234.5
Crypto	BTC-USD	2021-06-18	38074	35845
Crypto	ETH-USD	2021-06-19	2234.8	2166.27
Crypto	BTC-USD	2021-06-19	35856.05095893	35570
Crypto	ETH-USD	2021-06-20	2166.26	2246.8385046
Crypto	BTC-USD	2021-06-20	35484.8	35585.78
Crypto	ETH-USD	2021-06-21	2242.89	1885.67
Crypto	BTC-USD	2021-06-21	35585.79	31609.82
Crypto	ETH-USD	2021-06-22	1885.49	1881.65
Crypto	BTC-USD	2021-06-22	31609.82	32538.36
Crypto	ETH-USD	2021-06-23	1883.6	1968.37
Crypto	BTC-USD	2021-06-23	32547.57	33688.35
Crypto	ETH-USD	2021-06-24	1968.36	1988.81
Crypto	BTC-USD	2021-06-24	33688.51	34665
Crypto	ETH-USD	2021-06-25	1988.81	1809.07
Crypto	BTC-USD	2021-06-25	34654.87	31594.63
Crypto	ETH-USD	2021-06-26	1809.07	1830.01
Crypto	BTC-USD	2021-06-26	31577.3	32355.66423628
Crypto	ETH-USD	2021-06-27	1829	1984.71
Crypto	BTC-USD	2021-06-27	32275.9	34675.3
Crypto	ETH-USD	2021-06-28	1984.84	2083.98
Crypto	BTC-USD	2021-06-28	34743	34493.22
Crypto	ETH-USD	2021-06-29	2084.16	2166.18
Crypto	BTC-USD	2021-06-29	34493.22	35922.41743186
Crypto	ETH-USD	2021-06-30	2165.64	2276.72
Crypto	BTC-USD	2021-06-30	35906.17	35060
Crypto	ETH-USD	2021-07-01	2275.5	2107.01
Crypto	BTC-USD	2021-07-01	35060	33516.11
Crypto	ETH-USD	2021-07-02	2106.91	2156
Crypto	BTC-USD	2021-07-02	33537.11	33805.02
Crypto	ETH-USD	2021-07-03	2156	2226.94
Crypto	BTC-USD	2021-07-03	33805	34688.3
Crypto	ETH-USD	2021-07-04	2227.46	2323.15
Crypto	BTC-USD	2021-07-04	34685.03	35284.05
Crypto	ETH-USD	2021-07-05	2323.27	2195.20588584
Crypto	BTC-USD	2021-07-05	35284.06	33697.78
Crypto	ETH-USD	2021-07-06	2197.34	2321.84
Crypto	BTC-USD	2021-07-06	33697.78	34225.73
Crypto	ETH-USD	2021-07-07	2322.2	2316.83
Crypto	BTC-USD	2021-07-07	34218.54	33885.1
Crypto	ETH-USD	2021-07-08	2317.64	2116.95
Crypto	BTC-USD	2021-07-08	33879.5	32882.2
Crypto	ETH-USD	2021-07-09	2115.61	2147.38
Crypto	BTC-USD	2021-07-09	32875.95	33824.26
Crypto	ETH-USD	2021-07-10	2147.38	2110.55
Crypto	BTC-USD	2021-07-10	33768	33515.35
Crypto	ETH-USD	2021-07-11	2110.56	2139.6
Crypto	BTC-USD	2021-07-11	33515.35	34246.9
Crypto	ETH-USD	2021-07-12	2140	2030.72
Crypto	BTC-USD	2021-07-12	34246.9	33078
Crypto	ETH-USD	2021-07-13	2030.74	1940.38
Crypto	BTC-USD	2021-07-13	33077.43	32734.14
Crypto	ETH-USD	2021-07-14	1940.3	1994.11
Crypto	BTC-USD	2021-07-14	32729	32816.39
Crypto	ETH-USD	2021-07-15	1994.9	1918.06
Crypto	BTC-USD	2021-07-15	32821	31890
Crypto	ETH-USD	2021-07-16	1919.7675586	1877.22
Crypto	BTC-USD	2021-07-16	31872.49	31388.06
Crypto	ETH-USD	2021-07-17	1877.22	1899.75
Crypto	BTC-USD	2021-07-17	31389.57	31533.91
Crypto	ETH-USD	2021-07-18	1899.75	1891.46
Crypto	BTC-USD	2021-07-18	31533.9	31788.25
Crypto	ETH-USD	2021-07-19	1891.46	1818.44
Crypto	BTC-USD	2021-07-19	31786.37	30842.03
Crypto	ETH-USD	2021-07-20	1818.45	1786.61
Crypto	BTC-USD	2021-07-20	30842.04	29796.16
Crypto	ETH-USD	2021-07-21	1785.35	1995.82
Crypto	BTC-USD	2021-07-21	29796.15	32154
Crypto	ETH-USD	2021-07-22	1996.43	2024.75
Crypto	BTC-USD	2021-07-22	32154.68	32287.74
Crypto	ETH-USD	2021-07-23	2024.75	2125.52
Crypto	BTC-USD	2021-07-23	32287.75	33647.26
Crypto	ETH-USD	2021-07-24	2125.82	2185.95
Crypto	BTC-USD	2021-07-24	33650	34283.01
Crypto	ETH-USD	2021-07-25	2186.76	2193.95
Crypto	BTC-USD	2021-07-25	34291.67	35428.26
Crypto	ETH-USD	2021-07-26	2192.38	2228.7
Crypto	BTC-USD	2021-07-26	35428.25	37262.77
Crypto	ETH-USD	2021-07-27	2228.71	2300.6
Crypto	BTC-USD	2021-07-27	37265.93349564	39500
Crypto	ETH-USD	2021-07-28	2300.28	2300.42
Crypto	BTC-USD	2021-07-28	39490	40035.1
Crypto	ETH-USD	2021-07-29	2300.76	2383.32
Crypto	BTC-USD	2021-07-29	40030.65	40000
Crypto	ETH-USD	2021-07-30	2384.17	2463.82
Crypto	BTC-USD	2021-07-30	40039.44	42214.50801313
Crypto	ETH-USD	2021-07-31	2462.9	2533.74
Crypto	BTC-USD	2021-07-31	42236.72	41488.5
Crypto	ETH-USD	2021-08-01	2533.54	2557.3
Crypto	BTC-USD	2021-08-01	41489.16	39865.41
Crypto	ETH-USD	2021-08-02	2557.3	2609.6
Crypto	BTC-USD	2021-08-02	39851.22	39152.3
Crypto	ETH-USD	2021-08-03	2608.12	2508.31
Crypto	BTC-USD	2021-08-03	39152.6	38191.44
Crypto	ETH-USD	2021-08-04	2510	2724.71
Crypto	BTC-USD	2021-08-04	38189.4	39722.41
Crypto	ETH-USD	2021-08-05	2724.71	2829.35
Crypto	BTC-USD	2021-08-05	39732.14	40888.74
Crypto	ETH-USD	2021-08-06	2829.49	2892.98
Crypto	BTC-USD	2021-08-06	40888.73	42869.58
Crypto	ETH-USD	2021-08-07	2891.9	3163.09
Crypto	BTC-USD	2021-08-07	42853	44637.34
Crypto	ETH-USD	2021-08-08	3158	3012.95
Crypto	BTC-USD	2021-08-08	44626.62	43845.6
Crypto	ETH-USD	2021-08-09	3014.12	3162.34
Crypto	BTC-USD	2021-08-09	43833.04	46282.21851123
Crypto	ETH-USD	2021-08-10	3167	3142.09
Crypto	BTC-USD	2021-08-10	46280	45595.65
Crypto	ETH-USD	2021-08-11	3142.18	3163.3
Crypto	BTC-USD	2021-08-11	45602.44	45531
Crypto	ETH-USD	2021-08-12	3160.51	3047.21
Crypto	BTC-USD	2021-08-12	45534	44422.14
Crypto	ETH-USD	2021-08-13	3047.22	3324.51
Crypto	BTC-USD	2021-08-13	44413.85	47833.64
Crypto	ETH-USD	2021-08-14	3324.51	3266.52
Crypto	BTC-USD	2021-08-14	47836	47109.65
Crypto	ETH-USD	2021-08-15	3265.3	3310.93
Crypto	BTC-USD	2021-08-15	47109.64	47014.49
Crypto	ETH-USD	2021-08-16	3311.1	3146.6
Crypto	BTC-USD	2021-08-16	47014.38	45902.46
Crypto	ETH-USD	2021-08-17	3146.6	3011.01
Crypto	BTC-USD	2021-08-17	45903.23	44671.58
Crypto	ETH-USD	2021-08-18	3013.81	3014.37
Crypto	BTC-USD	2021-08-18	44675.34	44707.98
Crypto	ETH-USD	2021-08-19	3014.38	3184.67
Crypto	BTC-USD	2021-08-19	44709.1	46770.14
Crypto	ETH-USD	2021-08-20	3184.32	3286.58
Crypto	BTC-USD	2021-08-20	46769.02	49342.4
Crypto	ETH-USD	2021-08-21	3287.9	3226.73
Crypto	BTC-USD	2021-08-21	49349.99	48837
Crypto	ETH-USD	2021-08-22	3226.37	3241.42
Crypto	BTC-USD	2021-08-22	48883.84	49284.63
Crypto	ETH-USD	2021-08-23	3243.08	3323.12
Crypto	BTC-USD	2021-08-23	49284.38	49506.5
Crypto	ETH-USD	2021-08-24	3323.4	3171.53
Crypto	BTC-USD	2021-08-24	49523	47682.45
Crypto	ETH-USD	2021-08-25	3170.94	3228.51
Crypto	BTC-USD	2021-08-25	47683.32	48987.33
Crypto	ETH-USD	2021-08-26	3228.51	3092.74
Crypto	BTC-USD	2021-08-26	48992.29076835	46848.9
Crypto	ETH-USD	2021-08-27	3092.74	3275.92
Crypto	BTC-USD	2021-08-27	46851.47	49077.57
Crypto	ETH-USD	2021-08-28	3275.32	3247.99
Crypto	BTC-USD	2021-08-28	49081.08	48914
Crypto	ETH-USD	2021-08-29	3247.99	3226.46
Crypto	BTC-USD	2021-08-29	48942.89	48800
Crypto	ETH-USD	2021-08-30	3226.45	3229.01
Crypto	BTC-USD	2021-08-30	48802.58	46993.71
Crypto	ETH-USD	2021-08-31	3229.02	3430.23
Crypto	BTC-USD	2021-08-31	46996.8	47112.5
Crypto	ETH-USD	2021-09-01	3430	3827.2
Crypto	BTC-USD	2021-09-01	47110.33	48823
Crypto	ETH-USD	2021-09-02	3829.29	3787.97
Crypto	BTC-USD	2021-09-02	48834.27	49279.37
Crypto	ETH-USD	2021-09-03	3788.2	3940.06
Crypto	BTC-USD	2021-09-03	49279.38	50018.6
Crypto	ETH-USD	2021-09-04	3939.85	3887.53
Crypto	BTC-USD	2021-09-04	50025	49942.98
Crypto	ETH-USD	2021-09-05	3887.71	3952.17
Crypto	BTC-USD	2021-09-05	49944.89	51789.17
Crypto	ETH-USD	2021-09-06	3951.68	3928.89
Crypto	BTC-USD	2021-09-06	51768	52698.81
Crypto	ETH-USD	2021-09-07	3928.72	3432.33
Crypto	BTC-USD	2021-09-07	52672	46849
Crypto	ETH-USD	2021-09-08	3436.75	3500.2
Crypto	BTC-USD	2021-09-08	46854	46060.36
Crypto	ETH-USD	2021-09-09	3499.54	3424.95
Crypto	BTC-USD	2021-09-09	46059.94	46400
Crypto	ETH-USD	2021-09-10	3424.32	3209.82
Crypto	BTC-USD	2021-09-10	46394.38	44851.45
Crypto	ETH-USD	2021-09-11	3209.29	3266.77
Crypto	BTC-USD	2021-09-11	44851	45171.83
Crypto	ETH-USD	2021-09-12	3266.97	3404.9
Crypto	BTC-USD	2021-09-12	45173.66	46024.23
Crypto	ETH-USD	2021-09-13	3403.81	3286.2
Crypto	BTC-USD	2021-09-13	46039	44947.72
Crypto	ETH-USD	2021-09-14	3285.66	3436.29
Crypto	BTC-USD	2021-09-14	44958	47127.22
Crypto	ETH-USD	2021-09-15	3436.29	3615.65
Crypto	BTC-USD	2021-09-15	47127.81	48148.12
Crypto	ETH-USD	2021-09-16	3614.4	3568.66
Crypto	BTC-USD	2021-09-16	48137.76809977	47753.16
Crypto	ETH-USD	2021-09-17	3569.8	3400
Crypto	BTC-USD	2021-09-17	47753.15	47296
Crypto	ETH-USD	2021-09-18	3400.45	3435.83
Crypto	BTC-USD	2021-09-18	47296.15646179	48314.56
Crypto	ETH-USD	2021-09-19	3436.59	3328.59
Crypto	BTC-USD	2021-09-19	48309.04	47255.92
Crypto	ETH-USD	2021-09-20	3328.64271937	2976.48
Crypto	BTC-USD	2021-09-20	47257.86	43012.97
Crypto	ETH-USD	2021-09-21	2976.36	2765.69
Crypto	BTC-USD	2021-09-21	43025	40719.6
Crypto	ETH-USD	2021-09-22	2765.34	3078.43
Crypto	BTC-USD	2021-09-22	40736.81	43589.53
Crypto	ETH-USD	2021-09-23	3078.42	3154.62
Crypto	BTC-USD	2021-09-23	43575.19	44897.59
Crypto	ETH-USD	2021-09-24	3154.42	2930.61
Crypto	BTC-USD	2021-09-24	44896.55	42848.44
Crypto	ETH-USD	2021-09-25	2931.8	2924.01
Crypto	BTC-USD	2021-09-25	42861	42705.51
Crypto	ETH-USD	2021-09-26	2923.91	3060.71
Crypto	BTC-USD	2021-09-26	42704.71	43177.91
Crypto	ETH-USD	2021-09-27	3059.92	2926.26
Crypto	BTC-USD	2021-09-27	43172.16	42171.76
Crypto	ETH-USD	2021-09-28	2927.7	2805.65
Crypto	BTC-USD	2021-09-28	42166.31	41026.07
Crypto	ETH-USD	2021-09-29	2805.64	2850.14
Crypto	BTC-USD	2021-09-29	41046	41522.16
Crypto	ETH-USD	2021-09-30	2849.71	3000.46
Crypto	BTC-USD	2021-09-30	41519.11	43824.43
Crypto	ETH-USD	2021-10-01	3001.14	3311.16
Crypto	BTC-USD	2021-10-01	43828.89	48165.76
Crypto	ETH-USD	2021-10-02	3310.2	3387.81
Crypto	BTC-USD	2021-10-02	48185.61	47657.69
Crypto	ETH-USD	2021-10-03	3388.7	3420.07
Crypto	BTC-USD	2021-10-03	47649	48233.99
Crypto	ETH-USD	2021-10-04	3419.66566055	3387.2
Crypto	BTC-USD	2021-10-04	48233.99	49245.54
Crypto	ETH-USD	2021-10-05	3386.88	3515.7
Crypto	BTC-USD	2021-10-05	49244.13	51493.99
Crypto	ETH-USD	2021-10-06	3517.26	3575.85
Crypto	BTC-USD	2021-10-06	51509.27	55339.48
Crypto	ETH-USD	2021-10-07	3576.47	3587.3
Crypto	BTC-USD	2021-10-07	55346.95	53797.82
Crypto	ETH-USD	2021-10-08	3588.83	3563.95
Crypto	BTC-USD	2021-10-08	53816.16	53963.82
Crypto	ETH-USD	2021-10-09	3563.96	3575.83
Crypto	BTC-USD	2021-10-09	53965.18	54962.29
Crypto	ETH-USD	2021-10-10	3575.2	3415.01
Crypto	BTC-USD	2021-10-10	54963.29	54690.53
Crypto	ETH-USD	2021-10-11	3414.75	3543.07
Crypto	BTC-USD	2021-10-11	54679	57487.44
Crypto	ETH-USD	2021-10-12	3542.2	3490.61
Crypto	BTC-USD	2021-10-12	57470	56005.1
Crypto	ETH-USD	2021-10-13	3490.17	3608.21
Crypto	BTC-USD	2021-10-13	56005.1	57367.32
Crypto	ETH-USD	2021-10-14	3607.7	3791.66
Crypto	BTC-USD	2021-10-14	57367.32	57359.51
Crypto	ETH-USD	2021-10-15	3791.2	3869.73
Crypto	BTC-USD	2021-10-15	57359.51	61695.4
Crypto	ETH-USD	2021-10-16	3869.73	3829.66
Crypto	BTC-USD	2021-10-16	61690.32	60877.42
Crypto	ETH-USD	2021-10-17	3829.7	3847.18
Crypto	BTC-USD	2021-10-17	60867.05	61527.11
Crypto	ETH-USD	2021-10-18	3847.38	3745.48
Crypto	BTC-USD	2021-10-18	61530.07	62042.41
Crypto	ETH-USD	2021-10-19	3745.9	3878.17
Crypto	BTC-USD	2021-10-19	62042.4	64303.14
Crypto	ETH-USD	2021-10-20	3878.35	4161.94
Crypto	BTC-USD	2021-10-20	64263.93176072	66026.54
Crypto	ETH-USD	2021-10-21	4164.61	4053.9
Crypto	BTC-USD	2021-10-21	66021.26	62204.02
Crypto	ETH-USD	2021-10-22	4053.97	3972.9
Crypto	BTC-USD	2021-10-22	62204.01	60687.64
Crypto	ETH-USD	2021-10-23	3971.89	4168.56
Crypto	BTC-USD	2021-10-23	60682.88	61296.9
Crypto	ETH-USD	2021-10-24	4167.7	4082.64
Crypto	BTC-USD	2021-10-24	61300.02	60854.48
Crypto	ETH-USD	2021-10-25	4080.1	4220.93
Crypto	BTC-USD	2021-10-25	60847.91	63083.54
Crypto	ETH-USD	2021-10-26	4221.16	4128
Crypto	BTC-USD	2021-10-26	63081.96	60337.62
Crypto	ETH-USD	2021-10-27	4127.9	3922.5
Crypto	BTC-USD	2021-10-27	60285	58455.47
Crypto	ETH-USD	2021-10-28	3925.26	4288.26
Crypto	BTC-USD	2021-10-28	58471.06	60591.65
Crypto	ETH-USD	2021-10-29	4288.25	4416.36
Crypto	BTC-USD	2021-10-29	60579	62276.72
Crypto	ETH-USD	2021-10-30	4421.23	4322.9
Crypto	BTC-USD	2021-10-30	62264	61892.41
Crypto	ETH-USD	2021-10-31	4325.55	4290.19
Crypto	BTC-USD	2021-10-31	61896.76	61343.69
Crypto	ETH-USD	2021-11-01	4290.31	4322.89
Crypto	BTC-USD	2021-11-01	61346.17	60949.54
Crypto	ETH-USD	2021-11-02	4322.89	4594.27
Crypto	BTC-USD	2021-11-02	60956.4	63266.51
Crypto	ETH-USD	2021-11-03	4594.99	4606.07
Crypto	BTC-USD	2021-11-03	63249	62935.41
Crypto	ETH-USD	2021-11-04	4606.07	4537.15
Crypto	BTC-USD	2021-11-04	62893	61444.5
Crypto	ETH-USD	2021-11-05	4533.4750634	4479.47
Crypto	BTC-USD	2021-11-05	61410	61006.15
Crypto	ETH-USD	2021-11-06	4477.9	4523.16
Crypto	BTC-USD	2021-11-06	61006.14	61539.31
Crypto	ETH-USD	2021-11-07	4520.06033732	4617.02
Crypto	BTC-USD	2021-11-07	61542.43	63309.13
Crypto	ETH-USD	2021-11-08	4617.27	4811.9
Crypto	BTC-USD	2021-11-08	63300	67551.72
Crypto	ETH-USD	2021-11-09	4807.1	4731.59
Crypto	BTC-USD	2021-11-09	67554.13	66944.67
Crypto	ETH-USD	2021-11-10	4731.58	4632.22
Crypto	BTC-USD	2021-11-10	66928.42	64912.2
Crypto	ETH-USD	2021-11-11	4629.8	4721.88
Crypto	BTC-USD	2021-11-11	64919.18	64807.74
Crypto	ETH-USD	2021-11-12	4721.07	4667.34
Crypto	BTC-USD	2021-11-12	64807.73	64147.9
Crypto	ETH-USD	2021-11-13	4667.79	4644.44
Crypto	BTC-USD	2021-11-13	64144.42	64400.01
Crypto	ETH-USD	2021-11-14	4645.58	4627.03
Crypto	BTC-USD	2021-11-14	64403.43	65505.02
Crypto	ETH-USD	2021-11-15	4625.22211311	4565.06
Crypto	BTC-USD	2021-11-15	65509.87	63561
Crypto	ETH-USD	2021-11-16	4560.7	4209.5
Crypto	BTC-USD	2021-11-16	63621.05	60107.98
Crypto	ETH-USD	2021-11-17	4208.2	4289.4
Crypto	BTC-USD	2021-11-17	60069	60351.51
Crypto	ETH-USD	2021-11-18	4289.4	3998.24
Crypto	BTC-USD	2021-11-18	60354.56777918	56898
Crypto	ETH-USD	2021-11-19	3998.4	4299.55
Crypto	BTC-USD	2021-11-19	56898.46	58122.16
Crypto	ETH-USD	2021-11-20	4298.9	4416.69
Crypto	BTC-USD	2021-11-20	58122.15	59760.76
Crypto	ETH-USD	2021-11-21	4415.77421546	4262.99
Crypto	BTC-USD	2021-11-21	59760.76	58691
Crypto	ETH-USD	2021-11-22	4264.08	4089.16
Crypto	BTC-USD	2021-11-22	58681.76	56280.81
Crypto	ETH-USD	2021-11-23	4089.1	4341.62
Crypto	BTC-USD	2021-11-23	56280.81	57566.34
Crypto	ETH-USD	2021-11-24	4341.8	4270.74
Crypto	BTC-USD	2021-11-24	57562.65	57162.66
Crypto	ETH-USD	2021-11-25	4271.8	4527.3
Crypto	BTC-USD	2021-11-25	57157.92	59015.78236183
Crypto	ETH-USD	2021-11-26	4527.03	4043.67
Crypto	BTC-USD	2021-11-26	58994.72	53760.79
Crypto	ETH-USD	2021-11-27	4044.64	4098.31
Crypto	BTC-USD	2021-11-27	53757.67	54759.05
Crypto	ETH-USD	2021-11-28	4099.9	4298.38
Crypto	BTC-USD	2021-11-28	54751.95	57317.17
Crypto	ETH-USD	2021-11-29	4298.38	4449.42
Crypto	BTC-USD	2021-11-29	57329	57838.06
Crypto	ETH-USD	2021-11-30	4449.42	4630.31
Crypto	BTC-USD	2021-11-30	57843.33	56987.97
Crypto	ETH-USD	2021-12-01	4631.27	4586.95
Crypto	BTC-USD	2021-12-01	56998.35	57226.5
Crypto	ETH-USD	2021-12-02	4587.4	4514.59
Crypto	BTC-USD	2021-12-02	57226.51	56521.46
Crypto	ETH-USD	2021-12-03	4514.53	4216.93
Crypto	BTC-USD	2021-12-03	56521.45	53638.04
Crypto	ETH-USD	2021-12-04	4216.3	4123.13
Crypto	BTC-USD	2021-12-04	53685.47	49249
Crypto	ETH-USD	2021-12-05	4123.13	4203.22
Crypto	BTC-USD	2021-12-05	49240.81	49484.22
Crypto	ETH-USD	2021-12-06	4204.74	4354.22
Crypto	BTC-USD	2021-12-06	49484.21	50529.56
Crypto	ETH-USD	2021-12-07	4354.09	4310.18
Crypto	BTC-USD	2021-12-07	50529.56	50650.1
Crypto	ETH-USD	2021-12-08	4310.39	4440.5
Crypto	BTC-USD	2021-12-08	50624.46	50519.68
Crypto	ETH-USD	2021-12-09	4440.94	4106.06
Crypto	BTC-USD	2021-12-09	50520.94	47568.43
Crypto	ETH-USD	2021-12-10	4105.99	3902.9
Crypto	BTC-USD	2021-12-10	47568.41	47170.94
Crypto	ETH-USD	2021-12-11	3899.97	4088.8
Crypto	BTC-USD	2021-12-11	47170.94	49426
Crypto	ETH-USD	2021-12-12	4091.17	4132.92
Crypto	BTC-USD	2021-12-12	49420.51	50089.64
Crypto	ETH-USD	2021-12-13	4134.97838721	3783.8
Crypto	BTC-USD	2021-12-13	50089.64	46724.86
Crypto	ETH-USD	2021-12-14	3784	3860.74
Crypto	BTC-USD	2021-12-14	46727.89	48399
Crypto	ETH-USD	2021-12-15	3860.59	4021.53
Crypto	BTC-USD	2021-12-15	48355.72	48884.78
Crypto	ETH-USD	2021-12-16	4021.41	3957.28
Crypto	BTC-USD	2021-12-16	48876.84	47634.22
Crypto	ETH-USD	2021-12-17	3957	3876.02
Crypto	BTC-USD	2021-12-17	47634.2	46166.5
Crypto	ETH-USD	2021-12-18	3876.37	3961.92
Crypto	BTC-USD	2021-12-18	46163	46857.5
Crypto	ETH-USD	2021-12-19	3961.93	3925.79
Crypto	BTC-USD	2021-12-19	46857.49	46687.19
Crypto	ETH-USD	2021-12-20	3925.78	3946.16
Crypto	BTC-USD	2021-12-20	46687.2	46925.09
Crypto	ETH-USD	2021-12-21	3947.2	4017.02
Crypto	BTC-USD	2021-12-21	46926.07	48914.7
Crypto	ETH-USD	2021-12-22	4017.35	3981.12
Crypto	BTC-USD	2021-12-22	48914.7	48608.62
Crypto	ETH-USD	2021-12-23	3980.82	4113
Crypto	BTC-USD	2021-12-23	48608.61	50839
Crypto	ETH-USD	2021-12-24	4112.9	4049.65
Crypto	BTC-USD	2021-12-24	50850	50851.38
Crypto	ETH-USD	2021-12-25	4047.4	4097.43
Crypto	BTC-USD	2021-12-25	50857.42	50428.31
Crypto	ETH-USD	2021-12-26	4098.67	4065.91
Crypto	BTC-USD	2021-12-26	50435.06967051	50801.79
Crypto	ETH-USD	2021-12-27	4066.14	4038.65
Crypto	BTC-USD	2021-12-27	50804.33	50717.77
Crypto	ETH-USD	2021-12-28	4037.9	3793.67
Crypto	BTC-USD	2021-12-28	50720.35	47548.1
Crypto	ETH-USD	2021-12-29	3793.66	3630.59
Crypto	BTC-USD	2021-12-29	47556	46471.24
Crypto	ETH-USD	2021-12-30	3630.18	3710.02
Crypto	BTC-USD	2021-12-30	46464	47122.08
Crypto	ETH-USD	2021-12-31	3710.02	3675.8
Crypto	BTC-USD	2021-12-31	47148	46211.24
Crypto	ETH-USD	2022-01-01	3675.81	3765.99
Crypto	BTC-USD	2022-01-01	46211.24	47733.43
Crypto	ETH-USD	2022-01-02	3765.98	3828.87
Crypto	BTC-USD	2022-01-02	47746	47299.07
Crypto	ETH-USD	2022-01-03	3828.93	3766.04
Crypto	BTC-USD	2022-01-03	47297.66	46459.56
Crypto	ETH-USD	2022-01-04	3766.01	3785
Crypto	BTC-USD	2022-01-04	46459.57	45814.61
Crypto	ETH-USD	2022-01-05	3785.6	3538.91
Crypto	BTC-USD	2022-01-05	45817.13	43436.04
Crypto	ETH-USD	2022-01-06	3539	3406.03
Crypto	BTC-USD	2022-01-06	43457	43083.76
Crypto	ETH-USD	2022-01-07	3405.66	3198.82
Crypto	BTC-USD	2022-01-07	43081.79	41564.61
Crypto	ETH-USD	2022-01-08	3197.4	3080.48
Crypto	BTC-USD	2022-01-08	41564.57	41684.84
Crypto	ETH-USD	2022-01-09	3080.92	3151.3
Crypto	BTC-USD	2022-01-09	41687.21240698	41876.52
Crypto	ETH-USD	2022-01-10	3151.65	3083.51
Crypto	BTC-USD	2022-01-10	41875.01	41824.07
Crypto	ETH-USD	2022-01-11	3083.51	3240.83
Crypto	BTC-USD	2022-01-11	41842.22	42753.43
Crypto	ETH-USD	2022-01-12	3240.83	3373.64
Crypto	BTC-USD	2022-01-12	42748.21	43918.65
Crypto	ETH-USD	2022-01-13	3373.25	3241.88
Crypto	BTC-USD	2022-01-13	43935.01	42581.65
Crypto	ETH-USD	2022-01-14	3241.82	3310.44
Crypto	BTC-USD	2022-01-14	42576.27	43086.89
Crypto	ETH-USD	2022-01-15	3309.96	3328.13
Crypto	BTC-USD	2022-01-15	43085.76	43098.2
Crypto	ETH-USD	2022-01-16	3327.81	3349.46
Crypto	BTC-USD	2022-01-16	43101.43	43104.34
Crypto	ETH-USD	2022-01-17	3349.88	3210.98
Crypto	BTC-USD	2022-01-17	43104.35	42218.01
Crypto	ETH-USD	2022-01-18	3210.9	3160.81
Crypto	BTC-USD	2022-01-18	42221	42369.74
Crypto	ETH-USD	2022-01-19	3160.7	3085.27
Crypto	BTC-USD	2022-01-19	42372.15	41674.27
Crypto	ETH-USD	2022-01-20	3084.49	3001.03
Crypto	BTC-USD	2022-01-20	41672.14	40686.9
Crypto	ETH-USD	2022-01-21	2999.06	2569.8
Crypto	BTC-USD	2022-01-21	40671.77	36456.96
Crypto	ETH-USD	2022-01-22	2567.45	2411.9
Crypto	BTC-USD	2022-01-22	36447.37	35066.43
Crypto	ETH-USD	2022-01-23	2411.91	2541.17
Crypto	BTC-USD	2022-01-23	35075.7	36282.47
Crypto	ETH-USD	2022-01-24	2541.19	2441.75
Crypto	BTC-USD	2022-01-24	36282.45	36693.32
Crypto	ETH-USD	2022-01-25	2441.6	2460.68
Crypto	BTC-USD	2022-01-25	36687.58	36987.8
Crypto	ETH-USD	2022-01-26	2460.39	2465
Crypto	BTC-USD	2022-01-26	36980	36840.63
Crypto	ETH-USD	2022-01-27	2465.4	2426
Crypto	BTC-USD	2022-01-27	36846.22	37188.37
Crypto	ETH-USD	2022-01-28	2425.96255401	2546.84
Crypto	BTC-USD	2022-01-28	37188.37	37741.59
Crypto	ETH-USD	2022-01-29	2546.5	2603.74
Crypto	BTC-USD	2022-01-29	37741.9	38191.1
Crypto	ETH-USD	2022-01-30	2603.39	2602.89
Crypto	BTC-USD	2022-01-30	38176.45	37905
Crypto	ETH-USD	2022-01-31	2602.83	2689.72
Crypto	BTC-USD	2022-01-31	37904.99	38491.33
Crypto	ETH-USD	2022-02-01	2689.98	2789.66
Crypto	BTC-USD	2022-02-01	38492.53	38718.23
Crypto	ETH-USD	2022-02-02	2789.62	2682.66
Crypto	BTC-USD	2022-02-02	38717.60475262	36923.39
Crypto	ETH-USD	2022-02-03	2683.09	2697.59
Crypto	BTC-USD	2022-02-03	36930.43	37366
Crypto	ETH-USD	2022-02-04	2696.82	2998.84
Crypto	BTC-USD	2022-02-04	37367	41614.66
Crypto	ETH-USD	2022-02-05	2997.63	3014.5
Crypto	BTC-USD	2022-02-05	41613.75	41404.85
Crypto	ETH-USD	2022-02-06	3017.5	3058.22
Crypto	BTC-USD	2022-02-06	41441	42415.16
Crypto	ETH-USD	2022-02-07	3058.78445699	3141.89
Crypto	BTC-USD	2022-02-07	42421.82387236	43868.07
Crypto	ETH-USD	2022-02-08	3141.84	3119.57
Crypto	BTC-USD	2022-02-08	43865	44077
Crypto	ETH-USD	2022-02-09	3119.91	3246.22
Crypto	BTC-USD	2022-02-09	44079.55202568	44416.35
Crypto	ETH-USD	2022-02-10	3246.28	3074.62
Crypto	BTC-USD	2022-02-10	44437	43527.71
Crypto	ETH-USD	2022-02-11	3074.84	2929.08
Crypto	BTC-USD	2022-02-11	43521.87	42386.47
Crypto	ETH-USD	2022-02-12	2930.3	2919.99
Crypto	BTC-USD	2022-02-12	42386.47	42244.97
Crypto	ETH-USD	2022-02-13	2919.5	2873.46131551
Crypto	BTC-USD	2022-02-13	42244.91	42074.99
Crypto	ETH-USD	2022-02-14	2873.5	2931.17
Crypto	BTC-USD	2022-02-14	42090	42548.71
Crypto	ETH-USD	2022-02-15	2931.1	3186.24
Crypto	BTC-USD	2022-02-15	42548.71	44583.52
Crypto	ETH-USD	2022-02-16	3186.24	3124.45
Crypto	BTC-USD	2022-02-16	44567	43895.56
Crypto	ETH-USD	2022-02-17	3124.44	2893.56
Crypto	BTC-USD	2022-02-17	43894.94	40536.73
Crypto	ETH-USD	2022-02-18	2894.7	2780.03
Crypto	BTC-USD	2022-02-18	40532.65	39981.77
Crypto	ETH-USD	2022-02-19	2781.5	2764.44
Crypto	BTC-USD	2022-02-19	40027	40101.94
Crypto	ETH-USD	2022-02-20	2764.53	2625.4
Crypto	BTC-USD	2022-02-20	40101.93	38389.05
Crypto	ETH-USD	2022-02-21	2622.47	2568.99
Crypto	BTC-USD	2022-02-21	38395.99	37023
Crypto	ETH-USD	2022-02-22	2572.1	2637.97
Crypto	BTC-USD	2022-02-22	37022.11	38299
Crypto	ETH-USD	2022-02-23	2638.2	2580.97
Crypto	BTC-USD	2022-02-23	38269.94	37305
Crypto	ETH-USD	2022-02-24	2580.52	2597.42
Crypto	BTC-USD	2022-02-24	37253.26	38347.3
Crypto	ETH-USD	2022-02-25	2599.8	2769.4
Crypto	BTC-USD	2022-02-25	38380	39238.5
Crypto	ETH-USD	2022-02-26	2770.6	2780.71
Crypto	BTC-USD	2022-02-26	39252	39137.8
Crypto	ETH-USD	2022-02-27	2780.4	2615
Crypto	BTC-USD	2022-02-27	39157.95514117	37717.08
Crypto	ETH-USD	2022-02-28	2617.79	2923.08
Crypto	BTC-USD	2022-02-28	37739.64675691	43192.66
Crypto	ETH-USD	2022-03-01	2922.87	2977.72
Crypto	BTC-USD	2022-03-01	43189.48	44439.95
Crypto	ETH-USD	2022-03-02	2977.72	2948.57
Crypto	BTC-USD	2022-03-02	44442	43916.46
Crypto	ETH-USD	2022-03-03	2948.97	2833.66
Crypto	BTC-USD	2022-03-03	43946	42464.41
Crypto	ETH-USD	2022-03-04	2835.8	2623.07
Crypto	BTC-USD	2022-03-04	42476.25	39166.51
Crypto	ETH-USD	2022-03-05	2624.7	2665.95
Crypto	BTC-USD	2022-03-05	39166.77	39402.43
Crypto	ETH-USD	2022-03-06	2665.8	2550.39
Crypto	BTC-USD	2022-03-06	39407.87	38408.02
Crypto	ETH-USD	2022-03-07	2550.46	2491.58
Crypto	BTC-USD	2022-03-07	38437.04838587	38021.18416736
Crypto	ETH-USD	2022-03-08	0	0
Crypto	BTC-USD	2022-03-08	38018.58365775	38749.37
Crypto	ETH-USD	2022-03-09	2577.11	2727.61
Crypto	BTC-USD	2022-03-09	38749.16	41953.97
Crypto	ETH-USD	2022-03-10	2730.02919979	2606.81
Crypto	BTC-USD	2022-03-10	41968	39435.8
Crypto	ETH-USD	2022-03-11	2608.46	2556.42
Crypto	BTC-USD	2022-03-11	39454	38732.05
Crypto	ETH-USD	2022-03-12	2556.39	2569.3
Crypto	BTC-USD	2022-03-12	38739	38813.02
Crypto	ETH-USD	2022-03-13	2568.99	2516.41
Crypto	BTC-USD	2022-03-13	38815	37793.01
Crypto	ETH-USD	2022-03-14	2516.2	2590.23
Crypto	BTC-USD	2022-03-14	37779	39678.3
Crypto	ETH-USD	2022-03-15	2592.74255324	2619.15
Crypto	BTC-USD	2022-03-15	39678.51	39298.1
Crypto	ETH-USD	2022-03-16	2618.71	2774.89
Crypto	BTC-USD	2022-03-16	39323	41127.97
Crypto	ETH-USD	2022-03-17	2776.4	2814.66
Crypto	BTC-USD	2022-03-17	41139	40950.33
Crypto	ETH-USD	2022-03-18	2814.67	2940.01
Crypto	BTC-USD	2022-03-18	40949.46502595	41774.98
Crypto	ETH-USD	2022-03-19	2939.17	2952.34
Crypto	BTC-USD	2022-03-19	41772.27591881	42232.26
Crypto	ETH-USD	2022-03-20	2952.35	2862.43
Crypto	BTC-USD	2022-03-20	42232.05	41287.24
Crypto	ETH-USD	2022-03-21	2862.44	2891.01
Crypto	BTC-USD	2022-03-21	41287.25	41017.71
Crypto	ETH-USD	2022-03-22	2890.78	2970.59
Crypto	BTC-USD	2022-03-22	41010.41264944	42378.26
Crypto	ETH-USD	2022-03-23	2969	3037.87
Crypto	BTC-USD	2022-03-23	42376	42899.7
Crypto	ETH-USD	2022-03-24	3036	3112.52
Crypto	BTC-USD	2022-03-24	42886.85386804	44012.29
Crypto	ETH-USD	2022-03-25	3110.5	3104.15
Crypto	BTC-USD	2022-03-25	44000	44331.85
Crypto	ETH-USD	2022-03-26	3103.91	3108.12
Crypto	BTC-USD	2022-03-26	44336	44421.38
