CATEGORY	TICKER	DATE	OPEN	CLOSE	PRE_MARKET	AFTER_HOURS	HIGH	LOW
Food	MCD	2020-05-14	170.2	175.41	172.82	175.65	175.66	167.85
Food	MDLZ	2020-05-14	49.76	49.52	49.5999	49.55	49.81	48.77
Food	PEP	2020-05-14	132.71	133.08	132.1	133.08	133.56	130.15
Food	MCD	2020-05-15	173.05	173.81	176.39	173.79	174.71	171.68
Food	MDLZ	2020-05-15	49.5	49.96	48.76	50.05	50.29	49.26
Food	PEP	2020-05-15	133.77	135.95	132.25	135.55	137.66	132.787
Food	MCD	2020-05-18	180.06	179.83	175.3	179.57	181.15	178.11
Food	MDLZ	2020-05-18	50.7361	50.97	50.49	51.15	51.44	49.71
Food	PEP	2020-05-18	136.85	135.52	136.6	135.52	137.99	135.06
Food	MCD	2020-05-19	180.12	179.57	179.5	179.56	181.46	178.07
Food	MDLZ	2020-05-19	51	49.89	51.15	49.9	51.29	49.85
Food	PEP	2020-05-19	134.43	131.73	135.24	132.15	134.76	131.4
Food	MCD	2020-05-20	182	184.1	181.4	184.2	184.6	180.57
Food	MDLZ	2020-05-20	50.04	49.75	49.89	49.85	50.305	49.65
Food	PEP	2020-05-20	132.54	131.26	133.02	131.69	132.6841	130.34
Food	MCD	2020-05-21	184.18	185.08	183.4	184.82	185.48	182.106
Food	MDLZ	2020-05-21	49.61	49.28	49.89	49.2382	49.91	49.11
Food	PEP	2020-05-21	130.98	130.21	131.9	130.4	131.44	129.61
Food	MCD	2020-05-22	184.48	184.41	183.79	184.65	185.35	183.18
Food	MDLZ	2020-05-22	49.03	49.7	49	49.8	49.75	48.975
Food	PEP	2020-05-22	129.61	130.48	129.5	130.41	130.63	129.17
Food	MCD	2020-05-26	189.59	184.84	188.74	185.39	190.66	184.24
Food	MDLZ	2020-05-26	50.16	49.59	49.98	49.8	50.48	49.38
Food	PEP	2020-05-26	131.94	129.75	132.1	129.9	132.05	129.4
Food	MCD	2020-05-27	188.74	187.72	187.44	188.26	188.75	185.27
Food	MDLZ	2020-05-27	49.77	50.35	49.7	50.3	50.46	49.41
Food	PEP	2020-05-27	129.72	130.81	130.5	130.81	130.84	128.58
Food	MCD	2020-05-28	189.42	188.73	188.47	188.8	190.48	186.72
Food	MDLZ	2020-05-28	50.83	51.41	50.58	51.58	51.52	50.26
Food	PEP	2020-05-28	131.21	132.29	131.29	132.61	132.73	130.11
Food	MCD	2020-05-29	187.43	186.32	187.17	187	188.7	185.7101
Food	MDLZ	2020-05-29	51.58	52.12	51.2	52.27	52.295	50.9
Food	PEP	2020-05-29	132.01	131.55	132.98	132.01	132.24	130.32
Food	MCD	2020-06-01	186.71	187.41	185.7	186	187.84	185.6
Food	MDLZ	2020-06-01	52.03	52.25	52.15	52.25	52.635	51.825
Food	PEP	2020-06-01	131.6	132.99	131.55	133.03	133.9461	131.19
Food	MCD	2020-06-02	188.4	187.59	187.5	188	188.56	186.085
Food	MDLZ	2020-06-02	52.15	52.22	52.15	51.6901	52.37	51.62
Food	PEP	2020-06-02	133.05	132.63	133.08	132.7	133.81	131.12
Food	MCD	2020-06-03	188.47	193.29	188.4	193.29	193.81	188.09
Food	MDLZ	2020-06-03	52.51	52.09	51.86	52	52.55	51.95
Food	PEP	2020-06-03	133.24	132.82	132.62	132.94	134.275	132.6
Food	MCD	2020-06-04	192.32	193.24	192.2	193.72	194.26	191.62
Food	MDLZ	2020-06-04	51.97	51.29	52.05	51.42	52.6	51.24
Food	PEP	2020-06-04	131.59	130.57	132.2	130.55	133.56	130.18
Food	MCD	2020-06-05	198	197.16	194.89	197.15	200.15	196.27
Food	MDLZ	2020-06-05	51.59	52.53	51.83	52.65	52.63	51.3
Food	PEP	2020-06-05	131	132.44	131.23	132.4	133.52	130.77
Food	MCD	2020-06-08	195.68	202.65	198	202	202.73	195.64
Food	MDLZ	2020-06-08	52.373	53.61	52.5	53.61	53.645	52.165
Food	PEP	2020-06-08	131.38	132.21	132.5	132	132.465	131.235
Food	MCD	2020-06-09	200.37	199.52	199.99	199.61	201.57	199.01
Food	MDLZ	2020-06-09	53.52	52.95	53.6	52.56	53.55	52.65
Food	PEP	2020-06-09	131.83	132.97	131.2	133.19	133.15	131.05
Food	MCD	2020-06-10	199.13	195.8	200	194.5	199.555	195.6699
Food	MDLZ	2020-06-10	52.98	53.11	52.95	53.11	53.54	52.69
Food	PEP	2020-06-10	133.28	134.13	133.05	134	135.16	133.17
Food	MCD	2020-06-11	190.9	187.51	194	188.5	192.91	186.33
Food	MDLZ	2020-06-11	52.61	50.53	52.65	50.77	52.76	50.49
Food	PEP	2020-06-11	134.22	127.84	133.16	129.5	135.14	127.46
Food	MCD	2020-06-12	191.67	189.17	190	189.01	191.67	185.45
Food	MDLZ	2020-06-12	51.5	50.73	51.39	50.73	51.63	50.25
Food	PEP	2020-06-12	129.15	129	129.5	129.25	129.93	127.43
Food	MCD	2020-06-15	184.6	189.49	185.6	190	190.1199	184.13
Food	MDLZ	2020-06-15	50.76	51.22	50.25	51.79	51.27	50.015
Food	PEP	2020-06-15	128.29	130.48	127.77	131.49	130.96	126.53
Food	MCD	2020-06-16	192	190.32	191.41	191.4	193.5	187.51
Food	MDLZ	2020-06-16	52.69	52.58	51.79	52.64	52.82	51.67
Food	PEP	2020-06-16	132.68	131.67	131.69	131.9	133.06	130.12
Food	MCD	2020-06-17	191.92	190.79	191.4	190	192.88	190.42
Food	MDLZ	2020-06-17	52.44	52.71	52.43	52.71	53.275	52.4
Food	PEP	2020-06-17	131.89	131.76	133.1228	131.76	133.04	131.49
Food	MCD	2020-06-18	190.01	189.49	191.75	190	190.74	187.89
Food	MDLZ	2020-06-18	52.37	53.09	52.41	53	53.15	52.37
Food	PEP	2020-06-18	131.42	132.78	132	132.63	133.13	130.63
Food	MCD	2020-06-19	192.29	186.56	190.5	186.25	192.3565	186.53
Food	MDLZ	2020-06-19	53.7	52.56	53.25	52	53.78	52.3993
Food	PEP	2020-06-19	134.41	131.28	133.5	131	134.82	131.22
Food	MCD	2020-06-22	186	187.46	186.8	188.5	187.77	184.89
Food	MDLZ	2020-06-22	52.3	52.35	52.45	52.35	52.605	51.91
Food	PEP	2020-06-22	130.55	131.05	131.27	131.27	131.76	129.95
Food	MCD	2020-06-23	189.55	186.62	188.65	186.31	189.73	186.32
Food	MDLZ	2020-06-23	52.6	51.92	52.6	52.18	52.6	51.825
Food	PEP	2020-06-23	131.62	131.36	131.5	131.06	132.68	130.98
Food	MCD	2020-06-24	184.96	184.29	185.26	184.38	185.71	181.34
Food	MDLZ	2020-06-24	51.61	50.64	51.57	50.64	51.61	50.3
Food	PEP	2020-06-24	130.52	129.56	130.53	129.7	131.07	128.68
Food	MCD	2020-06-25	183.51	182.76	183.64	183.8	184.08	180.325
Food	MDLZ	2020-06-25	50.58	50.83	50.54	51	50.96	50.07
Food	PEP	2020-06-25	129.14	131.41	129.31	131.41	131.73	128.05
Food	MCD	2020-06-26	182.37	179.74	183.03	179.62	182.81	178.88
Food	MDLZ	2020-06-26	50.71	50.08	50.75	50.08	51.16	49.92
Food	PEP	2020-06-26	131.68	128.93	131	129.05	132.37	128.06
Food	MCD	2020-06-29	180.57	182.8	180.85	183.25	182.83	179.17
Food	MDLZ	2020-06-29	50.44	50.58	50.39	50.67	50.72	50
Food	PEP	2020-06-29	130.18	131.08	129.49	131.29	131.4	129.43
Food	MCD	2020-06-30	182.92	184.47	182.8	184.45	185.2	181.89
Food	MDLZ	2020-06-30	50.7	51.13	50.47	51	51.225	50.54
Food	PEP	2020-06-30	131.83	132.26	131.14	132.26	132.82	130.855
Food	MCD	2020-07-01	184.95	184.66	183.5	183.3	186.44	183.72
Food	MDLZ	2020-07-01	51.06	51.08	50.95	51.08	51.33	50.885
Food	PEP	2020-07-01	132.53	132.36	132.53	132.68	133.62	131.94
Food	MCD	2020-07-02	187	183.52	185	183.98	187	182.86
Food	MDLZ	2020-07-02	51.17	51.49	51.38	51.5	52.05	51.17
Food	PEP	2020-07-02	133.54	132.85	133	133.26	134.17	132.54
Food	MCD	2020-07-06	186	188.5	185.99	188.87	188.72	184.14
Food	MDLZ	2020-07-06	51.72	51.62	52	51.62	52.08	51.2
Food	PEP	2020-07-06	133.08	133.3	134.2	133.39	133.95	132.31
Food	MCD	2020-07-07	187.37	185.82	187	186.1	187.85	185.25
Food	MDLZ	2020-07-07	51.36	51.5	51.36	51.4	51.74	51.29
Food	PEP	2020-07-07	132.27	133.57	133.385	133.99	134.62	132.17
Food	MCD	2020-07-08	185.5	185.85	186.17	186.35	187.23	184.75
Food	MDLZ	2020-07-08	51.37	51.24	51.33	50.78	51.49	50.9
Food	PEP	2020-07-08	134.16	134.22	133.7	133.95	134.69	133.16
Food	MCD	2020-07-09	186.22	184.33	185.68	184.51	186.59	182.62
Food	MDLZ	2020-07-09	51.13	50.26	51.11	50.26	51.2	50
Food	PEP	2020-07-09	132.9	132.71	134.5998	132.71	133.94	131.7272
Food	MCD	2020-07-10	183.78	184.88	183.75	185	185.44	183.01
Food	MDLZ	2020-07-10	50.6	51.44	49.99	51.82	51.52	50.31
Food	PEP	2020-07-10	132.37	134.46	132.01	134.46	134.89	131.2835
Food	MCD	2020-07-13	185.6	184.92	185.6	185.23	188.95	184.71
Food	MDLZ	2020-07-13	51.97	51.65	51.35	51.72	52.2	51.51
Food	PEP	2020-07-13	136.77	134.91	135.65	135.5	138.07	134.47
Food	MCD	2020-07-14	185.09	190.72	186	192.4	190.84	184.73
Food	MDLZ	2020-07-14	51.3	52.85	51.59	52.85	53.025	51.3
Food	PEP	2020-07-14	134.59	135.52	135.43	135.63	136.9515	134.25
Food	MCD	2020-07-15	193.9	191.77	192	192.25	194	189.88
Food	MDLZ	2020-07-15	53.35	52.57	52.94	52.66	53.54	52.36
Food	PEP	2020-07-15	135.35	133.69	135.62	133.5	136.19	133.25
Food	MCD	2020-07-16	191.12	190.92	190.56	190.85	192.76	190.15
Food	MDLZ	2020-07-16	52.57	53.04	52.61	53.51	53.44	52.511
Food	PEP	2020-07-16	134.0556	133.88	133.68	133.87	134.36	133.05
Food	MCD	2020-07-17	191.34	191.48	190.64	191.48	191.9	190.13
Food	MDLZ	2020-07-17	53.43	54.07	53.57	53.7	54.335	53.14
Food	PEP	2020-07-17	134.65	134.66	133.88	134.66	135.06	133.55
Food	MCD	2020-07-20	190.9	191.61	190.9	191.61	192.77	190.37
Food	MDLZ	2020-07-20	54	53.42	54.05	53.42	54.07	53.255
Food	PEP	2020-07-20	134.6136	133.11	134.8	133.11	134.6136	132.18
Food	MCD	2020-07-21	192.33	192.98	192.82	193.2	194.9	192
Food	MDLZ	2020-07-21	53.4525	54.04	53.48	54.3	54.8	53.44
Food	PEP	2020-07-21	134.0045	134.43	133.46	134.78	136.41	133.79
Food	MCD	2020-07-22	193.21	198.62	192.46	198.62	199.65	193.05
Food	MDLZ	2020-07-22	54.1	54.55	54.43	54.55	54.65	53.82
Food	PEP	2020-07-22	135.56	136.01	135.26	136.94	136.25	133.68
Food	MCD	2020-07-23	198.46	197.55	199.11	198	199.27	196.01
Food	MDLZ	2020-07-23	54.94	54.88	54.76	55.4	55.18	54.565
Food	PEP	2020-07-23	136.59	137.08	136.5	138	137.25	135.49
Food	MCD	2020-07-24	196.89	198.72	196.21	197.5	198.91	195.725
Food	MDLZ	2020-07-24	55.35	54.87	54.86	54.87	55.63	54.54
Food	PEP	2020-07-24	136.99	136.06	137.98	136.06	138.64	135.39
Food	MCD	2020-07-27	199.04	201.25	199.5	200.1	202.52	198.71
Food	MDLZ	2020-07-27	54.85	55.58	54.9	55.95	55.63	54.55
Food	PEP	2020-07-27	135.53	137.67	137	137.85	137.76	134.85
Food	MCD	2020-07-28	198.6	196.24	201.25	196.48	199.89	195.5
Food	MDLZ	2020-07-28	55.55	55.71	55.7	55.97	56	55.46
Food	PEP	2020-07-28	137.98	137.38	137.6	137.4	138.59	137.09
Food	MCD	2020-07-29	196.3	196.21	196.89	196.24	198.46	195.71
Food	MDLZ	2020-07-29	57.255	56.79	55.95	56.53	57.7	55.92
Food	PEP	2020-07-29	137.38	137.93	138.85	137.93	139	137.04
Food	MCD	2020-07-30	195	195.41	194	195.7	196.4019	192.9201
Food	MDLZ	2020-07-30	56.1507	55.77	56.36	55.47	56.38	55.695
Food	PEP	2020-07-30	137.24	137.69	136.95	137.7	138.22	136.48
Food	MCD	2020-07-31	194.15	194.28	194.16	194.2	194.675	191.6403
Food	MDLZ	2020-07-31	55.39	55.49	55.67	55.46	55.68	54.565
Food	PEP	2020-07-31	137.26	137.66	137.69	137.87	137.7	135.2
Food	MCD	2020-08-03	194.33	194.4	194.6	194.1202	195.6	193.59
Food	MDLZ	2020-08-03	55.6	55.49	55.6	55.49	55.955	55.36
Food	PEP	2020-08-03	137.11	136.7	137.65	136.51	137.5	136
Food	MCD	2020-08-04	194.95	199.36	194.5	199.36	199.7	194.34
Food	MDLZ	2020-08-04	55.33	55.58	55.29	55.58	55.84	54.97
Food	PEP	2020-08-04	137.52	137.47	136.25	137.68	137.59	136.02
Food	MCD	2020-08-05	200	199.26	200	199.15	200.5	197.91
Food	MDLZ	2020-08-05	55.37	55.15	55.5979	55.15	55.69	55.095
Food	PEP	2020-08-05	138.15	136.25	138.16	136.4	138.15	135.77
Food	MCD	2020-08-06	198.78	203.18	198.71	203	203.6	198.37
Food	MDLZ	2020-08-06	54.4	55.49	55.05	55.48	55.53	54.4
Food	PEP	2020-08-06	135.2735	135.86	136.1	136.08	136.29	135.2735
Food	MCD	2020-08-07	203.36	204.6	202.4	204.42	205.16	203.285
Food	MDLZ	2020-08-07	55.46	55.6	55.88	55.49	55.69	55.28
Food	PEP	2020-08-07	135.94	136.74	136.05	136.9	136.76	135.37
Food	MCD	2020-08-10	204.35	204.12	204.3	203.82	205.16	202.5367
Food	MDLZ	2020-08-10	55.45	55.49	55.45	55.49	55.6987	55.215
Food	PEP	2020-08-10	136.32	135.98	136.47	135.99	136.88	135.38
Food	MCD	2020-08-11	205	205	205.38	205	207.42	204.25
Food	MDLZ	2020-08-11	55.7	55.2	55.72	55	55.89	55.055
Food	PEP	2020-08-11	136.97	135.12	136.6	135.12	137.45	134.62
Food	MCD	2020-08-12	206.86	206.02	205.56	206	207.4	205.38
Food	MDLZ	2020-08-12	55.05	56.03	55.22	56.03	56.41	55.03
Food	PEP	2020-08-12	135.34	137.8	135.9	137.3001	138.68	135.25
Food	MCD	2020-08-13	205.96	206.49	205.74	206.49	207.25	205.35
Food	MDLZ	2020-08-13	56.19	56.01	56.1	56.01	56.35	55.86
Food	PEP	2020-08-13	137.1	138.1	138.88	138.1	138.61	137.1
Food	MCD	2020-08-14	205.95	207.03	205.58	206.62	207.33	205.2
Food	MDLZ	2020-08-14	56.09	56.12	55.57	56.02	56.42	55.87
Food	PEP	2020-08-14	138.11	137.56	138.34	137.56	138.172	137.2
Food	MCD	2020-08-17	206.94	208.67	207.55	208.7	209.5	206.85
Food	MDLZ	2020-08-17	55.99	56.52	56.06	56.52	56.685	55.855
Food	PEP	2020-08-17	137.5	137.92	138.2	137.6	138.89	137.05
Food	MCD	2020-08-18	209.26	210.32	208.78	210.03	210.43	207.23
Food	MDLZ	2020-08-18	56.58	57.27	56.83	57.34	57.34	56.425
Food	PEP	2020-08-18	138.61	138.11	137.92	138.4	138.61	137.04
Food	MCD	2020-08-19	210.22	209.51	210.34	209	211.17	208.64
Food	MDLZ	2020-08-19	57.17	56.76	57.4	56.52	57.33	56.66
Food	PEP	2020-08-19	138.69	136.45	138.78	136.36	138.795	136.1
Food	MCD	2020-08-20	208.12	209.88	208.1	209.88	210.99	208.1
Food	MDLZ	2020-08-20	56.4	57.24	56.5	57.24	57.27	56.251
Food	PEP	2020-08-20	135.66	136.72	135.71	136.82	137.15	135.63
Food	MCD	2020-08-21	209.96	211.57	208.98	211.2	212.185	209.26
Food	MDLZ	2020-08-21	57.03	57.47	56.97	57.47	57.725	57.03
Food	PEP	2020-08-21	136.37	136.46	136.12	136.46	136.66	135.25
Food	MCD	2020-08-24	212.26	212.62	213.05	212.62	213.5	210.93
Food	MDLZ	2020-08-24	57.44	57.98	57.4505	57.98	58	57.39
Food	PEP	2020-08-24	136.46	137.64	136.9	137.64	137.68	136.11
Food	MCD	2020-08-25	213.96	212.65	214.36	212.75	214.185	212.22
Food	MDLZ	2020-08-25	58.01	57.89	58.28	57.89	58.24	57.63
Food	PEP	2020-08-25	138.26	137.3	137.9	137.3	138.38	136.7
Food	MCD	2020-08-26	212.09	213.76	211.9	214.08	214.42	211.6
Food	MDLZ	2020-08-26	57.85	58.36	57.97	58.3601	58.4	57.54
Food	PEP	2020-08-26	136.5753	138.47	138	138	138.66	136.38
Food	MCD	2020-08-27	214.34	212.19	213.38	212.55	216.1	212.1
Food	MDLZ	2020-08-27	58.64	58.13	58.52	58.13	58.87	58.06
Food	PEP	2020-08-27	138.71	138.4	138.47	138.85	139.9284	137.91
Food	MCD	2020-08-28	212.82	214.91	213.5	215.15	216.71	211.77
Food	MDLZ	2020-08-28	58	58.31	58.02	58.31	58.355	57.51
Food	PEP	2020-08-28	138.52	139.94	139.6	139.86	139.96	137.24
Food	MCD	2020-08-31	213.52	213.52	214.5	213.76	214.99	212.81
Food	MDLZ	2020-08-31	58.2	58.42	58.2	58.17	58.8	58.03
Food	PEP	2020-08-31	139.32	140.06	140	139.8	141.02	139
Food	MCD	2020-09-01	210.84	212.69	213.25	212.93	213.61	210.5816
Food	MDLZ	2020-09-01	58.4	58.2	58.18	58.2	58.43	57.592
Food	PEP	2020-09-01	140.25	139.19	140.6	139.89	140.48	138.505
Food	MCD	2020-09-02	213.25	216.23	212.7234	216.23	217.13	212.69
Food	MDLZ	2020-09-02	58.17	59.01	58.32	59.01	59.25	58.01
Food	PEP	2020-09-02	139.52	143.29	139.27	143.29	143.82	139.35
Food	MCD	2020-09-03	218.11	213.8	216.49	213.63	218.11	211.9
Food	MDLZ	2020-09-03	59.03	57.83	59.03	58.05	59.72	57.42
Food	PEP	2020-09-03	142.7663	139.37	142.21	139.99	144.035	138.12
Food	MCD	2020-09-04	215.29	211.73	214.93	212.15	217.78	210.76
Food	MDLZ	2020-09-04	58.3465	57.88	58.19	57.57	58.3465	57.08
Food	PEP	2020-09-04	139.66	138.76	140.37	138.68	140.31	136.94
Food	MCD	2020-09-08	211.18	213.58	211.86	213.58	216.3	211.06
Food	MDLZ	2020-09-08	57.36	56.39	57.59	56.01	57.88	56.12
Food	PEP	2020-09-08	138.31	135.55	138.69	134.6	138.6295	134.41
Food	MCD	2020-09-09	215	215.71	214.4	216.5	218.17	214.44
Food	MDLZ	2020-09-09	56.7	57.5	56.58	57.5	57.9982	56.53
Food	PEP	2020-09-09	135.5	137.11	135.89	137.4	138.46	135.4
Food	MCD	2020-09-10	215.72	217.24	215.75	218	219.48	215.72
Food	MDLZ	2020-09-10	57.25	57.1	57.25	57.39	57.97	56.87
Food	PEP	2020-09-10	136.6	134.76	137.11	135.22	137.55	133.88
Food	MCD	2020-09-11	217.69	218	217.73	217.995	219.18	216.28
Food	MDLZ	2020-09-11	57.3	57.55	57.1	57.55	57.74	56.91
Food	PEP	2020-09-11	135.22	135.81	135.25	135.6	136.38	134.23
Food	MCD	2020-09-14	219.72	220.56	219.85	220.87	222.59	219.34
Food	MDLZ	2020-09-14	57.69	58.01	57.62	57.91	58.32	57.425
Food	PEP	2020-09-14	136.5275	136.67	136.67	136.7	137.5	135.8
Food	MCD	2020-09-15	221.76	222.37	222.1	222.77	223.64	221.4
Food	MDLZ	2020-09-15	58.25	58.09	58	58.09	58.32	57.915
Food	PEP	2020-09-15	136.48	135.62	137	135.8	137.24	135.41
Food	MCD	2020-09-16	222.17	224.81	222.67	225.4	226.72	221.3
Food	MDLZ	2020-09-16	58.25	57.97	58.44	57.94	58.67	57.895
Food	PEP	2020-09-16	136.28	134.98	135.75	134.98	136.6	134.78
Food	MCD	2020-09-17	223.7	222.58	223.76	222.5	223.73	220.5
Food	MDLZ	2020-09-17	57.44	57.21	57.72	57.97	57.66	56.66
Food	PEP	2020-09-17	133.39	133.2	134.46	133.45	134.55	131.69
Food	MCD	2020-09-18	221.62	220.27	223.3	220.88	223.57	220.13
Food	MDLZ	2020-09-18	57.23	56.52	57.27	56.52	57.465	56.13
Food	PEP	2020-09-18	133.71	131.47	134	131.64	134.79	130.01
Food	MCD	2020-09-21	217.14	216.41	217.5	216.5	218.045	213.4
Food	MDLZ	2020-09-21	56.04	55.85	56.13	55.94	56.15	55.24
Food	PEP	2020-09-21	130.37	131.24	131	132	131.31	129.36
Food	MCD	2020-09-22	216.43	216.41	216.4	215.91	216.96	214.55
Food	MDLZ	2020-09-22	55.78	55.81	55.81	55.81	56.3	55.54
Food	PEP	2020-09-22	131	132.15	131.6	132.3	132.89	130.445
Food	MCD	2020-09-23	217.67	214.97	216.3552	214.51	219.685	214.24
Food	MDLZ	2020-09-23	55.5923	54.82	55.99	54.54	56.19	54.725
Food	PEP	2020-09-23	132.7	131	132.77	131.7	132.82	129.85
Food	MCD	2020-09-24	214.75	216.12	215.6	216.5	218.41	213.59
Food	MDLZ	2020-09-24	54.83	55.61	54.62	55.61	55.93	54.48
Food	PEP	2020-09-24	131.437	131.58	131.35	131.94	132.31	129.92
Food	MCD	2020-09-25	215.3	218.18	214.8	218	219.25	213.65
Food	MDLZ	2020-09-25	55.055	56.155	55.11	55.94	56.24	54.97
Food	PEP	2020-09-25	130.89	133.55	131.5	133.91	133.83	130.515
Food	MCD	2020-09-28	220	220.26	219.98	220.72	221.98	219.02
Food	MDLZ	2020-09-28	56.96	57.01	56.4	57.35	57.37	56.5
Food	PEP	2020-09-28	136.04	137.97	134.95	139.55	138.58	135.67
Food	MCD	2020-09-29	220.42	218.68	219.637	220	220.955	218.4783
Food	MDLZ	2020-09-29	57.07	56.48	56.99	56.48	57.09	56.3
Food	PEP	2020-09-29	138.66	137.16	139.24	137.5	139.54	137.13
Food	MCD	2020-09-30	218.87	219.49	218.24	219.68	222.2	218.41
Food	MDLZ	2020-09-30	56.59	57.45	56.5	57.44	57.73	56.42
Food	PEP	2020-09-30	137.99	138.6	137.09	139.1	139.19	136.9
Food	MCD	2020-10-01	221.59	219.59	221.88	219.51	223	217.79
Food	MDLZ	2020-10-01	57.63	57.91	57.69	58	57.96	57.16
Food	PEP	2020-10-01	139.44	140.8	139.91	140.52	140.85	137.4866
Food	MCD	2020-10-02	217.51	222.67	217.1	222	223.3499	217.1
Food	MDLZ	2020-10-02	57.44	56.86	57.08	56.87	57.78	56.565
Food	PEP	2020-10-02	139.28	138.06	138.5	137.75	139.91	136.2
Food	MCD	2020-10-05	224.86	226.07	223.6	226.07	226.5	224.01
Food	MDLZ	2020-10-05	56.95	57.08	56.95	57.08	57.14	56.7
Food	PEP	2020-10-05	138.11	137.93	138.3517	137.4	138.38	136.98
Food	MCD	2020-10-06	226.83	224.09	226.2	224	228.66	223.6
Food	MDLZ	2020-10-06	57.07	56.09	56.9	56.04	57.2	55.92
Food	PEP	2020-10-06	138	135.7	137.46	135.49	138.82	135.15
Food	MCD	2020-10-07	225.58	226.48	225.5	226.99	228.41	225.125
Food	MDLZ	2020-10-07	56.15	56.19	56.29	56.19	56.42	55.6686
Food	PEP	2020-10-07	135.94	137.01	136.42	137.1	137.52	135.76
Food	MCD	2020-10-08	226.09	225.8	227.28	227.5	227.08	224.29
Food	MDLZ	2020-10-08	56.48	56.5	56.34	56.57	56.7465	56.23
Food	PEP	2020-10-08	137.28	137.85	137	137.87	138.13	136.76
Food	MCD	2020-10-09	226.94	224.83	227.42	224.86	227.22	223.12
Food	MDLZ	2020-10-09	56.92	57.3	56.89	57.19	57.48	56.675
Food	PEP	2020-10-09	138.7	138.44	138.25	139	139.26	137.895
Food	MCD	2020-10-12	224.81	226.11	225	226.14	226.51	223.12
Food	MDLZ	2020-10-12	57.63	58.65	57.63	58.79	59.065	57.62
Food	PEP	2020-10-12	141.12	142.13	140.79	142.3	143.49	139.78
Food	MCD	2020-10-13	225.7	227.35	225	227.15	228.58	224.93
Food	MDLZ	2020-10-13	58.92	58.9	58.64	58.9	59.02	58.53
Food	PEP	2020-10-13	142.22	143.54	142.01	143.88	144	141.91
Food	MCD	2020-10-14	228.41	227.62	226.41	227.62	229.4803	227.35
Food	MDLZ	2020-10-14	58.66	58.585	58.9	58.52	59.11	58.11
Food	PEP	2020-10-14	143.55	142.52	143.42	142.52	144.11	141.625
Food	MCD	2020-10-15	226.15	229.64	225.91	230.46	230	225.59
Food	MDLZ	2020-10-15	57.8	58.34	58.1	58.44	58.49	57.63
Food	PEP	2020-10-15	141.16	141.43	141.65	141.04	141.97	140.62
Food	MCD	2020-10-16	229.77	229.37	229.99	228.65	231.91	229.1501
Food	MDLZ	2020-10-16	58.58	57.97	58.72	57.81	58.7	57.83
Food	PEP	2020-10-16	141.75	141.73	141.65	141.32	142.82	141.13
Food	MCD	2020-10-19	229.55	226	230	226	231.02	225.17
Food	MDLZ	2020-10-19	57.98	57.17	57.98	57.48	58.31	57.03
Food	PEP	2020-10-19	141.34	139.68	140.2227	140.47	142.53	139.25
Food	MCD	2020-10-20	226.74	227.45	229.6715	227.45	230	226.43
Food	MDLZ	2020-10-20	57.53	56.98	57.44	56.98	57.6143	56.8
Food	PEP	2020-10-20	141	139.71	140.4	139.76	141.215	139.4072
Food	MCD	2020-10-21	227.23	228.19	226.51	226.7901	229.49	227.21
Food	MDLZ	2020-10-21	56.66	56.82	56.95	56.82	57.245	56.64
Food	PEP	2020-10-21	139.6829	139.6	139.62	139	140.48	139.1
Food	MCD	2020-10-22	227.76	229.15	227	229.15	229.4	226.875
Food	MDLZ	2020-10-22	56.83	56.82	56.7	56.96	56.91	56.24
Food	PEP	2020-10-22	139.8	139.61	140	140.01	140.2	139.01
Food	MCD	2020-10-23	230.41	228.71	229.37	228.7	230.41	227.8
Food	MDLZ	2020-10-23	57.26	56.61	57.17	56.58	57.295	56.47
Food	PEP	2020-10-23	140.22	139.56	140.4	139.4	140.53	139.04
Food	MCD	2020-10-26	226.78	224.27	228	224.27	227.25	220.97
Food	MDLZ	2020-10-26	56.16	55.23	56.4	55.48	56.17	54.79
Food	PEP	2020-10-26	138.74	138.06	138.2465	137.85	139.08	136.41
Food	MCD	2020-10-27	224.47	222.97	224.47	222.25	225.23	222.72
Food	MDLZ	2020-10-27	55.13	55.01	55.6	54.81	55.76	54.93
Food	PEP	2020-10-27	138.571	139.12	138.62	138.21	139.89	138.3
Food	MCD	2020-10-28	218.39	214.69	220.15	215	220.5916	214.46
Food	MDLZ	2020-10-28	54.28	53.15	54.53	53.33	54.59	53.075
Food	PEP	2020-10-28	137.1506	134.17	137.94	134.5	137.71	133.94
Food	MCD	2020-10-29	214.69	214.95	215.92	213.97	217.65	213.07
Food	MDLZ	2020-10-29	53.14	53.19	53.6	52.43	53.78	52.51
Food	PEP	2020-10-29	133.755	133.99	134.72	132.01	135.63	132.2621
Food	MCD	2020-10-30	213.6	213	213	213.05	215.22	209.905
Food	MDLZ	2020-10-30	53.03	53.12	52.7	53.51	53.51	52.56
Food	PEP	2020-10-30	132.93	133.29	132.31	133.4	133.84	131.71
Food	MCD	2020-11-02	215.88	212.56	214.95	212.31	216.32	210.79
Food	MDLZ	2020-11-02	53.94	54.34	53.82	53.88	54.6	53.6
Food	PEP	2020-11-02	135.61	135.15	135	135.99	136.23	133.78
Food	MCD	2020-11-03	215.59	216.8	215.32	214.86	218.1	213.95
Food	MDLZ	2020-11-03	54.03	54.42	54.3	54.42	55.49	54
Food	PEP	2020-11-03	136.62	137.04	136.46	137.0537	138.6	136.28
Food	MCD	2020-11-04	215	214.87	217.47	214.35	219.47	213.3
Food	MDLZ	2020-11-04	55.61	54.94	54.78	54.94	55.81	54.67
Food	PEP	2020-11-04	139	137.86	137.78	137.7	141.7	137.66
Food	MCD	2020-11-05	216.07	216.31	217.2	216.19	218.2	214.68
Food	MDLZ	2020-11-05	55.56	55.64	55.8	55.56	56.105	55.375
Food	PEP	2020-11-05	139.3548	138.05	140.4	138.03	140.27	137.47
Food	MCD	2020-11-06	216	216.56	214.98	218.8	217.885	214.25
Food	MDLZ	2020-11-06	55.86	55.84	55.55	55.84	56.38	55.62
Food	PEP	2020-11-06	138.56	138.38	138.04	138.3	139.77	137.33
Food	MCD	2020-11-09	226.79	213.22	220.3	213	227.8477	207.17
Food	MDLZ	2020-11-09	57.75	55.92	56.4	55.74	58.24	55.88
Food	PEP	2020-11-09	142	138.45	140	138.43	143.6499	138.17
Food	MCD	2020-11-10	215.75	213.32	216.05	213.35	215.99	211.34
Food	MDLZ	2020-11-10	55.42	57.09	55.64	57.09	57.36	55.06
Food	PEP	2020-11-10	136.99	141.72	137.06	142.2	142.44	136.1935
Food	MCD	2020-11-11	214.81	218.02	214.45	218.02	219.25	214.3
Food	MDLZ	2020-11-11	57.2	57.74	57.49	58	58.095	57.04
Food	PEP	2020-11-11	142.8555	143.9	142.77	144.1	144.24	141.61
Food	MCD	2020-11-12	217.56	213.07	218.31	212.65	217.82	210.88
Food	MDLZ	2020-11-12	57.8	57.47	57.79	57.47	57.8	57
Food	PEP	2020-11-12	144.25	143.84	144.01	143.85	144.74	142.76
Food	MCD	2020-11-13	213.76	213.28	214.46	213.28	214.39	212.34
Food	MDLZ	2020-11-13	57.52	58.06	57.94	58.15	58.13	57.34
Food	PEP	2020-11-13	143.77	144.71	143.5	144.6955	144.89	143.27
Food	MCD	2020-11-16	215.5	216.73	215.3	216.45	216.75	213.6301
Food	MDLZ	2020-11-16	58.3	58.68	58.5	58.75	58.7	57.97
Food	PEP	2020-11-16	145	145.76	145	145.76	146.26	144.69
Food	MCD	2020-11-17	215.6	216.01	216.35	216	217.39	214.02
Food	MDLZ	2020-11-17	58.26	58.54	58.26	58.59	58.95	58.19
Food	PEP	2020-11-17	144.27	145.24	145	144.99	146.1	144.11
Food	MCD	2020-11-18	216.1	215.52	215.75	215.45	217.84	215.41
Food	MDLZ	2020-11-18	58.73	57.76	58.72	57.76	59.025	57.75
Food	PEP	2020-11-18	145.49	143.38	145.5	143.35	146.565	143.3
Food	MCD	2020-11-19	214.84	215.11	215.52	214	215.48	213.33
Food	MDLZ	2020-11-19	57.52	57.6	57.65	57.6	57.65	56.93
Food	PEP	2020-11-19	142.88	143.32	143.02	143.32	143.7	142.34
Food	MCD	2020-11-20	214.39	214.09	215.25	214	215.215	213.625
Food	MDLZ	2020-11-20	57.42	57.14	57.57	57.13	57.78	56.97
Food	PEP	2020-11-20	143.65	143.42	144.2	143.75	144.6366	143
Food	MCD	2020-11-23	215.14	217	214.51	217.69	217.6	214.65
Food	MDLZ	2020-11-23	57.1	57.35	57.25	57.35	57.51	56.87
Food	PEP	2020-11-23	143.31	143.02	143.8	143.47	143.65	141.88
Food	MCD	2020-11-24	219.01	219.71	218.29	219.9	221.25	218.25
Food	MDLZ	2020-11-24	57.51	57.82	57.46	57.82	58.03	57.355
Food	PEP	2020-11-24	143.19	144.03	143.59	145	144.36	142.82
Food	MCD	2020-11-25	219.98	219.34	219.71	219.78	220.59	217.92
Food	MDLZ	2020-11-25	58	57.49	57.9001	57.54	58.09	57.475
Food	PEP	2020-11-25	144.45	144.16	144.76	144.1744	144.9224	143.7
Food	MCD	2020-11-27	219.02	218.33	219.454	218.33	220.4	217.66
Food	MDLZ	2020-11-27	57.63	57.46	57.63	57.46	57.82	57.3
Food	PEP	2020-11-27	144.62	144.6	144.1536	144.6	145.28	144.18
Food	MCD	2020-11-30	216.46	217.44	217.24	218	217.57	214.43
Food	MDLZ	2020-11-30	57.25	57.45	57.3299	57.69	57.51	56.89
Food	PEP	2020-11-30	144.46	144.23	144.66	144.91	144.63	142.88
Food	MCD	2020-12-01	218.88	216.14	217.44	216.2	218.93	215.53
Food	MDLZ	2020-12-01	57.79	58.46	57.82	58.2	58.69	57.49
Food	PEP	2020-12-01	145.03	146.07	145.05	145.7	146.63	144.5
Food	MCD	2020-12-02	214	210.86	216.06	210.75	214.4	209.13
Food	MDLZ	2020-12-02	58.34	58.14	58.4349	58.56	58.75	57.82
Food	PEP	2020-12-02	145.88	144.62	145.95	144.74	146.94	143.89
Food	MCD	2020-12-03	210.94	211.51	211.07	211.3001	213.23	210.5581
Food	MDLZ	2020-12-03	58.26	58.56	58.24	58.74	58.78	58.23
Food	PEP	2020-12-03	143.02	144.45	144.3	144.44	144.96	143.02
Food	MCD	2020-12-04	211.6	210.74	211.88	210.65	213.38	210.1
Food	MDLZ	2020-12-04	58.73	59.03	58.68	59.03	59.115	58.625
Food	PEP	2020-12-04	143.87	145.85	144.55	145.6	145.98	143.855
Food	MCD	2020-12-07	208.53	208.89	210.3	208.17	209.11	206.19
Food	MDLZ	2020-12-07	58.9171	58.41	58.79	58.3002	58.985	58.13
Food	PEP	2020-12-07	145.68	145.37	145	145.28	146.56	144.62
Food	MCD	2020-12-08	206.55	208.39	208.7	208.54	209.1	206.41
Food	MDLZ	2020-12-08	58.26	58.29	58.25	58.29	58.6	58.03
Food	PEP	2020-12-08	145.33	145.52	144.5101	146	146.16	144.2903
Food	MCD	2020-12-09	209.49	208.69	208.6	208.69	209.5271	207.33
Food	MDLZ	2020-12-09	58.18	57.72	58.4799	57.9	58.25	57.42
Food	PEP	2020-12-09	145.56	145.69	145.58	146	146.1	144.275
Food	MCD	2020-12-10	208.5	208.04	208.69	208.04	208.76	207.07
Food	MDLZ	2020-12-10	58.01	57.18	57.7	57.18	58.08	57.08
Food	PEP	2020-12-10	146.04	144.67	146	144.6845	146.29	144.42
Food	MCD	2020-12-11	207.47	207.76	208	207.77	208.94	206.73
Food	MDLZ	2020-12-11	56.82	57.4	56.93	57.4	57.62	56.6847
Food	PEP	2020-12-11	143.63	144.97	144.32	144.97	145.1	143.41
Food	MCD	2020-12-14	210.73	211.92	209.27	212.85	214.74	210.21
Food	MDLZ	2020-12-14	57.37	57.29	57.49	57.46	57.94	57.26
Food	PEP	2020-12-14	145.25	144.23	145.02	144.23	146.47	144.05
Food	MCD	2020-12-15	213.22	214.86	213.79	214.84	216.21	212.7392
Food	MDLZ	2020-12-15	57.34	57.45	57.43	57.46	57.65	57.175
Food	PEP	2020-12-15	144.56	144.77	144.3	144.67	145.27	143.89
Food	MCD	2020-12-16	214.88	213.8	215.25	213.9	217.51	213.66
Food	MDLZ	2020-12-16	57.46	57.2	57.68	57.135	57.8	57.09
Food	PEP	2020-12-16	143.98	144.89	143.99	144.215	145.4699	143.9
Food	MCD	2020-12-17	215.39	214.25	214.61	214	215.785	213.53
Food	MDLZ	2020-12-17	57.24	57.93	57.13	57.93	58.095	57.1
Food	PEP	2020-12-17	145.25	145.71	144.89	145.75	146.2	145.18
Food	MCD	2020-12-18	215.15	215.08	214.25	214.25	216.85	213.82
Food	MDLZ	2020-12-18	58.12	58.32	57.93	58.34	58.41	57.84
Food	PEP	2020-12-18	146.33	146.93	146.2	146.93	147.1	145.495
Food	MCD	2020-12-21	210.62	211.67	213	211.58	212.55	208.01
Food	MDLZ	2020-12-21	57.32	57.68	58	57.73	57.815	57.05
Food	PEP	2020-12-21	145	145.4	146.93	145.02	145.66	143.47
Food	MCD	2020-12-22	211.2	211.92	212.3	211.65	212.905	210.37
Food	MDLZ	2020-12-22	57.4579	57.16	57.4579	57.15	57.65	56.97
Food	PEP	2020-12-22	144.6	144.02	145.1	144.02	145	143.475
Food	MCD	2020-12-23	212.3	212.02	212.0998	212.1	213.4338	211.79
Food	MDLZ	2020-12-23	57.52	57.35	57.51	57.35	57.73	57.33
Food	PEP	2020-12-23	144.49	144.41	144.02	144.26	145.6	144.074
Food	MCD	2020-12-24	212.12	211.39	212.1	211.39	212.74	211.14
Food	MDLZ	2020-12-24	57.42	57.85	57.49	57.85	57.865	57.32
Food	PEP	2020-12-24	144.83	145.06	144.83	145.06	145.11	144.14
Food	MCD	2020-12-28	212.99	214.02	212.3236	214.02	214.88	212.19
Food	MDLZ	2020-12-28	58.15	58.27	58.11	58.27	58.58	57.94
Food	PEP	2020-12-28	145.776	146.91	145.41	147.02	147.6	145.54
Food	MCD	2020-12-29	214.64	212.71	215.05	212.65	215.78	212.45
Food	MDLZ	2020-12-29	58.53	58.45	58.53	58.5	58.96	58.31
Food	PEP	2020-12-29	147.68	147.42	147.4199	147.15	148.77	146.84
Food	MCD	2020-12-30	212.96	211.56	213.55	211.9899	213.36	211.28
Food	MDLZ	2020-12-30	58.07	58	58.49	58	58.37	57.91
Food	PEP	2020-12-30	147.47	147.31	147.5	147.31	147.9899	147.01
Food	MCD	2020-12-31	211.25	214.58	211.68	214.51	214.93	210.78
Food	MDLZ	2020-12-31	58.1	58.47	58	58.47	58.53	57.61
Food	PEP	2020-12-31	147.48	148.3	147.48	148.4	148.46	146.64
Food	MCD	2021-01-04	214.49	210.22	215.21	210.85	214.72	208.22
Food	MDLZ	2021-01-04	58.49	57.92	58.48	57.94	60	57.33
Food	PEP	2021-01-04	147.01	144.27	148.4	144.15	147.78	141.94
Food	MCD	2021-01-05	210.18	211.48	210.5	211.78	211.95	209.62
Food	MDLZ	2021-01-05	57.8899	57.98	57.9	57.96	58.12	57.32
Food	PEP	2021-01-05	144.07	144.7	143.75	144.9	145.18	142.9
Food	MCD	2021-01-06	211.3	211	211.94	211.4	211.7083	209.03
Food	MDLZ	2021-01-06	57.99	57.87	57.89	57.87	58.325	57.66
Food	PEP	2021-01-06	141.67	142.93	144	143.47	143.6	141.59
Food	MCD	2021-01-07	213.22	211.98	213.4	212	213.22	210.56
Food	MDLZ	2021-01-07	57.72	57.76	57.22	57.79	58.35	57.35
Food	PEP	2021-01-07	142.81	142.47	143.59	142.37	143.145	141.145
Food	MCD	2021-01-08	212.9	215.87	212.75	216.4199	216.12	212.23
Food	MDLZ	2021-01-08	57.37	58.19	57.27	58.19	58.27	57.33
Food	PEP	2021-01-08	142.47	144.18	142.27	144.18	144.4	141.66
Food	MCD	2021-01-11	215.09	214.23	214.5101	214.5	216.12	213.1234
Food	MDLZ	2021-01-11	58.16	57.09	58.16	57.09	58.22	57.06
Food	PEP	2021-01-11	144.03	142.09	143.8	142.09	144.31	141.69
Food	MCD	2021-01-12	213.69	211.6	214.76	211.89	214.33	210.94
Food	MDLZ	2021-01-12	57.35	57.32	57.09	57.32	57.53	56.76
Food	PEP	2021-01-12	141.63	141.43	142.1	141.45	141.995	139.445
Food	MCD	2021-01-13	210.91	212.09	211.25	212.36	213.13	210.9046
Food	MDLZ	2021-01-13	57.09	57.37	56.58	57.36	57.73	57.015
Food	PEP	2021-01-13	141.12	142.59	140.91	142.5686	143.24	141
Food	MCD	2021-01-14	212.1	208.5	212.35	208.89	212.67	208
Food	MDLZ	2021-01-14	57.42	57.31	57.09	57.25	57.705	56.99
Food	PEP	2021-01-14	141.48	141.76	142.6	141.9	142.44	141.07
Food	MCD	2021-01-15	207.97	209.91	208.22	209.11	210.7	207.4203
Food	MDLZ	2021-01-15	57.23	57.22	57.37	57.19	57.495	56.69
Food	PEP	2021-01-15	141.45	141.39	141.8	141.24	142.6	140.53
Food	MCD	2021-01-19	210.68	209.09	211.34	209.11	211	207.88
Food	MDLZ	2021-01-19	57.49	57.14	57.45	57.09	57.7	57.02
Food	PEP	2021-01-19	142.375	142.06	142.4	141.58	142.58	141.44
Food	MCD	2021-01-20	210.15	213.63	209.86	213.65	214.41	209.63
Food	MDLZ	2021-01-20	57.14	57.1	57.14	57.14	57.34	56.62
Food	PEP	2021-01-20	141.04	141.33	141.98	141.33	141.78	139.92
Food	MCD	2021-01-21	214.06	213.53	214.25	213.95	215.96	213.32
Food	MDLZ	2021-01-21	56.92	56.12	57.71	56.08	57	55.95
Food	PEP	2021-01-21	140.29	139.61	141.45	139.43	140.79	138.74
Food	MCD	2021-01-22	212.51	213.38	212.4	213.35	214.14	211.17
Food	MDLZ	2021-01-22	56.07	56.25	56	56.25	56.58	55.92
Food	PEP	2021-01-22	139.5	138.59	139.31	138.59	139.54	138.23
Food	MCD	2021-01-25	212.22	213.34	213.4	213.34	214.05	210.56
Food	MDLZ	2021-01-25	55.99	56.87	56.3	56.87	57.05	55.785
Food	PEP	2021-01-25	138.0637	140.18	138.58	139.98	140.33	137.58
Food	MCD	2021-01-26	212.51	215.38	213.2	215.38	215.51	212.17
Food	MDLZ	2021-01-26	56.7904	57.59	56.88	57.18	57.72	56.58
Food	PEP	2021-01-26	141.31	141.8	140.18	141.03	142.085	139.75
Food	MCD	2021-01-27	212.39	207	214.98	208.65	213.15	207
Food	MDLZ	2021-01-27	56.99	56.42	57.11	56.4	57.98	56.285
Food	PEP	2021-01-27	140.505	138.04	141.45	138.04	142.33	137.55
Food	MCD	2021-01-28	208.63	206.82	208.5	206.65	210.36	205.13
Food	MDLZ	2021-01-28	56.6	57.12	56.27	55.99	57.585	56.392
Food	PEP	2021-01-28	138.83	139.19	137.84	138.55	140.79	137.76
Food	MCD	2021-01-29	205.11	207.84	206.49	207.01	209.4	203.11
Food	MDLZ	2021-01-29	55.05	55.44	55.6	55.43	56.84	54.96
Food	PEP	2021-01-29	138.1135	136.57	138.28	136.5	138.46	136.015
Food	MCD	2021-02-01	208.48	207.93	209.5	208	209.69	206.6
Food	MDLZ	2021-02-01	55.61	55.25	55.51	55.3	55.95	55.08
Food	PEP	2021-02-01	136.98	136.98	137.25	137.25	137.96	135.9001
Food	MCD	2021-02-02	208.09	209.76	207.98	209.76	212.63	207.645
Food	MDLZ	2021-02-02	55.61	56.16	55.32	56.07	56.77	55.19
Food	PEP	2021-02-02	137.45	138.38	137.7	138.1	139.525	136.6
Food	MCD	2021-02-03	208.35	208.71	210.15	208.77	209.99	207.93
Food	MDLZ	2021-02-03	55.84	55.28	56.06	55.28	55.94	55.19
Food	PEP	2021-02-03	137.75	138.02	138.35	138.02	138.95	137.07
Food	MCD	2021-02-04	210	211.03	209.27	211.45	212.11	208.67
Food	MDLZ	2021-02-04	55.31	56	55.38	56.03	56.315	55.18
Food	PEP	2021-02-04	137.75	139.68	137.96	139.02	139.76	137.75
Food	MCD	2021-02-05	212.59	212.58	211.6	212.59	214.18	212.01
Food	MDLZ	2021-02-05	56.05	56.21	56.09	56.21	56.54	55.94
Food	PEP	2021-02-05	140.49	140.96	140	141.7	142.12	140.09
Food	MCD	2021-02-08	212.53	211.58	213.25	211.57	212.99	209.96
Food	MDLZ	2021-02-08	56.11	56.02	56.24	56.02	56.44	55.775
Food	PEP	2021-02-08	141.19	140.4	141.7	140.5	141.81	139.5
Food	MCD	2021-02-09	212.07	215.98	211.27	215.98	216.18	211.77
Food	MDLZ	2021-02-09	56.23	55.5	56.15	55.5	56.24	55.41
Food	PEP	2021-02-09	141.13	139.6	140.8	139.81	141.15	139.49
Food	MCD	2021-02-10	216.88	214.4	216.48	214.25	217.31	213.81
Food	MDLZ	2021-02-10	55.84	55.25	55.75	55	55.94	54.98
Food	PEP	2021-02-10	141.12	137.7	140.55	137.4	141.12	136.76
Food	MCD	2021-02-11	214.54	214.27	214.8	214.24	214.8	212.4
Food	MDLZ	2021-02-11	55.11	55.68	54.82	55.67	55.75	55.05
Food	PEP	2021-02-11	137.85	134.97	137	135.06	138.205	134.34
Food	MCD	2021-02-12	214	213.9	215.3772	213.89	214.7	212.99
Food	MDLZ	2021-02-12	55.62	55.19	55.68	55.19	55.69	54.975
Food	PEP	2021-02-12	135.26	133.87	136	133.9999	135.6	133.45
Food	MCD	2021-02-16	214.37	215.03	215.45	215.03	216.94	213.83
Food	MDLZ	2021-02-16	55.15	54.88	55.112	54.76	55.28	54.7
Food	PEP	2021-02-16	134.5605	134.38	135.2	134.22	134.81	133.4
Food	MCD	2021-02-17	213.96	213.45	214.74	213.68	214.89	212.63
Food	MDLZ	2021-02-17	54.8	54.92	55.0432	55.12	55.07	54.62
Food	PEP	2021-02-17	134.06	134.46	135	134.46	135.07	133.8601
Food	MCD	2021-02-18	213.29	215.43	213.36	215.0201	215.8601	212.65
Food	MDLZ	2021-02-18	54.66	56.13	54.78	56.13	56.285	54.66
Food	PEP	2021-02-18	134.07	135.37	134.3	135.5	135.7	133.91
Food	MCD	2021-02-19	215.29	212.24	215.41	212.25	215.73	211.97
Food	MDLZ	2021-02-19	55.97	54.31	56.13	54.31	56.12	54.225
Food	PEP	2021-02-19	135.01	132.51	135.74	132.72	135.12	132.285
Food	MCD	2021-02-22	211.5	212.06	212	211.62	213	209.69
Food	MDLZ	2021-02-22	54.25	54.32	54.31	54.32	54.54	53.86
Food	PEP	2021-02-22	132.04	131.99	132.49	131.99	132.595	130.76
Food	MCD	2021-02-23	214.5	211.32	211.31	211	215.7	210.43
Food	MDLZ	2021-02-23	54.5	54.8	54	54.67	55.325	54.44
Food	PEP	2021-02-23	132.65	132.78	131.85	132.46	134.34	131.3
Food	MCD	2021-02-24	210.84	213.27	211.52	214	214.1	210.42
Food	MDLZ	2021-02-24	54.54	54.33	54.8	54.33	54.77	54.17
Food	PEP	2021-02-24	131.85	132.09	132.62	132.1	132.29	131.2
Food	MCD	2021-02-25	212.7	210.95	213.24	210.88	212.92	209.74
Food	MDLZ	2021-02-25	54.18	54.04	54.03	54.04	54.87	53.91
Food	PEP	2021-02-25	131.35	130	132.09	130	132.09	129.8
Food	MCD	2021-02-26	210.75	206.14	207.79	206.35	211.635	206.14
Food	MDLZ	2021-02-26	54.26	53.16	54.26	53.155926	54.29	53.15
Food	PEP	2021-02-26	130.57	129.19	130.03	129.25	130.87	128.57
Food	MCD	2021-03-01	207.35	208.25	207.05	208.64	210.38	207.35
Food	MDLZ	2021-03-01	53.63	53.66	53.8	53.68	54.17	53.4699
Food	PEP	2021-03-01	130.61	130.62	130.7	130.83	131.9699	130.34
Food	MCD	2021-03-02	208	208.67	208.25	208.71	209.9	206.19
Food	MDLZ	2021-03-02	53.84	53.68	53.67	53.82	54.1501	53.15
Food	PEP	2021-03-02	130.5	131.07	130.56	131.48	132.03	130.38
Food	MCD	2021-03-03	207.52	205.82	209.26	205.8	208.99	205.61
Food	MDLZ	2021-03-03	53.55	52.94	54.45	52.54	53.61	52.91
Food	PEP	2021-03-03	129.802	129.14	132	129	130.53	128.98
Food	MCD	2021-03-04	206.16	204.84	206	204.49	207.49	202.73
Food	MDLZ	2021-03-04	53.2	53.96	53	53.92	54.93	53.025
Food	PEP	2021-03-04	129.25	128.83	128.93	128.6	131.75	128.32
Food	MCD	2021-03-05	205.75	207.37	204.45	207.63	208.23	202.9592
Food	MDLZ	2021-03-05	54.12	55.58	53.96	55.59	55.91	54.12
Food	PEP	2021-03-05	129.64	133.03	128.85	133.05	133.41	129.19
Food	MCD	2021-03-08	207.7	209.11	206.5801	209.5	210.591	207.14
Food	MDLZ	2021-03-08	55.47	55.15	55.55	55.55	56.135	55.08
Food	PEP	2021-03-08	133.23	132.13	133.5	132.83	134.18	131.99
Food	MCD	2021-03-09	210.63	208.55	210.01	208.55	211.2	208.28
Food	MDLZ	2021-03-09	55.58	55.62	55.15	55.62	56.16	55.24
Food	PEP	2021-03-09	132.94	132.25	133.05	132	133.91	132
Food	MCD	2021-03-10	208.72	213.31	209	213.4	213.63	208.24
Food	MDLZ	2021-03-10	55.88	56.19	55.49	56.19	56.52	55.31
Food	PEP	2021-03-10	132.5226	133.58	132.4	133.99	134.47	130.54
Food	MCD	2021-03-11	214.7	211.57	213.92	211.99	215.23	211.49
Food	MDLZ	2021-03-11	55.94	56.27	56.53	56.18	56.61	55.78
Food	PEP	2021-03-11	133.345	133.22	134	133.22	134.58	133.1
Food	MCD	2021-03-12	212.04	212.34	211.57	212.5	214.24	211.42
Food	MDLZ	2021-03-12	56.24	56.87	57	56.87	56.9	56.24
Food	PEP	2021-03-12	133.12	133.04	132.07	133.0138	133.79	132.64
Food	MCD	2021-03-15	213.65	220.46	212.44	219.55	220.55	213.5
Food	MDLZ	2021-03-15	57	57.23	57.19	57.08	57.24	56.485
Food	PEP	2021-03-15	133.56	133.03	133.7	133.03	133.63	131.97
Food	MCD	2021-03-16	219.58	219.86	219.75	219.5	221.3	217.16
Food	MDLZ	2021-03-16	57.28	57.78	57.23	57.97	58.175	57.225
Food	PEP	2021-03-16	133.08	134.01	133.08	134.2	134.58	132.75
Food	MCD	2021-03-17	224.56	224.11	222.07	224.75	224.9	220.01
Food	MDLZ	2021-03-17	58	57.92	57.89	57.94	58.115	57.55
Food	PEP	2021-03-17	134.36	133.62	134.25	133.4	134.56	133.38
Food	MCD	2021-03-18	223.68	222.9	224.05	222.57	225.35	221.41
Food	MDLZ	2021-03-18	57.55	57.91	57.63	57.8	58.11	57.535
Food	PEP	2021-03-18	132.36	132.53	134.09	132.53	133.08	131.41
Food	MCD	2021-03-19	222.76	222.44	222.9	222.8	225.1828	221
Food	MDLZ	2021-03-19	57.87	58.1	57.79	57.91	58.32	57.76
Food	PEP	2021-03-19	132.31	134.5	132.83	134.2	135.01	132.18
Food	MCD	2021-03-22	223.39	225.07	222.22	225.45	226.91	222.65
Food	MDLZ	2021-03-22	57.555	58.835	57.8	58.79	58.87	57.49
Food	PEP	2021-03-22	135.63	137.8	135.21	138.2	138.2	135.09
Food	MCD	2021-03-23	223.96	224.37	224.61	224.1201	226.4	223.7513
Food	MDLZ	2021-03-23	58.82	58.6	58.64	58.74	59	58.43
Food	PEP	2021-03-23	138.45	139.46	138.14	139.8	140.17	138.18
Food	MCD	2021-03-24	225.32	224.05	224.8	224.37	227.02	224.04
Food	MDLZ	2021-03-24	58.33	58.06	58.6	58.05	58.62	57.89
Food	PEP	2021-03-24	139.01	138.81	138.83	139.07	140.11	138.78
Food	MCD	2021-03-25	225.15	224.2	225.05	224.2	225.32	222.44
Food	MDLZ	2021-03-25	58.39	58.56	58.09	58.59	58.71	57.915
Food	PEP	2021-03-25	139.18	139.63	138.6	140.2	140.25	138.34
Food	MCD	2021-03-26	224.2	225.21	224.51	224.03	225.28	222.42
Food	MDLZ	2021-03-26	58.59	59.44	58.56	59.44	59.47	58.18
Food	PEP	2021-03-26	139.62	142.7	139.5	142.7	143	139.13
Food	MCD	2021-03-29	224.83	227.35	224.95	227.5	227.875	224.3
Food	MDLZ	2021-03-29	59.34	60.18	59.57	60.2	60.23	59.245
Food	PEP	2021-03-29	142.87	144.81	142.69	144.9	144.96	142.415
Food	MCD	2021-03-30	226.13	224.98	226.74	224.8	227.02	224.22
Food	MDLZ	2021-03-30	59.8	58.78	59.99	58.78	59.98	58.59
Food	PEP	2021-03-30	143.68	142.54	144.06	142.54	144.75	142.12
Food	MCD	2021-03-31	224.01	224.14	224.61	223.75	226.49	224
Food	MDLZ	2021-03-31	58.31	58.53	58.95	58.5	59.0494	58.275
Food	PEP	2021-03-31	143.32	141.45	142.15	141.4	143.33	141.17
Food	MCD	2021-04-01	224.67	225.21	224.02	225.35	226.22	223.276
Food	MDLZ	2021-04-01	58.57	58.44	58.53	58.34	58.68	57.95
Food	PEP	2021-04-01	141.19	141.28	141.54	141.44	142.3	140.11
Food	MCD	2021-04-05	226.6	228.85	226.05	228.85	229.5	226.19
Food	MDLZ	2021-04-05	58.6	58.82	58.48	58.82	59.32	58.52
Food	PEP	2021-04-05	141.85	143.16	141.62	143.71	144.34	141.32
Food	MCD	2021-04-06	229.71	231.91	228.49	232.2	232.27	228.72
Food	MDLZ	2021-04-06	58.56	59.09	58.83	59.09	59.26	58.3
Food	PEP	2021-04-06	143.04	143.67	142.85	143.9	144.2	142.56
Food	MCD	2021-04-07	231.68	232.61	232.25	233	232.81	231.24
Food	MDLZ	2021-04-07	59.13	59.19	59.09	59.23	59.32	58.84
Food	PEP	2021-04-07	144	143.41	143.61	143.41	144.1	143.02
Food	MCD	2021-04-08	232.61	230.25	232.35	230.35	232.8	229.2
Food	MDLZ	2021-04-08	59.35	58.98	59.32	59.09	59.39	58.76
Food	PEP	2021-04-08	143.68	142.54	143.99	142.99	144.16	142.05
Food	MCD	2021-04-09	230.19	231.48	230.65	231.48	231.61	228.87
Food	MDLZ	2021-04-09	59.05	58.85	58.83	58.84	59.21	58.37
Food	PEP	2021-04-09	142.235	142.57	143.0999	142.1	143.14	141.61
Food	MCD	2021-04-12	231.48	230.96	230.34	230.77	232.38	230.49
Food	MDLZ	2021-04-12	58.9196	58.61	58.64	58.33	59.195	58.465
Food	PEP	2021-04-12	142.2	143.02	142.57	143.03	143.47	142.05
Food	MCD	2021-04-13	230.44	231.32	230.8	231.32	231.6626	229.69
Food	MDLZ	2021-04-13	58.47	58.69	58.4999	58.68	58.93	58.45
Food	PEP	2021-04-13	142.07	143.05	143.02	142.7	143.97	141.87
Food	MCD	2021-04-14	231.22	230.31	231.3	230.31	231.29	229.59
Food	MDLZ	2021-04-14	58.58	58.32	58.59	58.35	58.76	57.93
Food	PEP	2021-04-14	142.57	142.11	142.56	141.72	142.72	141.24
Food	MCD	2021-04-15	229.81	231.28	231.5	231.28	231.3599	229.2
Food	MDLZ	2021-04-15	58.51	58.71	58.76	58.78	59.05	58.4
Food	PEP	2021-04-15	141.67	142.31	142.11	142.1	143.1	141.42
Food	MCD	2021-04-16	233.65	233.08	232.3	233.08	234.26	232.31
Food	MDLZ	2021-04-16	58.81	58.77	58.71	58.77	58.9	58.43
Food	PEP	2021-04-16	143.46	144.16	142.5	144.4	144.32	142.46
Food	MCD	2021-04-19	233.12	231.81	232.5	231.51	233.295	230.83
Food	MDLZ	2021-04-19	59.04	58.69	58.88	58.69	59.16	58.545
Food	PEP	2021-04-19	144.49	144.75	143.8	144.72	145.6	143.26
Food	MCD	2021-04-20	231.24	233.01	231.7	232.8	233.21	231.08
Food	MDLZ	2021-04-20	58.77	59.21	58.62	59.2533	59.4616	58.315
Food	PEP	2021-04-20	144.13	145.71	144.32	146.15	146.65	143.93
Food	MCD	2021-04-21	233.3	232.26	232.69	232.04	233.86	231.85
Food	MDLZ	2021-04-21	59.37	59.57	59.09	59.57	59.795	59.3
Food	PEP	2021-04-21	147.345	146.98	147.05	146.9785	147.8	146.21
Food	MCD	2021-04-22	232.83	232.96	232.74	233.01	234.04	231.94
Food	MDLZ	2021-04-22	59.45	59.55	59.49	59.69	59.77	59.29
Food	PEP	2021-04-22	146.24	146.07	146.75	145.78	146.6509	145.38
Food	MCD	2021-04-23	233.79	234.58	232.96	234.35	235.24	233.1
Food	MDLZ	2021-04-23	59.59	59.51	59.59	59.5	59.96	59.37
Food	PEP	2021-04-23	145.51	145.83	146.07	145.58	146.34	145.06
Food	MCD	2021-04-26	234.78	232.31	234.79	232.2	235.35	231.91
Food	MDLZ	2021-04-26	59.47	58.77	59.3	58.92	59.61	58.67
Food	PEP	2021-04-26	145.55	143.36	145.31	143.64	145.77	142.98
Food	MCD	2021-04-27	232.57	234.98	232.1	235.17	235.63	232.408
Food	MDLZ	2021-04-27	58.61	58.72	58.85	60.5101	58.94	58.49
Food	PEP	2021-04-27	142.62	142.89	143.41	143.11	143.18	142.125
Food	MCD	2021-04-28	235.2	232.41	235.35	232.39	235.45	232.26
Food	MDLZ	2021-04-28	60.44	60.88	60.1	60.95	61.87	60.14
Food	PEP	2021-04-28	143.49	141.83	142.75	140.73	143.69	141.725
Food	MCD	2021-04-29	233.99	235.21	233.1	234.8	235.8	232.62
Food	MDLZ	2021-04-29	60.88	60.91	61.24	60.61	61.245	60.46
Food	PEP	2021-04-29	142.1	143.94	141.77	143.4999	144.43	141.97
Food	MCD	2021-04-30	234	236.08	234.29	236.06	236.29	233.87
Food	MDLZ	2021-04-30	60.94	60.81	60.73	60.86	61.0199	60.185
Food	PEP	2021-04-30	143.32	144.16	142.75	144.69	144.24	142.5
Food	MCD	2021-05-03	237.99	235.56	236.55	235.2	238.18	235.38
Food	MDLZ	2021-05-03	60.91	61.41	60.91	61.48	61.775	60.91
Food	PEP	2021-05-03	145.028	145.79	144.7	145.9	146.78	144.1
Food	MCD	2021-05-04	234.63	233.86	235.11	234.3899	236.13	233.24
Food	MDLZ	2021-05-04	61.37	60.74	61.96	60.65	61.78	60.555
Food	PEP	2021-05-04	145.98	143.96	145.61	143.56	146.77	143.49
Food	MCD	2021-05-05	234.12	235.04	234.99	235.04	235.35	231.56
Food	MDLZ	2021-05-05	60.94	61.14	60.74	60.9501	61.3	60.495
Food	PEP	2021-05-05	143.7153	143.89	144.5	143.96	144.57	143.5
Food	MCD	2021-05-06	235.54	234.86	235.05	235.0799	235.65	233.17
Food	MDLZ	2021-05-06	61.08	61.72	61.11	61.76	61.88	61.02
Food	PEP	2021-05-06	144.47	145.555	143.89	145.7	145.96	144.01
Food	MCD	2021-05-07	235	234.84	234.85	235.31	235.72	233.99
Food	MDLZ	2021-05-07	62.4387	61.85	61.99	61.99	62.4387	61.54
Food	PEP	2021-05-07	145.23	145.56	145.82	145.56	146	144.57
Food	MCD	2021-05-10	235.1	237.11	234.84	237.11	237.92	235.1
Food	MDLZ	2021-05-10	62.24	62.07	62	61.95	62.67	61.97
Food	PEP	2021-05-10	146.49	146.72	145.57	146.72	147.99	146.11
Food	MCD	2021-05-11	237.74	233.86	235.1	233.85	237.8	232.2
Food	MDLZ	2021-05-11	62.3366	61.95	61.99	62.07	62.63	61.505
Food	PEP	2021-05-11	147.17	145.65	145.99	146.72	147.6399	145.02
Food	MCD	2021-05-12	232.11	227.94	233	228.4	233.5716	227.57
Food	MDLZ	2021-05-12	62.14	61.56	61.76	61.58	62.14	61.4243
Food	PEP	2021-05-12	144.8774	144.23	145.21	144.43	145.74	143.85
Food	MCD	2021-05-13	228	229.77	226.5	230.11	231.076	227.88
Food	MDLZ	2021-05-13	61.47	62.39	61.47	62.49	62.74	61.37
Food	PEP	2021-05-13	144.24	146.37	143.98	146.32	147.12	143.58
Food	MCD	2021-05-14	230.71	231.72	231.6204	232	232.64	230.47
Food	MDLZ	2021-05-14	62.69	62.37	62.56	62.37	62.9	62.36
Food	PEP	2021-05-14	147.2	146.59	147.02	146.59	147.9	146.415
Food	MCD	2021-05-17	230.81	231.68	231	231.4	232.3	230.25
Food	MDLZ	2021-05-17	62.57	62.47	62.37	62.54	62.79	62.14
Food	PEP	2021-05-17	147	146.17	146.99	146.38	147.4	145.71
Food	MCD	2021-05-18	231.89	231.93	231.78	231.75	233.25	231.65
Food	MDLZ	2021-05-18	62.42	62.18	62.59	62.06	62.69	62.0721
Food	PEP	2021-05-18	146.64	145.51	146.2	145.5	146.95	145.32
Food	MCD	2021-05-19	230.23	230.15	230.7501	230	230.62	228.18
Food	MDLZ	2021-05-19	61.99	62.34	62.06	62.2	62.39	61.72
Food	PEP	2021-05-19	144.64	145.43	144.22	145.03	145.63	144.08
Food	MCD	2021-05-20	230.72	232.18	229.16	232.5	234.02	230.56
Food	MDLZ	2021-05-20	62.23	63.11	62.08	63.11	63.32	62.22
Food	PEP	2021-05-20	145.25	147.23	145	147.23	147.7299	145.11
Food	MCD	2021-05-21	232.42	231.24	232.3	231.24	233.4	230.31
Food	MDLZ	2021-05-21	63.2934	63.36	63.19	63.36	63.685	62.92
Food	PEP	2021-05-21	147.8734	147.1	147.7	147.1	148.31	146.52
Food	MCD	2021-05-24	231.52	231.91	231.51	231.91	232.65	231.02
Food	MDLZ	2021-05-24	63.52	63.68	63.48	63.74	64.02	63.4
Food	PEP	2021-05-24	147.64	147.85	147.75	148.18	148.35	147.01
Food	MCD	2021-05-25	232.17	232.14	231.9	232.53	232.77	230.71
Food	MDLZ	2021-05-25	63.82	63.71	63.65	63.87	63.82	63.2032
Food	PEP	2021-05-25	147.85	148.3	148.247	148.5	148.37	147.01
Food	MCD	2021-05-26	233.79	232.35	232.65	232.46	233.79	232.16
Food	MDLZ	2021-05-26	63.95	63.63	63.99	63.63	63.96	63.3805
Food	PEP	2021-05-26	147.91	148.3	148.3	148.39	148.67	147.68
Food	MCD	2021-05-27	233.01	234.86	233	234.35	235.08	232.4
Food	MDLZ	2021-05-27	63.62	63.31	63.54	63.39	63.83	63.255
Food	PEP	2021-05-27	148.56	146.51	148.1	147.15	148.77	146.44
Food	MCD	2021-05-28	234.13	233.89	234.2	233.89	234.41	232.45
Food	MDLZ	2021-05-28	63.53	63.53	63.54	63.52	63.84	63.47
Food	PEP	2021-05-28	147.41	147.94	147.29	148.1	148.5	147.235
Food	MCD	2021-06-01	235.98	233.24	234.33	233	235.99	232.74
Food	MDLZ	2021-06-01	63.8	63.33	63.54	63.15	63.96	63.11
Food	PEP	2021-06-01	148.78	147.63	148.3	147.63	148.85	147.09
Food	MCD	2021-06-02	233.97	233.78	232.5	233.78	234.33	232.81
Food	MDLZ	2021-06-02	63.44	63.62	63.33	63.69	63.65	63.29
Food	PEP	2021-06-02	148.2	148.22	148.07	148	148.53	147.23
Food	MCD	2021-06-03	232.57	232.45	233.28	232.45	232.76	230.15
Food	MDLZ	2021-06-03	63.37	63.74	62.9888	63.64	63.8	63.32
Food	PEP	2021-06-03	146.71	147.67	147.47	147.23	147.76	146.16
Food	MCD	2021-06-04	233.44	233.38	231.5	233.38	233.8	232.07
Food	MDLZ	2021-06-04	63.865	64.02	63.89	64	64.37	63.73
Food	PEP	2021-06-04	148	147.84	147.23	147.75	148.59	147.47
Food	MCD	2021-06-07	234	231.69	234	231.69	234.07	231.16
Food	MDLZ	2021-06-07	64.25	63.67	63.42	63.66	64.27	63.3
Food	PEP	2021-06-07	147.76	147.75	147.81	147.75	148.2499	146.71
Food	MCD	2021-06-08	231.5	232.64	231.22	232.64	233.98	231.34
Food	MDLZ	2021-06-08	63.63	63.29	63.78	63.29	63.805	63.17
Food	PEP	2021-06-08	147.7	146.37	148.081	146.37	147.87	145.915
Food	MCD	2021-06-09	232.98	231.47	232.64	231.02	234.32	231.45
Food	MDLZ	2021-06-09	63.15	63.31	62.85	63.27	63.5883	63.01
Food	PEP	2021-06-09	147.25	146.1	146.3	146.1	147.59	146.02
Food	MCD	2021-06-10	232.05	234.59	232.38	234.41	234.9	231.9301
Food	MDLZ	2021-06-10	63.34	63.63	63.22	63.63	63.855	63.295
Food	PEP	2021-06-10	146.31	147.6	146.24	147.6	148.015	146.13
Food	MCD	2021-06-11	235	236.93	234.01	237.05	237.5	234.71
Food	MDLZ	2021-06-11	63.88	63.78	63.69	63.79	63.88	63.39
Food	PEP	2021-06-11	148.05	147.69	147.62	147.69	148.12	146.79
Food	MCD	2021-06-14	237.18	236.98	236.89	236.9	237.7699	234.8132
Food	MDLZ	2021-06-14	63.32	63.79	63.46	63.79	63.8	63.25
Food	PEP	2021-06-14	147.47	148.57	147.51	148.43	148.63	146.79
Food	MCD	2021-06-15	237.525	236.35	237.5	236.35	237.8099	235.66
Food	MDLZ	2021-06-15	63.86	63.66	63.82	63.74	63.92	63.51
Food	PEP	2021-06-15	148.9	148.58	148.72	148.58	149.17	148.075
Food	MCD	2021-06-16	237.21	235.58	236.94	235.58	237.28	233.78
Food	MDLZ	2021-06-16	63.34	62.74	63.6	62.55	63.7917	62.71
Food	PEP	2021-06-16	148.86	147.1	148.54	146.7	149.27	146.75
Food	MCD	2021-06-17	235.08	233.88	235.08	233.85	236.27	233.28
Food	MDLZ	2021-06-17	62.7636	63.19	62.58	63.32	63.355	62.55
Food	PEP	2021-06-17	147.25	148.52	147	148.52	149	146.91
Food	MCD	2021-06-18	231.47	229.62	231.9951	229.3	232.89	228.82
Food	MDLZ	2021-06-18	63.04	62.14	62.57	61.92	63.15	61.87
Food	PEP	2021-06-18	147.98	145.42	148.68	145.3	147.98	145.23
Food	MCD	2021-06-21	230.63	232.9	231.14	233.49	233.225	229.47
Food	MDLZ	2021-06-21	62.43	62.66	61.74	62.75	62.89	62.19
Food	PEP	2021-06-21	145.7527	146.56	145.43	146.5	146.74	145.45
Food	MCD	2021-06-22	233.49	233.88	233.1	233.88	234.86	232.43
Food	MDLZ	2021-06-22	62.66	62.87	62.78	62.8701	63.04	62.54
Food	PEP	2021-06-22	146.73	146.78	146.72	146.78	147.5032	146.285
Food	MCD	2021-06-23	233.3	233.24	233.99	233.5	234.45	232.7
Food	MDLZ	2021-06-23	62.55	62.33	62.86	62.49	62.8	62.32
Food	PEP	2021-06-23	146.06	144.85	146.5416	144.9	146.125	144.83
Food	MCD	2021-06-24	234.1	233.33	233.84	233.33	235.1571	232.735
Food	MDLZ	2021-06-24	62.28	62.65	62.23	62.66	62.905	61.9
Food	PEP	2021-06-24	144.86	145.67	145.3	145.67	145.94	144.61
Food	MCD	2021-06-25	232.74	232.42	233	232.8	233.41	232.34
Food	MDLZ	2021-06-25	62.47	63.18	62.65	63.18	63.3	62.435
Food	PEP	2021-06-25	145.76	146.41	145.67	146.41	146.79	145.239
Food	MCD	2021-06-28	232.67	231.09	232.51	231.09	232.75	230.01
Food	MDLZ	2021-06-28	63.09	63.19	63.19	63.19	63.48	63.07
Food	PEP	2021-06-28	146.76	147.04	146.41	147.04	147.5901	146.62
Food	MCD	2021-06-29	231.53	230.37	231.5	230.5	231.71	230.05
Food	MDLZ	2021-06-29	62.82	62.34	62.79	62.34	63.02	62.155
Food	PEP	2021-06-29	147.445	146.94	147.25	146.8	147.7	146.4
Food	MCD	2021-06-30	230.92	230.99	230.47	231	232.25	230.6
Food	MDLZ	2021-06-30	62.26	62.44	62.34	62.48	62.57	62.18
Food	PEP	2021-06-30	147.43	148.17	147.12	148	148.31	147.2
Food	MCD	2021-07-01	231.41	232.27	231.5	232.2	232.3999	230.75
Food	MDLZ	2021-07-01	62.4	62.47	62.55	62.27	62.77	62.26
Food	PEP	2021-07-01	148.08	148.2	147.76	148.2	149.08	147.935
Food	MCD	2021-07-02	233.08	233.63	232.27	233.63	234.11	232.44
Food	MDLZ	2021-07-02	62.63	62.6	62.54	62.59	62.85	62.52
Food	PEP	2021-07-02	148.9	148.91	148.68	148.91	149.78	148.56
Food	MCD	2021-07-06	233.66	232.75	233.02	232.1	233.9	231
Food	MDLZ	2021-07-06	62.56	62.34	62.56	62.34	62.56	61.805
Food	PEP	2021-07-06	149.07	149.13	149.3	148.85	149.415	147.77
Food	MCD	2021-07-07	231.92	234.63	232	234.65	234.99	231.72
Food	MDLZ	2021-07-07	62.43	63.05	62.47	63.05	63.31	62.4
Food	PEP	2021-07-07	149.29	149.79	149.35	149.6	150.695	149
Food	MCD	2021-07-08	232.95	232.84	233.99	232.84	233.83	231.94
Food	MDLZ	2021-07-08	63.05	62.95	62.69	62.95	63.555	62.57
Food	PEP	2021-07-08	149.42	149.86	148.99	149.86	150.67	149.19
Food	MCD	2021-07-09	234.07	235.68	233.21	235.68	236.23	233.06
Food	MDLZ	2021-07-09	62.9	63.02	62.78	63.02	63.215	62.82
Food	PEP	2021-07-09	149.41	149.48	150.12	149.3	150.31	149.17
Food	MCD	2021-07-12	234.59	235.61	234.86	235.61	236.24	234.5
Food	MDLZ	2021-07-12	62.92	62.95	62.89	62.95	63.03	62.65
Food	PEP	2021-07-12	149.49	149.51	149.5	149.65	149.795	148.78
Food	MCD	2021-07-13	235.66	236.17	235.04	236.44	237.47	235.195
Food	MDLZ	2021-07-13	63.06	63.07	63.2	63.07	63.6	62.92
Food	PEP	2021-07-13	151.15	152.96	149.92	153.1	153.9116	150.75
Food	MCD	2021-07-14	237.03	237.13	236.87	237.1001	239.05	236.6401
Food	MDLZ	2021-07-14	63.39	63.51	63.09	63.45	63.73	63
Food	PEP	2021-07-14	152.89	154.54	152.01	154.35	155.14	152.8
Food	MCD	2021-07-15	236.59	236.88	236.6	236.87	237.39	234.92
Food	MDLZ	2021-07-15	63.37	64.12	63.46	64.06	64.17	63.35
Food	PEP	2021-07-15	154.07	155.25	153.6591	155.25	155.36	153.26
Food	MCD	2021-07-16	237.79	234.75	236.88	234.51	237.88	234.38
Food	MDLZ	2021-07-16	64.01	64.26	64.01	64.28	64.45	64.01
Food	PEP	2021-07-16	155.68	155.82	155.8982	155.97	156.835	155.11
Food	MCD	2021-07-19	232.51	229.26	233.37	229.95	233.315	226.42
Food	MDLZ	2021-07-19	64.82	64.02	64.24	64.17	64.965	63.43
Food	PEP	2021-07-19	155.99	155.8	155	156	157.54	154.76
Food	MCD	2021-07-20	230.65	234.27	229.25	235.32	235.52	230.2149
Food	MDLZ	2021-07-20	64.26	64.41	64.03	64.41	64.91	64.26
Food	PEP	2021-07-20	156.2	155.82	155.91	155.76	157.33	155.56
Food	MCD	2021-07-21	235.98	235.93	235.11	235.93	238.11	235.22
Food	MDLZ	2021-07-21	64.76	64.02	64.49	63.96	64.82	63.95
Food	PEP	2021-07-21	155.3	155.24	156.5	155.24	156.12	154.575
Food	MCD	2021-07-22	235.65	238.67	236.27	239.99	239.685	235.16
Food	MDLZ	2021-07-22	63.88	63.84	63.8	63.89	64.02	63.46
Food	PEP	2021-07-22	155.19	155.19	155.2	155.2001	155.76	153.972
Food	MCD	2021-07-23	240.13	242.96	240.25	242.96	245.05	239.6
Food	MDLZ	2021-07-23	64.13	64.89	63.6	64.8	65.1059	63.87
Food	PEP	2021-07-23	155.56	157.18	155.21	157.1	157.79	155.24
Food	MCD	2021-07-26	242	243.98	243.5	245.5399	244.57	241.5953
Food	MDLZ	2021-07-26	64.79	64.84	64.79	64.84	65.095	64.66
Food	PEP	2021-07-26	156.79	157.07	156.9	157.07	157.47	156.03
Food	MCD	2021-07-27	244.17	246.35	244.26	246	247.05	244.06
Food	MDLZ	2021-07-27	64.92	65.23	64.59	64	65.6	64.71
Food	PEP	2021-07-27	157.31	157.94	157.07	157.5101	158.66	157.03
Food	MCD	2021-07-28	242.5	241.78	245.9	241.9	243.8	239.35
Food	MDLZ	2021-07-28	63.88	63.4	64.83	63.4	64.67	63.19
Food	PEP	2021-07-28	157.6	156.49	157.51	156.87	157.96	155.909
Food	MCD	2021-07-29	243.32	244.02	242.68	243.13	245.2	242.9787
Food	MDLZ	2021-07-29	63.5344	63.33	63.26	63.4	63.94	63.24
Food	PEP	2021-07-29	157.23	156.81	156.53	157.29	157.43	156.2
Food	MCD	2021-07-30	243.85	242.71	243.4	242.72	245.41	242.21
Food	MDLZ	2021-07-30	63.35	63.26	63.17	63.25	63.655	63.13
Food	PEP	2021-07-30	157.37	156.95	156.9	156.95	157.6	156.62
Food	MCD	2021-08-02	244.24	240.1	243.7	240.12	244.676	239.69
Food	MDLZ	2021-08-02	63.37	63.46	63.34	63.46	63.86	63.31
Food	PEP	2021-08-02	157	156.32	157	156.32	157.11	155.51
Food	MCD	2021-08-03	239.56	236.95	240.49	236.44	239.95	235.25
Food	MDLZ	2021-08-03	63.39	63.38	63.58	63.38	63.59	63.22
Food	PEP	2021-08-03	157	156.67	157.29	156.6	157.15	156.31
Food	MCD	2021-08-04	236.45	234.83	237.5	234.99	236.6	233.05
Food	MDLZ	2021-08-04	63.62	61.72	63.01	61.58	63.62	61.55
Food	PEP	2021-08-04	156.19	154.05	156.75	154.05	156.66	153.87
Food	MCD	2021-08-05	235.74	236.42	235	235.8	236.8099	234.34
Food	MDLZ	2021-08-05	61.9684	61.86	61.83	61.86	62.075	61.619
Food	PEP	2021-08-05	154.98	154.31	154.28	154.35	155.19	153.87
Food	MCD	2021-08-06	236.68	236.26	236.6	236.01	237.14	235.67
Food	MDLZ	2021-08-06	61.96	61.77	61.78	61.77	62.11	61.6
Food	PEP	2021-08-06	153.77	154.33	154.36	154.33	154.76	153.64
Food	MCD	2021-08-09	235.79	234.68	235.54	234.72	236.07	234.03
Food	MDLZ	2021-08-09	62.02	62.02	61.99	62.14	62.255	61.9
Food	PEP	2021-08-09	154.64	154.35	154.64	154.35	154.79	153.71
Food	MCD	2021-08-10	235.1	233.45	234.1024	233.65	235.1	233.235
Food	MDLZ	2021-08-10	61.98	62.04	61.84	62.04	62.33	61.81
Food	PEP	2021-08-10	154.31	154.43	154.39	154.7	155.31	153.81
Food	MCD	2021-08-11	234.19	235.55	234.3952	235.56	235.939	233.75
Food	MDLZ	2021-08-11	62.12	62.47	62.06	62.41	62.78	61.995
Food	PEP	2021-08-11	154.71	155.04	154.71	155.05	156.02	154.47
Food	MCD	2021-08-12	236	236.67	236	236.32	236.76	235.05
Food	MDLZ	2021-08-12	62.693	62.39	62.49	62.33	62.693	62.2174
Food	PEP	2021-08-12	155.23	155.07	154.8557	155.07	155.3	154.6
Food	MCD	2021-08-13	236.79	238.82	236.67	238.58	239	236.27
Food	MDLZ	2021-08-13	62.61	63.36	62.42	63.36	63.41	62.5
Food	PEP	2021-08-13	155.1	156.52	154.61	156.55	156.67	154.9
Food	MCD	2021-08-16	239	240.97	237.6	240.97	241.05	238.56
Food	MDLZ	2021-08-16	63.5	63.69	63.29	63.69	63.96	63.33
Food	PEP	2021-08-16	156.93	158.05	156	158.05	158.12	156.7301
Food	MCD	2021-08-17	240.35	240.28	240.7	240.27	240.84	238.21
Food	MDLZ	2021-08-17	63.73	64.06	63.32	64.21	64.12	63.4499
Food	PEP	2021-08-17	157.9091	157.9	158.2	157.9	158.45	157.24
Food	MCD	2021-08-18	239.44	238.08	240.4	237.63	239.76	237.78
Food	MDLZ	2021-08-18	63.84	62.97	63.92	63.04	64.06	62.91
Food	PEP	2021-08-18	157.68	156.28	157.9568	155.97	158.2	156.2
Food	MCD	2021-08-19	236.68	237.23	236.22	237.23	238.12	236.065
Food	MDLZ	2021-08-19	62.91	63.68	62.73	63.6	63.75	62.79
Food	PEP	2021-08-19	155.82	158.91	154.8	158.91	159.42	155.78
Food	MCD	2021-08-20	236.96	238.49	236.96	238.49	239.39	236.32
Food	MDLZ	2021-08-20	63.69	63.49	63.68	63.49	63.83	63.27
Food	PEP	2021-08-20	158.93	158.35	158.97	158.25	159.63	158.25
Food	MCD	2021-08-23	239.46	239.66	239.0001	239.81	240.07	237.9875
Food	MDLZ	2021-08-23	63.43	63.1	63.64	63.1	63.54	62.97
Food	PEP	2021-08-23	157.83	157.85	158.35	157.85	158.52	157.3244
Food	MCD	2021-08-24	240.39	238.43	240.39	238.8	240.39	238.32
Food	MDLZ	2021-08-24	63.11	62.25	63.17	62.41	63.11	62.1
Food	PEP	2021-08-24	157.75	155.89	157.51	155.85	157.75	155.68
Food	MCD	2021-08-25	237.93	238.83	238.43	238.71	239.6	237.84
Food	MDLZ	2021-08-25	62.26	61.87	62.82	61.87	62.26	61.715
Food	PEP	2021-08-25	155.36	155.2	155.79	155.1	155.67	154.16
Food	MCD	2021-08-26	238.79	236.95	238.79	236.95	238.915	235.92
Food	MDLZ	2021-08-26	61.78	61.44	61.7	61.58	61.88	61.29
Food	PEP	2021-08-26	155.51	154.63	155.5	154.8	155.67	154.09
Food	MCD	2021-08-27	237.43	237.48	237.87	237.78	238.369	236.3735
Food	MDLZ	2021-08-27	61.44	61.89	61.45	62.14	62.12	61.32
Food	PEP	2021-08-27	154.84	154.94	154.64	154.98	155.41	154.21
Food	MCD	2021-08-30	237.34	236.59	237.64	236.7	237.76	235.855
Food	MDLZ	2021-08-30	61.771	62.16	61.73	62.23	62.24	61.65
Food	PEP	2021-08-30	155.18	156	154.62	156.2	156.17	155.01
Food	MCD	2021-08-31	235.75	237.46	235.8	237.430318	237.73	234.67
Food	MDLZ	2021-08-31	62.28	62.07	62.14	62.17	62.37	61.76
Food	PEP	2021-08-31	156.09	156.39	156.5	156.370451	156.47	155.34
Food	MCD	2021-09-01	237.88	238.15	237.88	238.15	239.04	237.21
Food	MDLZ	2021-09-01	62.33	62.33	62.06	62.33	62.55	62.035
Food	PEP	2021-09-01	156.84	157.91	157.1	158.1	158.19	156.51
Food	MCD	2021-09-02	239.2	239.87	238.99	239.5001	239.95	238.38
Food	MDLZ	2021-09-02	62.5	61.92	62.73	61.92	62.5	61.675
Food	PEP	2021-09-02	156.79	156.95	157.33	156.99	157.29	155.87
Food	MCD	2021-09-03	238.39	238.82	239.51	238.82	239.65	237.51
Food	MDLZ	2021-09-03	61.76	61.72	61.65	61.6	61.91	61.05
Food	PEP	2021-09-03	156.2	157.09	157	156.82	157.42	155.9
Food	MCD	2021-09-07	238.61	236.19	238.3	236.19	238.61	235.95
Food	MDLZ	2021-09-07	61.38	60.04	61.05	60.22	61.56	59.94
Food	PEP	2021-09-07	156.48	154.53	157.09	154.53	156.76	153.68
Food	MCD	2021-09-08	236.8	238.62	236.43	238.5999	239.46	236
Food	MDLZ	2021-09-08	60.18	60.86	60.4	60.86	60.945	59.91
Food	PEP	2021-09-08	154.66	156.72	154.53	156.72	156.75	154.3
Food	MCD	2021-09-09	238.42	238.61	238.04	238.3	241.43	237.77
Food	MDLZ	2021-09-09	60.91	60.61	61.08	60.61	60.91	60.53
Food	PEP	2021-09-09	156.88	155.73	156.88	155.5	156.97	155.4
Food	MCD	2021-09-10	240.32	239.18	239.65	239.18	241.32	239.04
Food	MDLZ	2021-09-10	60.42	60.23	60.64	60.33	60.6	60.095
Food	PEP	2021-09-10	155.98	155.46	156.41	155.45	156.25	155.01
Food	MCD	2021-09-13	240.83	241.21	240	241.24	241.8	239.84
Food	MDLZ	2021-09-13	60.59	60.77	60.47	60.79	61.44	60.53
Food	PEP	2021-09-13	155.94	155.76	156.23	155.78	157.4	155.39
Food	MCD	2021-09-14	241.73	241.13	241.21	241.19	242.25	239.5
Food	MDLZ	2021-09-14	60.76	60.35	60.88	60.35	60.98	60.19
Food	PEP	2021-09-14	156.38	155.15	155.75	155.15	156.67	154.82
Food	MCD	2021-09-15	240.47	240.98	241.13	240.98	241.27	238.18
Food	MDLZ	2021-09-15	60.3	60.51	60.37	60.51	60.67	60.06
Food	PEP	2021-09-15	155.22	156.02	155.8	156	156.38	154.78
Food	MCD	2021-09-16	240.29	243.21	240.97	242.95	243.59	239.95
Food	MDLZ	2021-09-16	60.62	60.71	60.62	60.62	60.925	60.08
Food	PEP	2021-09-16	155.39	155.56	155.6	155.56	156.12	153.805
Food	MCD	2021-09-17	243.84	242.49	243	242.49	244.63	241.88
Food	MDLZ	2021-09-17	60.48	60.94	60.78	60.92	61.22	60.15
Food	PEP	2021-09-17	155.23	154.13	154.5	153.67	155.5	153.83
Food	MCD	2021-09-20	239.88	239.09	240.02	239.09	241.96	236.64
Food	MDLZ	2021-09-20	60.77	60.43	60.41	60.31	61.06	59.99
Food	PEP	2021-09-20	153.9	153.61	153.36	153.01	154.95	152.42
Food	MCD	2021-09-21	240	240.5	240.57	239.54	242.35	239.4
Food	MDLZ	2021-09-21	60.69	60.22	60.43	59.95	61.14	60.115
Food	PEP	2021-09-21	154.61	153.54	154.41	153.59	156.12	152.97
Food	MCD	2021-09-22	241.8	243.13	241.8	243.25	245.86	241.465
Food	MDLZ	2021-09-22	60.6	60.56	60.68	60.67	60.97	60.355
Food	PEP	2021-09-22	154.62	154.01	154.2	154.35	155.09	153.45
Food	MCD	2021-09-23	243.74	244.78	244.5	245.9	245.95	243.53
Food	MDLZ	2021-09-23	60.5	60.73	60.79	60.73	61.12	60.46
Food	PEP	2021-09-23	153.69	154.13	154.88	153.75	154.93	153.54
Food	MCD	2021-09-24	246.64	246.42	245.64	246.12	247.38	245.24
Food	MDLZ	2021-09-24	60.39	60.36	60.33	60.36	60.71	60.21
Food	PEP	2021-09-24	153.75	154.2	154.39	154.15	154.62	153.55
Food	MCD	2021-09-27	246	248.11	246.12	248.11	248.9	245.275
Food	MDLZ	2021-09-27	60.16	59.47	60.35	59.47	60.55	59.39
Food	PEP	2021-09-27	153.8	152.72	155	152.72	154.15	152.39
Food	MCD	2021-09-28	247.29	243.77	246.5	244	247.71	242.91
Food	MDLZ	2021-09-28	59.19	58.7	59.35	58.9	59.3	58.21
Food	PEP	2021-09-28	152.3696	151.05	152.11	151.06	152.5	150.1
Food	MCD	2021-09-29	244.38	244.28	244.6	244.77	245.71	243.15
Food	MDLZ	2021-09-29	58.24	59.05	58.24	59.41	59.49	58.025
Food	PEP	2021-09-29	151.34	152.3	151.81	152.32	153.17	150.69
Food	MCD	2021-09-30	244.77	241.11	244.77	241.52	245.4208	240.82
Food	MDLZ	2021-09-30	59.12	58.18	59.06	58.18	59.295	58.12
Food	PEP	2021-09-30	153.22	150.41	152.41	150.99	153.43	150.37
Food	MCD	2021-10-01	243.07	242.93	239.54	242.93	244.69	240.25
Food	MDLZ	2021-10-01	58.35	58.21	58.36	58.21	58.54	57.68
Food	PEP	2021-10-01	151.35	150.95	150	150.93	151.61	149.52
Food	MCD	2021-10-04	242.06	243.08	242.95	243.25	244.81	241.86
Food	MDLZ	2021-10-04	58.21	58.07	58.15	58.07	58.78	57.625
Food	PEP	2021-10-04	150.88	150.2	150.46	149.49	153	149.48
Food	MCD	2021-10-05	243.97	245.22	243.08	246.99	246.88	243.01
Food	MDLZ	2021-10-05	58	58.83	58	58.95	59.11	57.9
Food	PEP	2021-10-05	151.3579	151.09	150.16	150.8	152.39	150.07
Food	MCD	2021-10-06	244.56	247.1	243.63	247.75	247.16	243.02
Food	MDLZ	2021-10-06	58.89	60.2	58.03	60.41	60.245	58.35
Food	PEP	2021-10-06	150.84	154.96	150.03	155.26	155.16	149.96
Food	MCD	2021-10-07	248	248.32	248.2	248.32	249.95	247.68
Food	MDLZ	2021-10-07	60.06	59.89	60.67	59.897186	60.34	59.79
Food	PEP	2021-10-07	155.52	156.39	155.75	156.75	157.75	155.52
Food	MCD	2021-10-08	249.25	247.7	248.32	247.98	249.63	247.11
Food	MDLZ	2021-10-08	59.96	59.54	59.86	59.54	60	59.405
Food	PEP	2021-10-08	156.57	156.03	157.17	155.98	156.71	155.49
Food	MCD	2021-10-11	248.1	246.58	246.53	246.5	249.14	246.45
Food	MDLZ	2021-10-11	59.85	59.42	59.34	59.54	59.85	59.34
Food	PEP	2021-10-11	156.39	156.24	155.53	156.24	157.23	155.66
Food	MCD	2021-10-12	247.73	244.52	247.41	244.33	248.6	244.175
Food	MDLZ	2021-10-12	59.63	59.67	59.71	59.67	59.91	59.42
Food	PEP	2021-10-12	156.22	156.93	156	156.7	157.85	156.21
Food	MCD	2021-10-13	243.27	242.65	244.81	242.95	243.872	239.9
Food	MDLZ	2021-10-13	59.95	59.96	59.5	59.96	60.4	59.365
Food	PEP	2021-10-13	157.46	157.99	157.18	158.22	158.05	156.02
Food	MCD	2021-10-14	242.88	244.55	243.4	244.55	245.42	242.04
Food	MDLZ	2021-10-14	60.3	60.63	59.78	60.63	60.74	60.17
Food	PEP	2021-10-14	158.62	159.26	158.25	159.4	159.49	158.61
Food	MCD	2021-10-15	245.24	242.25	244.8	242.15	246.38	241.99
Food	MDLZ	2021-10-15	60.63	60.15	60.63	60.3	60.67	59.76
Food	PEP	2021-10-15	159.66	158.81	159.81	158.67	159.66	157.51
Food	MCD	2021-10-18	242.42	242.26	242.2	243.2	243.45	241.13
Food	MDLZ	2021-10-18	59.89	59.75	59.97	59.65	60.1	59.33
Food	PEP	2021-10-18	158.202	158.09	158.19	158.09	158.7	156.8
Food	MCD	2021-10-19	243.22	242.77	243.18	242.42	243.93	241.53
Food	MDLZ	2021-10-19	59.9	59.79	59.9	59.67	59.9	59.33
Food	PEP	2021-10-19	158.64	160.1	158.65	160.29	160.16	157.54
Food	MCD	2021-10-20	240.4	239.72	242.73	239.72	242.645	239.285
Food	MDLZ	2021-10-20	59.99	60.29	60.2	60.29	60.53	59.86
Food	PEP	2021-10-20	160.58	161.31	160.11	161.31	161.88	159.68
Food	MCD	2021-10-21	240.17	241.4	239.75	241.5	241.9096	239.31
Food	MDLZ	2021-10-21	60.17	60.16	60.1	60.1601	60.3	59.75
Food	PEP	2021-10-21	161.39	159.18	161.31	159.6999	161.43	158.98
Food	MCD	2021-10-22	240.71	238.44	242.25	238.4399	242.24	238
Food	MDLZ	2021-10-22	60.12	60.52	60.18	60.4	60.59	60.1
Food	PEP	2021-10-22	159.58	159.97	159.41	159.51	160.47	159.47
Food	MCD	2021-10-25	239.23	237.34	238.44	237.87	239.25	236.5
Food	MDLZ	2021-10-25	60.7	60.34	60.65	60.32	60.9	60.12
Food	PEP	2021-10-25	159.95	159.22	159.97	159.22	159.95	158.79
Food	MCD	2021-10-26	237.47	236.42	238.08	236.2999	238.4	236.14
Food	MDLZ	2021-10-26	60.32	60.83	60.32	60.82	61.08	60.17
Food	PEP	2021-10-26	159.17	161.17	159.9308	161.34	161.4	159.1
Food	MCD	2021-10-27	241.05	242.73	237	243.4	244.62	238.85
Food	MDLZ	2021-10-27	60.96	60.39	60.74	60.4	60.96	60.125
Food	PEP	2021-10-27	161.75	160.61	160.89	160.62	161.84	159.56
Food	MCD	2021-10-28	243.4	245.5	243	245.4	246.08	242.53
Food	MDLZ	2021-10-28	60.42	60.95	60.32	60.96	60.98	60.22
Food	PEP	2021-10-28	160.85	161.62	160.61	162.45	161.73	160.465
Food	MCD	2021-10-29	243	245.55	244.75	245.55	246.09	242.47
Food	MDLZ	2021-10-29	60.92	60.74	60.95	60.74	61.16	60.64
Food	PEP	2021-10-29	161.03	161.6	161.4	161.6	162.26	160.905
Food	MCD	2021-11-01	245.8	250.58	246.7	250.99	251.69	245.34
Food	MDLZ	2021-11-01	60.7	60.91	60.74	60.91	61.35	60.55
Food	PEP	2021-11-01	161.2	161.26	162.1	161.01	161.5	160.18
Food	MCD	2021-11-02	251.76	249.24	251.73	249.25	252.22	248.1646
Food	MDLZ	2021-11-02	60.9	61.36	61.17	62.8	61.38	60.37
Food	PEP	2021-11-02	161.55	162.74	161.26	162.89	162.81	160.94
Food	MCD	2021-11-03	247.99	250.4	249.25	250.01	251.125	247.91
Food	MDLZ	2021-11-03	63.045	62.34	61.97	62.34	63.41	61.91
Food	PEP	2021-11-03	162.15	164.3	162.89	164.3	164.39	162.15
Food	MCD	2021-11-04	251.12	253.46	251	253.46	254.18	250.2
Food	MDLZ	2021-11-04	61.77	62.09	62.04	62.12	62.42	61.68
Food	PEP	2021-11-04	164.22	164.31	164.45	164.4	164.56	163.35
Food	MCD	2021-11-05	254.69	254.71	253.54	252.3	257.53	254.62
Food	MDLZ	2021-11-05	62.5	62.26	62.51	62.38	62.72	62.14
Food	PEP	2021-11-05	165.55	166	164.8	165.34	166.43	164.52
Food	MCD	2021-11-08	254.78	253.1	254.7	252.8	255.65	251.93
Food	MDLZ	2021-11-08	62.29	61.88	62.4	61.76	62.4	61.52
Food	PEP	2021-11-08	165.81	162.43	166	162.42	166.1	161.1546
Food	MCD	2021-11-09	252.91	252.65	252.8	252.14	253.69	250.45
Food	MDLZ	2021-11-09	61.88	62.24	61.81	62	62.36	61.67
Food	PEP	2021-11-09	162.31	163.51	162.44	163.2	163.86	162
Food	MCD	2021-11-10	250.81	253.13	252.6	253.13	253.72	250.81
Food	MDLZ	2021-11-10	62.52	62.73	62.24	62.72	62.97	62.33
Food	PEP	2021-11-10	164.74	164.04	163.1401	164.05	165	163.025
Food	MCD	2021-11-11	253.33	250.16	253.81	250.21	253.33	249.26
Food	MDLZ	2021-11-11	62.68	62.47	62.61	62.51	62.75	62.1
Food	PEP	2021-11-11	163.97	162.69	164.5	162.69	163.98	162.55
Food	MCD	2021-11-12	250.15	250.67	250.16	250.7	251.01	248.89
Food	MDLZ	2021-11-12	62.5861	62.78	62.68	62.78	63.18	62.3
Food	PEP	2021-11-12	163.01	162.65	163.14	162.65	163.93	162.08
Food	MCD	2021-11-15	250.67	252.94	251.2	252.94	253.76	250.67
Food	MDLZ	2021-11-15	62.751	62.85	62.79	62.85	62.95	62.51
Food	PEP	2021-11-15	162.51	163.8	162.35	163.81	163.88	162.49
Food	MCD	2021-11-16	253.5	252.46	253.35	252.3	254.19	252.38
Food	MDLZ	2021-11-16	62.92	62.47	62.83	62.5899	63.35	62.43
Food	PEP	2021-11-16	164.27	163.31	164.4505	162.95	164.99	163.23
Food	MCD	2021-11-17	252.41	252.69	252.6	252.2	253.335	250.52
Food	MDLZ	2021-11-17	62.18	62.17	62.45	62.13	62.44	61.97
Food	PEP	2021-11-17	162.62	163.37	162.59	163.37	163.671	162.08
Food	MCD	2021-11-18	253.16	253.48	252.48	253.5	253.49	251.08
Food	MDLZ	2021-11-18	62.02	62.34	61.9701	62.47	62.59	61.86
Food	PEP	2021-11-18	162.81	163.42	163.5615	163.54	163.52	161.7501
Food	MCD	2021-11-19	253.29	251.95	252.7	251.75	253.32	250.225
Food	MDLZ	2021-11-19	62.6	60.52	62.21	60.64	62.62	60.42
Food	PEP	2021-11-19	164.5	163.81	162.49	164	165.0269	163.44
Food	MCD	2021-11-22	252.67	253.48	251.79	253.48	255.45	252.21
Food	MDLZ	2021-11-22	60.4	60.97	60.53	60.97	61.36	59.935
Food	PEP	2021-11-22	163.2028	164.15	163.56	164.38	166.8	163.18
Food	MCD	2021-11-23	254.81	255.65	255.5	255.3	255.79	253.05
Food	MDLZ	2021-11-23	61	61.41	60.82	61.84	61.595	60.88
Food	PEP	2021-11-23	163.56	165.25	164.2	165.24	165.72	163.3079
Food	MCD	2021-11-24	254.5	257.11	255.64	257.49	257.79	254.05
Food	MDLZ	2021-11-24	61.4	61.32	61.34	61.32	61.8	60.95
Food	PEP	2021-11-24	165.088	163.74	165.23	163.74	165.5	162.58
Food	MCD	2021-11-26	252.51	250.01	252	249	253.16	248.27
Food	MDLZ	2021-11-26	61.03	60.25	60.5	60.25	61.405	60.09
Food	PEP	2021-11-26	162.71	161.14	160.72	161.21	163.66	160.89
Food	MCD	2021-11-29	251.85	250.3	249.96	251.44	252.32	249.83
Food	MDLZ	2021-11-29	60.42	60.64	60.37	60.77	60.78	59.89
Food	PEP	2021-11-29	162.67	164.14	161.24	164.39	164.58	161.14
Food	MCD	2021-11-30	247.38	244.6	246.51	245.01	247.9	243.95
Food	MDLZ	2021-11-30	60.415	58.94	60	59.24	60.43	58.6
Food	PEP	2021-11-30	163.83	159.78	163.5	160.11	164	158.39
Food	MCD	2021-12-01	245.76	244.18	247.9	244.51	250.9	244.11
Food	MDLZ	2021-12-01	59.37	58.56	59.39	58.69	59.755	58.51
Food	PEP	2021-12-01	162.47	160.16	161.61	161	163.25	160.05
Food	MCD	2021-12-02	245.66	248.8	245.33	248.9	250.34	245
Food	MDLZ	2021-12-02	58.81	59.46	58.98	59.44	59.865	58.68
Food	PEP	2021-12-02	160.1324	160.62	160.43	160.5	161.69	159.83
Food	MCD	2021-12-03	250.32	249.33	248.5	249.46	250.68	247.57
Food	MDLZ	2021-12-03	59.8	60.26	59.29	60.26	60.57	59.69
Food	PEP	2021-12-03	161.47	164.71	160.39	164.8	164.88	161.34
Food	MCD	2021-12-06	252.4	255.79	250.74	255.79	256.93	252.37
Food	MDLZ	2021-12-06	60.68	61.42	60.48	61.42	61.72	60.68
Food	PEP	2021-12-06	166.05	166.42	165	166.25	167.29	165.79
Food	MCD	2021-12-07	256.95	259.91	257.69	259.91	260.38	256.445
Food	MDLZ	2021-12-07	61.42	61.41	61.95	61.41	61.935	61.22
Food	PEP	2021-12-07	166.42	166.23	167.2	166.36	166.96	165.66
Food	MCD	2021-12-08	260	259.58	261.71	259.58	262.81	259.09
Food	MDLZ	2021-12-08	61.33	60.88	61.53	60.88	61.37	60.03
Food	PEP	2021-12-08	166.14	166.52	166.51	166.52	166.69	164.03
Food	MCD	2021-12-09	259.5	262.34	258.64	262.5	263.1	258.36
Food	MDLZ	2021-12-09	60.86	60.99	60.86	60.99	61.07	60.52
Food	PEP	2021-12-09	165.92	166.31	166.52	166.31	166.88	164.85
Food	MCD	2021-12-10	263.88	264.97	263.4	264.72	265.27	262.43
Food	MDLZ	2021-12-10	61.51	62.26	60.88	62.26	62.4	61.1
Food	PEP	2021-12-10	167.54	168.97	166.93	168.97	169.12	166.9
Food	MCD	2021-12-13	264.22	263.09	265.22	262.82	265.86	262.4
Food	MDLZ	2021-12-13	62.3	63.17	62.26	63.17	63.51	61.9
Food	PEP	2021-12-13	168.93	169.81	169.4	170.2	171.255	168.05
Food	MCD	2021-12-14	263	262.52	263.4	262.72	263.59	261.75
Food	MDLZ	2021-12-14	63.13	63.39	62.86	63.56	63.43	62.97
Food	PEP	2021-12-14	169.35	169.39	169.54	169.79	170.39	168.3
Food	MCD	2021-12-15	262.16	264.52	262.5	264.21	265.67	261.41
Food	MDLZ	2021-12-15	63.58	64.79	63.4	64.68	64.97	63.47
Food	PEP	2021-12-15	169.77	171.57	169.84	171.57	171.78	169.46
Food	MCD	2021-12-16	265.56	265.55	265.65	265.99	266.89	264.09
Food	MDLZ	2021-12-16	64.67	65.69	64.98	65.73	66.04	64.33
Food	PEP	2021-12-16	171.57	171.82	172.2	172.15	173.56	171.02
Food	MCD	2021-12-17	264	261.7	266.29	261.7	264.85	260.88
Food	MDLZ	2021-12-17	65.61	64.96	65.5	65.37	66.06	64.93
Food	PEP	2021-12-17	171.11	168.3	171.7	168.3	172.38	168.05
Food	MCD	2021-12-20	259.63	261.73	257.04	263.75	261.96	258.43
Food	MDLZ	2021-12-20	64.77	64.78	64.78	64.93	64.95	64.39
Food	PEP	2021-12-20	167.1583	169.42	166.48	169.42	169.5	166.75
Food	MCD	2021-12-21	264.29	264.39	262.08	264.88	266.48	263.42
Food	MDLZ	2021-12-21	64.67	64.32	64.77	64.32	64.86	64.09
Food	PEP	2021-12-21	169.23	168.92	170.5	168.92	169.6025	167.775
Food	MCD	2021-12-22	264.32	264.94	264.83	264.94	265.44	264.07
Food	MDLZ	2021-12-22	64.12	64.83	64.4	64.83	64.95	64.11
Food	PEP	2021-12-22	168.96	169.97	168.74	169.51	169.99	168.27
Food	MCD	2021-12-23	265.92	265.95	265.92	266	267.37	265.45
Food	MDLZ	2021-12-23	64.95	64.94	65.03	64.94	65.2461	64.79
Food	PEP	2021-12-23	169.9781	169.78	169.68	169.78	170.63	169.25
Food	MCD	2021-12-27	266.47	268.24	265.85	267.81	268.26	266
Food	MDLZ	2021-12-27	64.95	65.52	64.89	65.53	65.56	64.78
Food	PEP	2021-12-27	169.985	171.47	170.25	171.47	171.56	169.765
Food	MCD	2021-12-28	267.58	267.88	268.75	267.88	269.22	267.25
Food	MDLZ	2021-12-28	65.615	66.01	65.615	66.18	66.08	65.51
Food	PEP	2021-12-28	171.46	172.36	171.5	172.36	172.79	171.2
Food	MCD	2021-12-29	268.45	268.49	268.6	268	269.7198	267.95
Food	MDLZ	2021-12-29	66.09	66.37	65.6571	66.45	66.535	65.9
Food	PEP	2021-12-29	172.79	172.97	172.79	172.9	173.46	171.93
Food	MCD	2021-12-30	269	267.21	269	266.9999	269.255	266.7
Food	MDLZ	2021-12-30	66.21	65.75	66.35	65.85	66.34	65.69
Food	PEP	2021-12-30	173.54	172.67	173.44	172.67	173.62	172.23
Food	MCD	2021-12-31	268	268.07	268	268.07	269.12	267.21
Food	MDLZ	2021-12-31	65.78	66.31	65.83	66.31	66.395	65.69
Food	PEP	2021-12-31	172.46	173.71	171.9	173.76	174.015	172.11
Food	MCD	2022-01-03	269.49	268.58	270.85	268.5	270.73	265.56
Food	MDLZ	2022-01-03	65.75	65.97	66.58	65.95	66.06	65.08
Food	PEP	2022-01-03	172.2	172.98	174.3	172.98	173.19	170.565
Food	MCD	2022-01-04	269.5	268.51	268.5	268	271.15	268.27
Food	MDLZ	2022-01-04	65.99	66.45	65.86	66.45	67.145	65.87
Food	PEP	2022-01-04	172.66	173.23	174.11	173.23	174.45	172.2
Food	MCD	2022-01-05	269.3	267.19	268.52	267.35	270.28	266.9
Food	MDLZ	2022-01-05	66.8	67.41	66.46	67.41	67.96	66.68
Food	PEP	2022-01-05	173.355	173.82	173	173.83	175.36	173.23
Food	MCD	2022-01-06	268.12	269.69	268.4	270.2	270.76	267.8
Food	MDLZ	2022-01-06	67.55	67.38	67.41	67.38	67.93	66.97
Food	PEP	2022-01-06	173.91	173.86	173.28	174.49	175.6	173.2275
Food	MCD	2022-01-07	268.56	267.06	271.35	267.49	270.17	267
Food	MDLZ	2022-01-07	67.27	67.55	67.38	67.54	67.76	66.98
Food	PEP	2022-01-07	174.09	174.08	173.31	174.24	174.69	172.61
Food	MCD	2022-01-10	266.715	264.41	267	264.38	266.72	262.01
Food	MDLZ	2022-01-10	67.69	67.03	67.34	67.02	67.83	66.865
Food	PEP	2022-01-10	174.4362	174.17	174.95	173.82	175.84	173.62
Food	MCD	2022-01-11	263.49	262.12	265.1	262.4	263.95	260.32
Food	MDLZ	2022-01-11	67.33	67.26	67.01	67.26	67.46	66.245
Food	PEP	2022-01-11	173.6841	174.09	174.78	174.09	174.23	171.62
Food	MCD	2022-01-12	263.37	260.92	262.8	260.7	263.95	260.28
Food	MDLZ	2022-01-12	67.18	67.37	67.25	67.37	67.525	66.825
Food	PEP	2022-01-12	173.9	173.9	174.25	173.9	174.33	172.95
Food	MCD	2022-01-13	261.41	261.41	261	261.7	263.85	260.5883
Food	MDLZ	2022-01-13	67.25	67.64	67.53	67.68	67.77	67.08
Food	PEP	2022-01-13	173.71	174.18	173.92	174.25	174.6861	173.24
Food	MCD	2022-01-14	261.14	257.71	262.7	258	261.24	257.16
Food	MDLZ	2022-01-14	67.46	68.1	67.64	68.1	68.155	67.08
Food	PEP	2022-01-14	174.57	175.64	174.18	175.9	175.94	173.4
Food	MCD	2022-01-18	256.96	256.48	257.4	256.48	257.1	254.31
Food	MDLZ	2022-01-18	67.26	67.37	68.48	67.38	67.42	66.65
Food	PEP	2022-01-18	173.62	173.96	174.29	174.2	174.76	173.15
Food	MCD	2022-01-19	257.55	255.22	256.17	255.9899	257.95	255.08
Food	MDLZ	2022-01-19	67.56	67.6	67	67.6	68.17	67.45
Food	PEP	2022-01-19	173.96	175.21	174.55	174.81	175.96	173.57
Food	MCD	2022-01-20	256.62	253.13	255.8501	253.09	258.11	252.9
Food	MDLZ	2022-01-20	67.58	67.76	67.91	67.7	68.175	67.46
Food	PEP	2022-01-20	175.41	173.94	175.97	173.94	176.88	173.84
Food	MCD	2022-01-21	254.04	254.59	253.04	253.12	258.46	253.685
Food	MDLZ	2022-01-21	68.23	68.36	67.84	68.43	69.47	68.2
Food	PEP	2022-01-21	175.3266	174.22	174.43	174.21	177.24	174.11
Food	MCD	2022-01-24	252.38	253.61	253	252.9	253.9176	247.775
Food	MDLZ	2022-01-24	68.61	67.61	68.21	67	68.91	66.06
Food	PEP	2022-01-24	175.49	173.33	174.26	172.88	176.5	168.96
Food	MCD	2022-01-25	250.83	250.68	252.34	250.68	252.53	247.0701
Food	MDLZ	2022-01-25	67.28	66.98	66.82	66.98	67.3058	66.209
Food	PEP	2022-01-25	172.08	171.34	171.94	170.54	172.48	169.74
Food	MCD	2022-01-26	253	249.85	252.04	250.1	254.21	247.86
Food	MDLZ	2022-01-26	66.47	66.62	67.14	66.64	67.49	66.12
Food	PEP	2022-01-26	169.36	169.53	172.49	169.53	171.81	166.45
Food	MCD	2022-01-27	249.6	248.74	250.5	248.45	252.464	245.25
Food	MDLZ	2022-01-27	67.21	67.47	66.62	66	68.64	66.94
Food	PEP	2022-01-27	170.78	169.37	169.37	169.37	173.28	168.78
Food	MCD	2022-01-28	250	256.09	245.62	256.09	256.3453	247.16
Food	MDLZ	2022-01-28	65.13	66.42	65.68	66.42	66.54	63.9001
Food	PEP	2022-01-28	168.51	172.67	169.27	172.5	172.73	167.21
Food	MCD	2022-01-31	255.02	259.45	254.88	259.38	259.5	254.44
Food	MDLZ	2022-01-31	66.26	67.03	66	66.99	67.36	65.71
Food	PEP	2022-01-31	170.77	173.52	171.81	173.07	174.11	170.59
Food	MCD	2022-02-01	259.75	258.99	259	259.49	259.9	255.58
Food	MDLZ	2022-02-01	66.9865	66.68	66.85	66.59	67.32	66.06
Food	PEP	2022-02-01	173.15	172.34	172.59	171.83	173.43	169.56
Food	MCD	2022-02-02	258.83	262.28	259.2	261.89	262.61	258.49
Food	MDLZ	2022-02-02	66.81	67.9	66.52	67.99	68.05	66.51
Food	PEP	2022-02-02	172.76	175.47	172.38	175.5	175.64	172.57
Food	MCD	2022-02-03	262	260.64	261.72	261.3	262.8	260.07
Food	MDLZ	2022-02-03	67.725	67.94	67.95	68.25	68.46	67.46
Food	PEP	2022-02-03	175.27	175.37	176.65	175	176.66	173.83
Food	MCD	2022-02-04	259.87	260.06	259.56	260.06	261.73	257.79
Food	MDLZ	2022-02-04	67.61	67.02	67.6	66.92	68.14	66.85
Food	PEP	2022-02-04	173.1	172.49	174.7	172.48	174.89	171.19
Food	MCD	2022-02-07	261	259.85	260.2	260	261.58	259.17
Food	MDLZ	2022-02-07	67.29	67.48	67.08	67.59	67.76	66.79
Food	PEP	2022-02-07	172.74	171.81	172.9	171.86	172.99	171.21
Food	MCD	2022-02-08	260.5	260.08	259.8	260.38	262.38	259.1
Food	MDLZ	2022-02-08	67.72	68.05	67.5	68.05	68.29	67.41
Food	PEP	2022-02-08	172.63	172.02	171.85	172.6	172.64	170.31
Food	MCD	2022-02-09	261.99	259.86	261.94	259.86	262.88	259.41
Food	MDLZ	2022-02-09	68.48	67.96	68.73	68	68.59	67.79
Food	PEP	2022-02-09	172.5	171.94	172.65	172.4999	172.78	171.01
Food	MCD	2022-02-10	258.595	256.87	260.4799	256.87	260.44	255.965
Food	MDLZ	2022-02-10	67.24	66.77	68.24	66.77	67.8901	66.56
Food	PEP	2022-02-10	168.655	168.37	172	167.67	171.45	167.3
Food	MCD	2022-02-11	256.87	255.16	256.5	255.18	258.76	254.73
Food	MDLZ	2022-02-11	67.08	66.7	66.8	66.55	67.38	66.55
Food	PEP	2022-02-11	168.06	168.58	168.28	168.2	170.31	167.6901
Food	MCD	2022-02-14	255.91	253.39	253.02	253.39	256.25	251.675
Food	MDLZ	2022-02-14	66.94	66.14	66.18	66.14	67.02	65.35
Food	PEP	2022-02-14	169.415	166.7	167.99	166.7	169.675	165.1
Food	MCD	2022-02-15	254.82	253.81	255.2	253.2499	256.92	253.56
Food	MDLZ	2022-02-15	66.3	65.87	66.33	65.87	66.74	65.57
Food	PEP	2022-02-15	167.217	165.96	166.7	165.5	168.25	165.261
Food	MCD	2022-02-16	253.77	253.09	254.3	253.09	254.6	251.2
Food	MDLZ	2022-02-16	66.03	65.71	65.87	65.71	66.52	65.2
Food	PEP	2022-02-16	165.63	166.3	165.95	166.3	167.195	164.54
Food	MCD	2022-02-17	251.48	250.93	251.83	251.2	252.88	250
Food	MDLZ	2022-02-17	65.58	66.06	65.58	66.09	66.32	65.13
Food	PEP	2022-02-17	166.01	166.75	165.5718	166.65	167.9523	165
Food	MCD	2022-02-18	250.34	250.6	252.3	250.02	252.2891	250.01
Food	MDLZ	2022-02-18	66.03	66	66.07	66	66.53	65.62
Food	PEP	2022-02-18	167.11	167.71	167.3	167.71	168.235	166.22
Food	MCD	2022-02-22	250.01	252.7	247.32	253.05	254.7	249.6
Food	MDLZ	2022-02-22	66.545	66.47	66	66.48	66.67	65.75
Food	PEP	2022-02-22	168.57	168.35	166.79	168.75	168.94	166.23
Food	MCD	2022-02-23	253.53	247.79	254.15	247.01	253.85	247.08
Food	MDLZ	2022-02-23	66.65	66.28	66.55	66.28	66.98	66.195
Food	PEP	2022-02-23	169.12	166.69	169.16	166.69	169.12	166.52
Food	MCD	2022-02-24	242.93	245.03	244.7	244.7799	245.58	239.61
Food	MDLZ	2022-02-24	65.31	64.65	65.49	64.8	65.87	63.215
Food	PEP	2022-02-24	165.71	163.79	164.54	163.79	166.34	160.285
Food	MCD	2022-02-25	246	249.45	244.96	249.36	249.53	243.6288
Food	MDLZ	2022-02-25	65.02	66.76	64.38	66.7924	66.79	64.9
Food	PEP	2022-02-25	164.42	168.38	163	168.5	168.46	164.26
Food	MCD	2022-02-28	244.44	244.77	245.88	244.72	245.7199	242.36
Food	MDLZ	2022-02-28	65.57	65.48	66.43	65.4031	65.94	64.67
Food	PEP	2022-02-28	164.04	163.74	166.53	164	165.21	161.405
Food	MCD	2022-03-01	242.3	239.63	243.24	240.72	243.5975	238.3
Food	MDLZ	2022-03-01	64.99	64.34	64.87	64.31	65.45	64.13
Food	PEP	2022-03-01	163.07	162.27	162.36	162.65	164.4	161.3
Food	MCD	2022-03-02	240.85	240.94	240.9381	240.42	242.74	239.61
Food	MDLZ	2022-03-02	64.23	64.7	64.34	64.63	65.07	63.98
Food	PEP	2022-03-02	162.98	164.52	163.76	164.48	165.82	162.49
Food	MCD	2022-03-03	241.01	236.65	240.99	233.62	242.3368	235.68
Food	MDLZ	2022-03-03	65.1	64.91	65.05	63.6	65.49	64.645
Food	PEP	2022-03-03	163.97	163.27	163.36	160	165.19	162.8
Food	MCD	2022-03-04	234.62	235.81	234	234.95	236.394	231.641
Food	MDLZ	2022-03-04	64.04	63.83	64.41	63.74	64.26	63.21
Food	PEP	2022-03-04	162	165.75	161.01	165.25	166.5	160.92
Food	MCD	2022-03-07	234.31	224.33	232.96	224.74	234.31	224.19
Food	MDLZ	2022-03-07	63.76	62.53	63.03	62.53	63.76	62.18
Food	PEP	2022-03-07	164.07	162.45	164.4	162.45	165.15	162.13
Food	MCD	2022-03-08	224.33	222.79	224.33	224	229.7369	222.2
Food	MDLZ	2022-03-08	62.47	60.8	62.4	60.406	62.8	60.71
Food	PEP	2022-03-08	162.38	157.87	162.71	157.55	163.97	157.69
Food	MCD	2022-03-09	226.79	222.47	226.4	222.5	227.25	222.01
Food	MDLZ	2022-03-09	61.6	61.29	60.9	61.19	62.075	61.085
Food	PEP	2022-03-09	159.81	157.4	160	157	160.06	156.4
Food	MCD	2022-03-10	220.2	222	220.6	222	222.05	217.675
Food	MDLZ	2022-03-10	60.62	60.16	60.68	60.31	60.71	59.68
Food	PEP	2022-03-10	155.79	154.51	155.84	154.51	156.25	153.37
Food	MCD	2022-03-11	224.74	226.87	223.99	227.2	229.11	224.195
Food	MDLZ	2022-03-11	60.5	59.12	60.27	59.03	61.07	59.02
Food	PEP	2022-03-11	155.45	153.73	156.1	154.05	156.885	153.48
Food	MCD	2022-03-14	226.78	226.18	229	226.18	228.44	223.16
Food	MDLZ	2022-03-14	59.48	59.34	59.43	59.5	60.43	59.21
Food	PEP	2022-03-14	155.15	155.89	155.01	156.47	157.8	154.5
Food	MCD	2022-03-15	227.98	232.57	224.75	232.5	234.565	227.98
Food	MDLZ	2022-03-15	59.84	61.17	59.838	61	61.28	59.59
Food	PEP	2022-03-15	157.32	159	157.06	158.51	159.5	156.83
Food	MCD	2022-03-16	234.87	238.14	234.75	238.5	238.21	234.36
Food	MDLZ	2022-03-16	61.46	61.95	61.33	62.07	62.17	61.02
Food	PEP	2022-03-16	158.41	159.7	160.5794	160.31	159.99	157.04
Food	MCD	2022-03-17	236.44	237.47	238.5	236.95	237.47	234.54
Food	MDLZ	2022-03-17	61.96	62.27	61.96	62.26	62.775	61.34
Food	PEP	2022-03-17	159.83	160.94	159.61	160.62	161.63	159.3
Food	MCD	2022-03-18	237.23	238.92	236.65	239	239.19	235.99
Food	MDLZ	2022-03-18	61.55	61.51	61.86	61.51	61.88	60.95
Food	PEP	2022-03-18	161.38	162.79	160.14	163	162.93	160.06
Food	MCD	2022-03-21	239.58	235.32	239.4	235.4	240.09	234.07
Food	MDLZ	2022-03-21	61.54	61.37	61.56	61.37	61.89	61.09
Food	PEP	2022-03-21	162.27	162.56	162.5	162.63	163.81	161.075
Food	MCD	2022-03-22	237.04	238.12	236.29	237.62	238.44	236.47
Food	MDLZ	2022-03-22	61.68	61.57	61.28	61.69	61.83	60.87
Food	PEP	2022-03-22	162.84	164.34	162.51	164.6	164.77	162.23
Food	MCD	2022-03-23	237.13	236.12	237.8	236.12	238.01	235.95
Food	MDLZ	2022-03-23	61.67	60.78	61.3	60.78	62.06	60.73
Food	PEP	2022-03-23	164.248	163.48	163.88	163.55	165.275	162.63
Food	MCD	2022-03-24	237.56	240.26	237.5	240.26	241.04	236.47
Food	MDLZ	2022-03-24	61.12	60.85	61	60.85	61.165	60.295
Food	PEP	2022-03-24	164.06	164.47	164.4095	163.67	164.73	163.27
Food	MCD	2022-03-25	240.54	241.58	240.4	241.94	241.85	239.43
Food	MDLZ	2022-03-25	61	61.52	60.91	61.52	61.785	60.96
Food	PEP	2022-03-25	164.43	165.24	165.09	165	165.9	164.43
Food	MCD	2022-03-28	241.91	242.94	242	242.62	242.95	239.86
Food	MDLZ	2022-03-28	61.65	61.57	61.81	61.57	61.81	61.15
Food	PEP	2022-03-28	165.1	165.73	165	164.98	165.77	163.71
Food	MCD	2022-03-29	246.35	248.17	245	248.17	248.65	244.77
Food	MDLZ	2022-03-29	62.06	63.06	61.8176	63.06	63.07	62.06
Food	PEP	2022-03-29	167.29	168.19	166	168.24	168.58	166.37
Food	MCD	2022-03-30	247.51	249.03	248.08	250	250.5	247.51
Food	MDLZ	2022-03-30	62.65	62.75	62.73	62.75	62.86	62.16
Food	PEP	2022-03-30	168.1	167.96	168.22	167.96	168.24	166.115
Food	MCD	2022-03-31	249.72	247.28	249.72	247.67	251.35	247.28
Food	MDLZ	2022-03-31	62.8	62.78	62.9958	62.69	63.13	62.6
Food	PEP	2022-03-31	168.37	167.38	168.7	168.15	169.3	167.27
Food	MCD	2022-04-01	248.12	249.25	248.4	249.25	249.43	246.18
Food	MDLZ	2022-04-01	63	63.53	63.05	63.69	63.64	62.2
Food	PEP	2022-04-01	167.89	169.76	169.6877	169.76	169.93	167.37
Food	MCD	2022-04-04	246.79	246.83	248.5	246.7	247.265	242.38
Food	MDLZ	2022-04-04	63.36	63.04	63.6486	63.04	63.52	62.47
Food	PEP	2022-04-04	169.11	169.32	169.11	169.32	169.39	167.45
Food	MCD	2022-04-05	246.1	248.51	246.5	248.76	249.739	245.43
Food	MDLZ	2022-04-05	62.78	63.01	62.81	63.01	63.77	62.78
Food	PEP	2022-04-05	168.32	169.5	168.58	169.5	171.38	168.32
Food	MCD	2022-04-06	247.64	251.46	247.18	251.01	252.38	245.98
Food	MDLZ	2022-04-06	63.05	63.21	63	63.21	63.59	62.72
Food	PEP	2022-04-06	169.92	172.39	169.78	172.39	172.7	169.485
Food	MCD	2022-04-07	250.79	254.36	251.42	254.51	255.475	249.54
Food	MDLZ	2022-04-07	63.14	62.89	63.1	62.89	63.18	61.95
Food	PEP	2022-04-07	172.03	172.55	172.6	172.55	173.28	170.78
Food	MCD	2022-04-08	253.04	251.46	254.2	251.1	255.07	250.92
Food	MDLZ	2022-04-08	63.09	63.4	63.32	63.25	63.585	62.775
Food	PEP	2022-04-08	172.99	173.13	172.33	173.03	173.69	171.59
Food	MCD	2022-04-11	251.25	250.45	251	250.45	252.938	249.93
Food	MDLZ	2022-04-11	63.96	63.41	63.27	63.41	64.15	63.3
Food	PEP	2022-04-11	173.61	172.6	173	172.8999	174.97	172.32
Food	MCD	2022-04-12	250.73	249.17	250.22	249.5	252.29	248.8
Food	MDLZ	2022-04-12	64.08	63.67	63.68	63.67	64.33	63.2902
Food	PEP	2022-04-12	173.78	173.3	172.95	173.4	174.65	172.63
Food	MCD	2022-04-13	249.36	251.33	249.36	251.33	251.66	249.02
Food	MDLZ	2022-04-13	63.69	63.85	63.78	63.85	64.08	63.42
Food	PEP	2022-04-13	173.58	173	173.89	173	173.82	171.73
Food	MCD	2022-04-14	251.33	250.51	251.75	250.51	253.73	250.43
Food	MDLZ	2022-04-14	64.15	63.72	63.75	63.62	64.22	63.68
Food	PEP	2022-04-14	173.48	171.9	173.63	171.9	174.26	171.76
Food	MCD	2022-04-18	249.63	251.06	249.56	251.06	252.49	249.13
Food	MDLZ	2022-04-18	63.62	63.57	63.53	63.57	64.02	63.25
Food	PEP	2022-04-18	171.22	170.42	171.71	170.8	172.31	169.96
Food	MCD	2022-04-19	250.04	255.4	250.8	255.36	255.955	250.04
Food	MDLZ	2022-04-19	63.74	65.21	63.45	65.05	65.5	63.6
Food	PEP	2022-04-19	169.84	172.9	170.5	172.46	173.165	169.84
Food	MCD	2022-04-20	256	255.85	256	255.85	257.79	254.82
Food	MDLZ	2022-04-20	65.24	65.73	65.51	65.73	65.965	65.24
Food	PEP	2022-04-20	173.72	175.47	173	175.52	175.97	173.72
Food	MCD	2022-04-21	257.65	255.25	256.1	255.7	259.605	254.88
Food	MDLZ	2022-04-21	65.85	65.84	65.73	65.9	66.35	65.74
Food	PEP	2022-04-21	175.76	174.84	175.47	174.84	177.24	174.65
Food	MCD	2022-04-22	255	250.17	254.55	250.05	255	249.94
Food	MDLZ	2022-04-22	65.98	65.06	65.68	65.06	66.18	65.04
Food	PEP	2022-04-22	174.99	172.15	174.3	171.52	175.27	171.94
Food	MCD	2022-04-25	249.45	252.88	247.13	252.6	253.13	247.93
Food	MDLZ	2022-04-25	65.605	65.78	65	65.69	65.97	64.52
Food	PEP	2022-04-25	173.21	173.74	172.02	173.69	173.92	171
Food	MCD	2022-04-26	250.13	248.58	251.8	248.58	252.41	248.33
Food	MDLZ	2022-04-26	65.86	64.04	65.47	64.04	66.03	64.04
Food	PEP	2022-04-26	173.97	173.3	173.2	172.2	175.3486	172.73
Food	MCD	2022-04-27	247.98	247.14	250	249	250.965	247.05
Food	MDLZ	2022-04-27	65.54	64.05	64.4	64.01	65.66	63.93
Food	PEP	2022-04-27	173.42	174.85	173.97	174.85	176.69	173.19
Food	MCD	2022-04-28	249.94	254.19	248.4	253.8	256.38	248.08
Food	MDLZ	2022-04-28	64.2	66.22	64.54	66.63	66.335	64.111
Food	PEP	2022-04-28	174.53	177.5	176.51	178.39	177.62	173.82
Food	MCD	2022-04-29	254.28	249.16	253.25	249.16	254.85	248.8
Food	MDLZ	2022-04-29	65.96	64.48	66.86	64.64	66.035	64.36
Food	PEP	2022-04-29	177.41	171.71	178.8	171.76	177.41	171.41
Food	MCD	2022-05-02	250.86	246.64	251	246.35	251.5495	242.2572
Food	MDLZ	2022-05-02	65.31	63.79	64.66	63.79	65.48	62.99
Food	PEP	2022-05-02	172.995	167.76	172.75	168	173.46	165.27
Food	MCD	2022-05-03	247.39	245.87	246.4799	246.16	247.84	242.28
Food	MDLZ	2022-05-03	64.11	64.69	63.89	64.69	64.89	63.64
Food	PEP	2022-05-03	169.14	167.99	168.15	168	169.31	166.58
Food	MCD	2022-05-04	246.16	254.32	246.5	254.12	254.78	246.16
Food	MDLZ	2022-05-04	64.52	66.19	64.71	66.19	66.3	64.43
Food	PEP	2022-05-04	167.61	173.86	168	173.47	174.12	167.61
Food	MCD	2022-05-05	252.89	248.92	251.36	248.92	254.49	246.78
Food	MDLZ	2022-05-05	65.72	65.23	65.72	65.23	66.07	64.81
Food	PEP	2022-05-05	173.1	170.39	173.02	170.39	173.32	169.08
Food	MCD	2022-05-06	248.19	250.78	247.72	250.67	252.45	247.7
Food	MDLZ	2022-05-06	65.05	65.73	65.28	65.7	65.945	64.75
Food	PEP	2022-05-06	169.24	170.41	170.12	170	170.8	168.72
Food	MCD	2022-05-09	247	247.49	248.35	248.4999	249.9	246.79
Food	MDLZ	2022-05-09	65.4	66.28	65.27	66.46	66.705	65.23
Food	PEP	2022-05-09	169.66	171.7	169.38	172.67	172.885	168.76
Food	MCD	2022-05-10	248.99	245.68	248.2	245.6	250.88	244.93
Food	MDLZ	2022-05-10	66.89	65.92	66.35	66.28	67.93	65.71
Food	PEP	2022-05-10	173.12	171.49	172.51	171.75	174.54	170.75
Food	MCD	2022-05-11	245.27	244.43	246.9	244.5	246.79	243.2132
Food	MDLZ	2022-05-11	65.61	65.56	66.6	65.78	66.41	65.43
Food	PEP	2022-05-11	170.82	170.66	173.14	170.99	172.41	169.92
Food	MCD	2022-05-12	245.32	244.19	243.07	244.17	246.38	241.12
Food	MDLZ	2022-05-12	65.64	65.68	65.22	65.68	65.9	64.84
Food	PEP	2022-05-12	171.25	170.4	170.4	170.14	171.99	168.16
Food	MCD	2022-05-13	247.15	245.04	245.05	244.52	247.18	242.28
Food	MDLZ	2022-05-13	65.83	66.38	66.34	66.38	66.455	65.36
Food	PEP	2022-05-13	170.7	173.72	170.26	173.73	174.16	169.46
