CATEGORY	TICKER	DATE	OPEN	CLOSE	PRE_MARKET	AFTER_HOURS	HIGH	LOW

Pharma	PFE	2020-05-13	37.31	37.05	37.095	37.15	37.425	36.585

Pharma	AZN	2020-05-13	54.82	55.31	54.92	55.45	55.5901	54.59

Pharma	MRNA	2020-05-13	63.8003	65.18	63.35	65.18	66.97	60.29

Pharma	PFE	2020-05-14	36.8	37.92	37.49	38.07	37.96	36.78

Pharma	AZN	2020-05-14	53.99	53.5	54.73	53.58	54.46	53.2

Pharma	MRNA	2020-05-14	64.79	64.56	65.4	63.68	65.39	61.44

Pharma	PFE	2020-05-15	37.96	37.76	37.92	37.65	38.17	37.385

Pharma	AZN	2020-05-15	52.58	53.41	53.12	53.6	53.41	52.54

Pharma	MRNA	2020-05-15	63.79	66.69	64.12	66.1	67.67	63.01

Pharma	PFE	2020-05-18	38.34	38.07	37.76	38.1	38.46	37.63

Pharma	AZN	2020-05-18	53.64	53.45	53.78	53.6	53.99	53.34

Pharma	MRNA	2020-05-18	86.14	80	67.51	77.9	87	75.66

Pharma	PFE	2020-05-19	37.85	37.68	38.06	37.88	38.02	37.31

Pharma	AZN	2020-05-19	53.39	53.57	53.75	53.6	54.065	53.17

Pharma	MRNA	2020-05-19	78.07	71.67	78.55	67.36	79.75	70.32

Pharma	PFE	2020-05-20	37.95	37.63	38	37.65	38.2	37.545

Pharma	AZN	2020-05-20	54.33	53.78	54.19	53.83	54.745	53.645

Pharma	MRNA	2020-05-20	70.01	73.47	67.5	74.2	74.48	67.41

Pharma	PFE	2020-05-21	37.57	37.26	37.57	37.27	37.65	37.05

Pharma	AZN	2020-05-21	56.95	55.28	53.9	55.84	57.44	54.69

Pharma	MRNA	2020-05-21	73.05	67.05	74.2	67.35	73.16	65.31

Pharma	PFE	2020-05-22	37.11	37.5	37.14	37.6	37.53	36.96

Pharma	AZN	2020-05-22	54.71	55.22	54.85	55.1	55.66	54.27

Pharma	MRNA	2020-05-22	69.93	69	66.55	68.2901	70.6	67.14

Pharma	PFE	2020-05-26	37.65	37.49	37.9	37.54	37.87	37.45

Pharma	AZN	2020-05-26	54.52	53.11	54.78	53.17	54.585	53.1

Pharma	MRNA	2020-05-26	66.4	57.71	69.69	58.3	66.59	57.05

Pharma	PFE	2020-05-27	37.41	37.41	37.77	37.4	37.54	36.97

Pharma	AZN	2020-05-27	51.95	52.47	53.36	52.65	52.47	50.81

Pharma	MRNA	2020-05-27	51.2	52.18	59.1	53.7	53.34	46.1301

Pharma	PFE	2020-05-28	37.84	38.18	37.87	38.19	38.44	37.72

Pharma	AZN	2020-05-28	53.62	53.5	52.85	55.6	54.04	53.42

Pharma	MRNA	2020-05-28	53.5	55.54	53.86	56.39	59.11	53.35

Pharma	PFE	2020-05-29	38.27	38.19	38.41	35.85	38.43	37.58

Pharma	AZN	2020-05-29	55.28	54.6	54.99	54.25	55.61	53.17

Pharma	MRNA	2020-05-29	57.45	61.5	56.6	62.34	61.65	56.56

Pharma	PFE	2020-06-01	35.5	35.46	36.25	35.58	35.73	34.91

Pharma	AZN	2020-06-01	54.32	55.16	54.03	54.55	55.25	53.95

Pharma	MRNA	2020-06-01	62.76	62.18	62.8	61.65	63.9	60.51

Pharma	PFE	2020-06-02	35.53	36.16	35.75	36.1	36.16	35.25

Pharma	AZN	2020-06-02	54.49	54.72	54.21	54.95	54.74	54.1

Pharma	MRNA	2020-06-02	58.7	59.87	62.18	59.7	59.95	55.3553

Pharma	PFE	2020-06-03	36.29	36.16	36.12	36.11	36.41	35.54

Pharma	AZN	2020-06-03	54.55	55	54.78	55	55.29	54.46

Pharma	MRNA	2020-06-03	57.51	59.89	59.7	59.69	63.37	57.1

Pharma	PFE	2020-06-04	35.71	36.01	36.06	35.9	36.29	35.7

Pharma	AZN	2020-06-04	54.59	53.87	55.19	54.4	55.2699	53.76

Pharma	MRNA	2020-06-04	61.61	60.59	60.3	60.25	61.93	58.52

Pharma	PFE	2020-06-05	36.24	35.99	35.86	36.0199	36.49	35.88

Pharma	AZN	2020-06-05	54.34	53.85	54.41	53.9	54.54	53.74

Pharma	MRNA	2020-06-05	58.49	58.19	60.76	58.48	59.19	56.63

Pharma	PFE	2020-06-08	35.8	36.59	36.02	36.49	36.6	35.68

Pharma	AZN	2020-06-08	52.81	52.58	53.14	52.48	53	52.09

Pharma	MRNA	2020-06-08	58.3	59.1	57.03	58.49	59.38	56.72

Pharma	PFE	2020-06-09	36.5	36.21	36.5	36.23	36.66	36.17

Pharma	AZN	2020-06-09	52.8	52.73	53.5	52.75	53.19	52.68

Pharma	MRNA	2020-06-09	58.55	58.23	58.59	58.15	59.405	57.73

Pharma	PFE	2020-06-10	36.36	35.92	36.2	35.81	36.45	35.89

Pharma	AZN	2020-06-10	53.86	53.64	53.41	53.5	54.26	53.62

Pharma	MRNA	2020-06-10	58.8	60.07	58.23	59.8	60.72	58.6

Pharma	PFE	2020-06-11	35.6	33.3	35.53	33.64	35.68	33.28

Pharma	AZN	2020-06-11	53.77	51.57	54.05	51.96	53.8	51.425

Pharma	MRNA	2020-06-11	62.95	60.2	59.37	61.4	66.6867	58.77

Pharma	PFE	2020-06-12	34.08	33.75	33.71	33.75	34.105	33.045

Pharma	AZN	2020-06-12	52.18	51.47	51.9	51.78	52.25	50.95

Pharma	MRNA	2020-06-12	62.355	62	62.33	62.4	63.63	60.29

Pharma	PFE	2020-06-15	33.3	33.36	33.58	33.56	33.718	32.76

Pharma	AZN	2020-06-15	52.44	52.64	51.91	52.9	52.99	51.69

Pharma	MRNA	2020-06-15	65.9	66.57	63	66.3	66.98	63.424

Pharma	PFE	2020-06-16	33.59	33.4	33.78	33.43	33.96	32.72

Pharma	AZN	2020-06-16	54.18	53.58	53.47	53.63	54.21	53.5

Pharma	MRNA	2020-06-16	66.31	64.34	67.52	63.57	66.6	62.6

Pharma	PFE	2020-06-17	33.59	33.56	33.5	33.51	33.765	33.315

Pharma	AZN	2020-06-17	54.12	53.9	54.12	53.8	54.2487	53.765

Pharma	MRNA	2020-06-17	63.6	63.31	63.72	63.85	65.88	62.58

Pharma	PFE	2020-06-18	33.27	33.24	33.67	33.3	33.47	32.98

Pharma	AZN	2020-06-18	52.64	52.66	53.56	52.78	52.83	52.28

Pharma	MRNA	2020-06-18	63.03	64.95	63.33	64.95	65.4	62.58

Pharma	PFE	2020-06-19	33.69	33.42	33.44	33.37	33.74	33.115

Pharma	AZN	2020-06-19	52.5	53.02	52.67	53	53.2	52.41

Pharma	MRNA	2020-06-19	64.99	66.35	65.3	65.9	66.45	64.01

Pharma	PFE	2020-06-22	33.33	33.11	33.45	33.17	33.36	32.91

Pharma	AZN	2020-06-22	53.37	53.42	53.33	53.4	53.53	53

Pharma	MRNA	2020-06-22	65.92	64.75	66.35	64.75	66.29	62.12

Pharma	PFE	2020-06-23	33.2	32.77	33.26	32.76	33.25	32.74

Pharma	AZN	2020-06-23	53.17	54.25	52.99	54.69	55.19	53.13

Pharma	MRNA	2020-06-23	64.1	62.94	64.75	63.05	65.08	62.74

Pharma	PFE	2020-06-24	32.71	32.19	32.75	32.31	32.73	32

Pharma	AZN	2020-06-24	52.92	52.13	52.68	52.3	53.43	52

Pharma	MRNA	2020-06-24	63.23	64.84	63.16	64.83	66.1559	63.14

Pharma	PFE	2020-06-25	32.11	32.32	32.11	32.3	32.38	31.83

Pharma	AZN	2020-06-25	52.49	53.01	52.5	53.14	53.12	52.2

Pharma	MRNA	2020-06-25	67	62	65	61.7001	67	58.51

Pharma	PFE	2020-06-26	32.25	32.04	32.22	32.03	32.28	31.61

Pharma	AZN	2020-06-26	53.08	52.7	52.94	52.65	53.48	52.515

Pharma	MRNA	2020-06-26	60.71	61.28	61.7	61.27	62.29	59.14

Pharma	PFE	2020-06-29	32.46	32.64	32.12	32.76	32.67	32.2

Pharma	AZN	2020-06-29	53.37	52.91	53.31	53.04	53.39	52.71

Pharma	MRNA	2020-06-29	61.82	62.08	61.55	62.4	63	59.4

Pharma	PFE	2020-06-30	32.53	32.7	32.7	32.71	32.88	32.23

Pharma	AZN	2020-06-30	52.28	52.89	52.55	53	52.92	52.04

Pharma	MRNA	2020-06-30	62.18	64.21	62.4	64	65.159	61.8

Pharma	PFE	2020-07-01	34.54	33.74	32.82	33.95	34.54	33.72

Pharma	AZN	2020-07-01	52.83	53.32	52.4	53.46	53.68	52.39

Pharma	MRNA	2020-07-01	63	61.59	64.15	60.61	63.73	59.12

Pharma	PFE	2020-07-02	34.62	34.51	34.28	34.51	34.847	34.04

Pharma	AZN	2020-07-02	53.63	53.8	53.35	53.85	54.07	53.46

Pharma	MRNA	2020-07-02	60	58.57	60.94	58.9	61.8	55.8097

Pharma	PFE	2020-07-06	34.95	34.51	34.9	34.5	34.99	34.38

Pharma	AZN	2020-07-06	53.85	54.1	54.25	54	54.5	53.72

Pharma	MRNA	2020-07-06	58.55	59.15	58.85	59.19	60.73	57.1

Pharma	PFE	2020-07-07	34.05	34.03	34.2	34.05	34.35	33.955

Pharma	AZN	2020-07-07	53.5	53.47	53.69	53.7	54.28	53.43

Pharma	MRNA	2020-07-07	58.8	61.09	58.97	60.4	61.5	57.44

Pharma	PFE	2020-07-08	34.01	33.75	34.03	33.76	34.37	33.57

Pharma	AZN	2020-07-08	53.71	54.19	54.1	54.2	54.705	53.62

Pharma	MRNA	2020-07-08	60.79	61.58	60.6	61.48	62.46	59.45

Pharma	PFE	2020-07-09	33.73	33.46	33.75	33.5	33.88	33.101

Pharma	AZN	2020-07-09	54.5	53.97	54.36	54	54.99	53.56

Pharma	MRNA	2020-07-09	62.09	64.97	61.55	64.85	65.35	58.88

Pharma	PFE	2020-07-10	33.66	33.83	33.39	33.85	34.04	33.485

Pharma	AZN	2020-07-10	54.31	53.76	54.3	53.9	54.405	53.44

Pharma	MRNA	2020-07-10	64.65	62.61	64.69	62.86	64.93	62.32

Pharma	PFE	2020-07-13	34.73	35.21	34.01	35.58	35.72	34.52

Pharma	AZN	2020-07-13	53.93	53.24	53.99	53.56	54.3	53.12

Pharma	MRNA	2020-07-13	63.89	71.78	62.92	74.45	77.7499	63.8

Pharma	PFE	2020-07-14	35.37	35.23	35.5	35.68	35.42	34.88

Pharma	AZN	2020-07-14	53.5	53.98	53.51	54.4	54.1	53.23

Pharma	MRNA	2020-07-14	74	75.04	73.05	87.1	76.9486	70.6201

Pharma	PFE	2020-07-15	35.99	35.72	35.77	35.7	36	35.47

Pharma	AZN	2020-07-15	56.32	58	54.31	60.6	58.84	55.8699

Pharma	MRNA	2020-07-15	87.52	80.22	87	79.42	88.37	78.01

Pharma	PFE	2020-07-16	35.6	35.6	35.6	35.81	35.64	35.255

Pharma	AZN	2020-07-16	56.96	57.43	57.98	57.7	57.43	56.05

Pharma	MRNA	2020-07-16	80.1598	81.81	81.6	82.2	84.2899	79.6

Pharma	PFE	2020-07-17	35.86	36.25	35.8	36.4	36.33	35.725

Pharma	AZN	2020-07-17	57.65	61.1	57.26	63.15	61.46	57.63

Pharma	MRNA	2020-07-17	83.35	94.85	82.4	94.23	95.21	82.61

Pharma	PFE	2020-07-20	37.49	36.5	36.78	36.68	37.62	36.32

Pharma	AZN	2020-07-20	62.69	58.68	59.95	59.7	64.94	57.65

Pharma	MRNA	2020-07-20	87.86	82.68	98	81.9101	90.85	78.05

Pharma	PFE	2020-07-21	36.94	36.69	36.9	36.6	37.0792	36.52

Pharma	AZN	2020-07-21	59.65	58.07	59.54	57.48	59.65	57.8398

Pharma	MRNA	2020-07-21	80.91	80.86	83.65	80.85	82.43	79.07

Pharma	PFE	2020-07-22	38.23	38.56	36.69	38.85	38.73	37.52

Pharma	AZN	2020-07-22	57.38	56.98	57.45	56.58	57.89	56.24

Pharma	MRNA	2020-07-22	79.61	83.225	81.95	82.35	84.12	79.11

Pharma	PFE	2020-07-23	39.23	38.41	39	38.57	39.42	38.18

Pharma	AZN	2020-07-23	56.75	55.17	57	56.14	56.84	54.81

Pharma	MRNA	2020-07-23	82.05	75.33	82.62	73.09	82.68	72.2

Pharma	PFE	2020-07-24	38.03	37.66	38.42	37.25	38.15	37.325

Pharma	AZN	2020-07-24	55.31	55.8	54.99	55.85	56	55.06

Pharma	MRNA	2020-07-24	69.05	73.21	73.38	74.04	73.9	66.54

Pharma	PFE	2020-07-27	37.36	37.54	37.79	38.2499	37.75	37.23

Pharma	AZN	2020-07-27	56.16	56.58	56.25	56.82	56.63	55.97

Pharma	MRNA	2020-07-27	80.63	79.91	78.2	79.45	80.98	76.16

Pharma	PFE	2020-07-28	38.54	39.02	38.24	39.05	39.335	38.06

Pharma	AZN	2020-07-28	56.88	56.32	56.53	56.38	57.1	56.26

Pharma	MRNA	2020-07-28	81	81.49	79.5	81.89	83.85	79.5

Pharma	PFE	2020-07-29	39.3	39.26	39.2	39.29	39.45	38.45

Pharma	AZN	2020-07-29	57.05	56.64	56.65	56.9	57.05	56.09

Pharma	MRNA	2020-07-29	81.98	79.51	82.74	79.35	82.82	76.5502

Pharma	PFE	2020-07-30	38.28	38.74	38.98	38.66	38.94	38.2009

Pharma	AZN	2020-07-30	57.12	57.89	58.08	57.55	57.94	56.75

Pharma	MRNA	2020-07-30	78	77.63	79.2	77.65	79.25	76.8

Pharma	PFE	2020-07-31	38.67	38.48	38.74	38.36	38.75	37.86

Pharma	AZN	2020-07-31	57.82	55.78	57.86	55.97	57.95	55.35

Pharma	MRNA	2020-07-31	78.2	74.1	77.4	74.23	78.44	73.6038

Pharma	PFE	2020-08-03	38.61	38.35	38.48	38.28	38.66	38.215

Pharma	AZN	2020-08-03	56.68	56.82	56.2	56.75	57.488	56.53

Pharma	MRNA	2020-08-03	74.98	77.98	75.5	77.84	77.99	73.03

Pharma	PFE	2020-08-04	38.31	38.39	38.28	38.15	38.68	38.09

Pharma	AZN	2020-08-04	56.08	56.08	56.5	56.12	56.2888	55.74

Pharma	MRNA	2020-08-04	78.192	78.46	77.85	79	78.62	75.5

Pharma	PFE	2020-08-05	38.47	38.45	38.5	39.02	38.53	38.13

Pharma	AZN	2020-08-05	56.43	55.95	56.81	56.2	56.57	55.82

Pharma	MRNA	2020-08-05	77.49	75.8	79.75	75.55	77.49	73.69

Pharma	PFE	2020-08-06	38.77	38.27	38.93	38.34	39.1	38.151

Pharma	AZN	2020-08-06	56.09	56.21	56.25	56.2	56.24	55.52

Pharma	MRNA	2020-08-06	75.79	73.76	75.77	73.5	76.25	73.12

Pharma	PFE	2020-08-07	38.3	38.45	38.26	38.43	38.615	38.16

Pharma	AZN	2020-08-07	55.78	55.41	56.35	55.51	55.86	54.97

Pharma	MRNA	2020-08-07	74.38	74.1	74.3	74.06	75.39	73.01

Pharma	PFE	2020-08-10	38.55	38.39	38.47	38.39	38.66	38.26

Pharma	AZN	2020-08-10	55.7	55.38	55.54	55.47	55.72	55.06

Pharma	MRNA	2020-08-10	74.27	72.01	75	71.95	75	71.41

Pharma	PFE	2020-08-11	38.56	37.79	38.39	37.88	38.58	37.675

Pharma	AZN	2020-08-11	55.72	55.18	55.81	55.4	55.74	55.1

Pharma	MRNA	2020-08-11	69.52	68.97	72	76.75	71.4	67

Pharma	PFE	2020-08-12	37.83	38.33	37.95	38.25	38.55	37.81

Pharma	AZN	2020-08-12	56.3	56.74	55.5	56.7	57.18	56.1

Pharma	MRNA	2020-08-12	75.67	69.52	75.8	69.58	75.75	68.3

Pharma	PFE	2020-08-13	38.07	38.17	38.39	38.2	38.18	37.88

Pharma	AZN	2020-08-13	56.35	55.8	56.37	55.88	56.43	55.69

Pharma	MRNA	2020-08-13	69.09	67.83	69.65	68.05	69.18	67.05

Pharma	PFE	2020-08-14	38.01	38.06	37.91	38.1	38.39	37.93

Pharma	AZN	2020-08-14	55.47	55.19	55.56	55.28	55.6	55.0502

Pharma	MRNA	2020-08-14	68.06	69.15	68	68.91	70.36	67.86

Pharma	PFE	2020-08-17	38.04	38.35	38.07	38.28	38.41	37.945

Pharma	AZN	2020-08-17	55.94	56.46	55.4	56.19	56.65	55.85

Pharma	MRNA	2020-08-17	69.14	69.76	69.7	69.76	70.78	68.38

Pharma	PFE	2020-08-18	38.45	38.36	38.47	38.47	38.46	38.17

Pharma	AZN	2020-08-18	56.83	56.33	56.74	56.42	56.87	56.15

Pharma	MRNA	2020-08-18	68.28	67.03	69.76	66.69	69.7	65.23

Pharma	PFE	2020-08-19	38.48	38.26	38.5	38.24	38.6062	38.12

Pharma	AZN	2020-08-19	57.14	56.23	56.94	56.35	57.35	56.1203

Pharma	MRNA	2020-08-19	66.74	68	66.2	67.85	69.17	66.6

Pharma	PFE	2020-08-20	38.18	38.72	38.12	38.9	38.79	38.1301

Pharma	AZN	2020-08-20	56.28	56.49	56.6	56.49	56.54	55.97

Pharma	MRNA	2020-08-20	67.79	67.81	68	67.55	68	66.63

Pharma	PFE	2020-08-21	38.91	38.88	39.1	38.85	39	38.57

Pharma	AZN	2020-08-21	55.49	55.71	56.36	55.7	55.7659	55.24

Pharma	MRNA	2020-08-21	67.5	66.45	68.3	66.42	68.02	65.6

Pharma	PFE	2020-08-24	39.02	38.84	39.1	38.35	39.04	38.54

Pharma	AZN	2020-08-24	57.5	56.76	56.99	57.06	57.925	56.43

Pharma	MRNA	2020-08-24	67.15	64.88	66.42	65.1	67.85	62.88

Pharma	PFE	2020-08-25	38.51	38.41	38.3	38.31	38.56	37.95

Pharma	AZN	2020-08-25	57.17	57.01	57.13	57.15	57.38	56.67

Pharma	MRNA	2020-08-25	64.32	66.25	65	66.1	66.696	63.55

Pharma	PFE	2020-08-26	38.19	38.05	38.29	37.86	38.27	37.66

Pharma	AZN	2020-08-26	56.93	57	56.6	56.95	57.11	56.51

Pharma	MRNA	2020-08-26	67.62	70.5	66.39	69.8	71.64	66.03

Pharma	PFE	2020-08-27	37.96	37.86	37.88	37.73	38	37.68

Pharma	AZN	2020-08-27	57	56.11	56.6	55.8	57	55.646

Pharma	MRNA	2020-08-27	69.98	68.03	70.1	67.55	70.32	67.01

Pharma	PFE	2020-08-28	37.87	37.91	37.88	37.91	38.06	37.4

Pharma	AZN	2020-08-28	56.19	55.69	55.85	56	56.21	55.52

Pharma	MRNA	2020-08-28	68.04	67.49	67.54	67.47	68.95	67.15

Pharma	PFE	2020-08-31	37.84	37.79	37.91	37.78	38.02	37.5

Pharma	AZN	2020-08-31	55.8	56	56.2	56.5	56.34	55.61

Pharma	MRNA	2020-08-31	67.14	64.89	67.45	64.29	67.2	62.54

Pharma	PFE	2020-09-01	37.79	36.88	37.8	36.86	37.82	36.51

Pharma	AZN	2020-09-01	55.85	55.38	56.65	55.75	55.9	55.12

Pharma	MRNA	2020-09-01	63.54	63.32	63.5	63.09	64.5	62.5

Pharma	PFE	2020-09-02	36.7699	37.2	37	37.31	37.3	36.4

Pharma	AZN	2020-09-02	55.47	55.9	55.55	55.97	55.99	55.27

Pharma	MRNA	2020-09-02	62.84	64.72	63.32	64.9	64.89	61.3805

Pharma	PFE	2020-09-03	37.37	36.4	37.4	36.38	37.49	36.1

Pharma	AZN	2020-09-03	55.35	54.16	56.03	53.5	55.5	53.61

Pharma	MRNA	2020-09-03	65.65	64.84	65	63.1	69.35	64.3

Pharma	PFE	2020-09-04	36.49	36.36	36.51	36.3701	36.63	35.87

Pharma	AZN	2020-09-04	53.79	53.58	54.35	53.9	54.14	52.57

Pharma	MRNA	2020-09-04	64.99	62.6	65.52	62.39	65	59.01

Pharma	PFE	2020-09-08	36.53	35.93	36.61	36.05	36.61	35.68

Pharma	AZN	2020-09-08	54.14	54.71	54.91	50.3	54.94	53.76

Pharma	MRNA	2020-09-08	57.75	54.34	62.39	56.75	58.6	54.21

Pharma	PFE	2020-09-09	36.29	36.18	36.15	36.39	36.65	36.14

Pharma	AZN	2020-09-09	53.83	53.64	53.6	54.37	54.82	53.34

Pharma	MRNA	2020-09-09	56.03	56.9	56.75	56.75	57.19	54.51

Pharma	PFE	2020-09-10	36.2	35.65	36.2	35.79	36.32	35.5831

Pharma	AZN	2020-09-10	54.16	53.07	54.46	53.3	54.19	53.04

Pharma	MRNA	2020-09-10	57.0408	57.56	56.89	58.7	60.32	56.87

Pharma	PFE	2020-09-11	35.74	36.07	35.92	36.45	36.11	35.45

Pharma	AZN	2020-09-11	53.99	53.73	53.9	53.75	54.15	53.405

Pharma	MRNA	2020-09-11	58.49	59.34	58.9	59.67	59.51	57.45

Pharma	PFE	2020-09-14	36.36	37.01	37	37.1	37.5384	36.28

Pharma	AZN	2020-09-14	54.23	54.02	54.15	54.15	54.34	53.37

Pharma	MRNA	2020-09-14	60.15	63.67	60	64.35	63.85	60.115

Pharma	PFE	2020-09-15	37.19	36.96	37.1	37.05	37.35	36.81

Pharma	AZN	2020-09-15	55.53	55.28	54.73	55.39	55.78	55.1215

Pharma	MRNA	2020-09-15	65.0274	66.88	64.3	67	68.41	64.2293

Pharma	PFE	2020-09-16	37.28	36.78	37.25	37.05	37.31	36.72

Pharma	AZN	2020-09-16	55.72	55.13	55.63	55.2	55.98	55.11

Pharma	MRNA	2020-09-16	67.64	68.84	67	70.7	70.04	66.73

Pharma	PFE	2020-09-17	36.78	36.82	36.85	36.89	36.97	36.55

Pharma	AZN	2020-09-17	55.74	55.94	55.58	55.97	56.15	55.49

Pharma	MRNA	2020-09-17	68.5	67.89	69.99	67.6	70.9	64.6

Pharma	PFE	2020-09-18	36.78	36.63	36.99	36.7	37.07	36.57

Pharma	AZN	2020-09-18	56.76	56.45	56.27	56.4	56.8	55.96

Pharma	MRNA	2020-09-18	68.28	69.87	67.7	69.33	70	66.1

Pharma	PFE	2020-09-21	36.37	36.02	36.65	36.05	36.48	35.375

Pharma	AZN	2020-09-21	55.09	55.91	56.6	55.85	55.91	54.62

Pharma	MRNA	2020-09-21	68.6	69.26	70	68.75	69.48	65.46

Pharma	PFE	2020-09-22	35.81	36.25	36	36.24	36.33	35.74

Pharma	AZN	2020-09-22	55.29	55.44	55.58	55.25	55.62	54.72

Pharma	MRNA	2020-09-22	67.5	68.72	68.72	67.8	69.19	66.67

Pharma	PFE	2020-09-23	36.34	36	36.29	35.96	36.3779	35.965

Pharma	AZN	2020-09-23	56.22	55.66	55.9	55.5501	56.585	55.575

Pharma	MRNA	2020-09-23	67.865	67.16	68	66.55	68.62	65.77

Pharma	PFE	2020-09-24	35.95	35.76	35.8	35.88	36.04	35.54

Pharma	AZN	2020-09-24	54.94	54.17	55.32	54.25	55.16	53.92

Pharma	MRNA	2020-09-24	65.5	65.17	65.87	65.96	66.77	63.64

Pharma	PFE	2020-09-25	35.54	36.05	35.68	36.05	36.15	35.52

Pharma	AZN	2020-09-25	54.2	55.51	54.45	55.32	55.84	54.02

Pharma	MRNA	2020-09-25	65.8865	69.47	65.8	69.12	69.73	65.67

Pharma	PFE	2020-09-28	36.16	36.39	36.15	36.68	36.575	36.16

Pharma	AZN	2020-09-28	55.07	54.75	55.02	54.85	55.34	54.6

Pharma	MRNA	2020-09-28	69.59	70.55	69.9	70.55	71.5	69.1

Pharma	PFE	2020-09-29	36.43	36.17	36.4	36.23	36.54	36.035

Pharma	AZN	2020-09-29	54.71	55.11	54.49	55.15	55.2	54.705

Pharma	MRNA	2020-09-29	70.46	70.52	69.53	74	71.34	69.5851

Pharma	PFE	2020-09-30	36.27	36.7	36.31	36.74	36.959	36.25

Pharma	AZN	2020-09-30	55.02	54.8	54.77	54.8	55.45	54.61

Pharma	MRNA	2020-09-30	72.51	70.75	73.2	71	75.39	70.16

Pharma	PFE	2020-10-01	36.91	36.37	36.5	36.38	37.09	36.1628

Pharma	AZN	2020-10-01	55.2	54.3	55.71	54.5	55.31	54.22

Pharma	MRNA	2020-10-01	69.57	70.03	70.88	69.2	70.2	68.16

Pharma	PFE	2020-10-02	36.06	36.38	36.28	36.36	36.66	36.03

Pharma	AZN	2020-10-02	54.42	54.22	54.75	54.11	54.76	54.13

Pharma	MRNA	2020-10-02	67.9	68.81	70.18	69.25	72.77	67.25

Pharma	PFE	2020-10-05	36.53	36.75	36.41	36.8	36.88	36.34

Pharma	AZN	2020-10-05	54.46	54.49	54.54	54.49	54.85	54.18

Pharma	MRNA	2020-10-05	69.64	71.95	68.81	71.65	72.02	69.05

Pharma	PFE	2020-10-06	37	36.17	36.8	36.17	37.03	36.09

Pharma	AZN	2020-10-06	54.15	53.71	54.29	53.71	54.53	53.675

Pharma	MRNA	2020-10-06	72	71.04	71.99	70.8	73.92	70.31

Pharma	PFE	2020-10-07	36.26	36.47	36.4	36.46	36.59	36.03

Pharma	AZN	2020-10-07	53.81	53.53	53.99	53.65	53.93	53.33

Pharma	MRNA	2020-10-07	71.23	72.37	71.18	72.75	73.24	70.959

Pharma	PFE	2020-10-08	36.6	36.89	36.51	36.95	37.18	36.51

Pharma	AZN	2020-10-08	53.68	54.09	53.63	53.95	54.29	53.58

Pharma	MRNA	2020-10-08	73.5	72.93	72.7	72.93	73.76	72.01

Pharma	PFE	2020-10-09	36.83	36.79	37.05	36.76	37.1174	36.59

Pharma	AZN	2020-10-09	54.39	54.72	54.27	55.35	54.85	54.32

Pharma	MRNA	2020-10-09	73.42	73	73.5	73.23	73.67	72.39

Pharma	PFE	2020-10-12	36.7	36.82	36.9	36.94	37.18	36.465

Pharma	AZN	2020-10-12	55.19	55.27	54.83	55.27	55.45	54.97

Pharma	MRNA	2020-10-12	73.61	75.31	73.7	75.38	75.8514	72.92

Pharma	PFE	2020-10-13	36.67	36.9	36.93	36.9	37.125	36.63

Pharma	AZN	2020-10-13	54.77	54.48	54.65	54.4001	55.15	54.445

Pharma	MRNA	2020-10-13	75.93	78.29	75.93	78.44	81.37	75.52

Pharma	PFE	2020-10-14	37.01	36.86	37.17	36.88	37.3	36.57

Pharma	AZN	2020-10-14	54	53.19	54.54	53.2	54.06	52.94

Pharma	MRNA	2020-10-14	80.01	76.56	79.8	76.8	80.01	76.3252

Pharma	PFE	2020-10-15	36.63	36.55	36.53	36.6	36.74	36.41

Pharma	AZN	2020-10-15	52.45	52.55	52.59	52.56	52.77	52.235

Pharma	MRNA	2020-10-15	75.48	75.58	75.34	75.85	76.49	73.7101

Pharma	PFE	2020-10-16	37.07	37.95	36.87	38.24	38.12	37.02

Pharma	AZN	2020-10-16	53	53.03	53.11	52.85	53.5	52.83

Pharma	MRNA	2020-10-16	76.06	73.94	75.5	73.94	76.93	73.665

Pharma	PFE	2020-10-19	38.42	37.8	38.67	37.99	38.8479	37.64

Pharma	AZN	2020-10-19	53.23	52.44	53.8	52.85	53.325	52.3

Pharma	MRNA	2020-10-19	73.97	70.96	75.2	71.6	74.09	70.5

Pharma	PFE	2020-10-20	37.87	37.49	38.19	37.52	37.89	37.35

Pharma	AZN	2020-10-20	52.68	52.19	52.8	52.35	52.82	52.15

Pharma	MRNA	2020-10-20	72.07	71.31	72.9	72.05	73.1	70.65

Pharma	PFE	2020-10-21	37.355	37.08	37.52	37.08	37.45	37.06

Pharma	AZN	2020-10-21	52.14	51.57	52.27	51.21	52.48	50.47

Pharma	MRNA	2020-10-21	71.57	68.37	71.9	69.01	71.5784	68.06

Pharma	PFE	2020-10-22	37.08	37.43	37.49	37.42	37.57	37.03

Pharma	AZN	2020-10-22	52.01	51.96	51.77	52.02	52.23	51.63

Pharma	MRNA	2020-10-22	68.5035	70.84	67.9	70.95	72.53	68.4

Pharma	PFE	2020-10-23	37.93	38.18	37.7	38.15	38.285	37.6474

Pharma	AZN	2020-10-23	52.17	52	51.91	52	52.69	51.7811

Pharma	MRNA	2020-10-23	72.3	70.53	72.54	70.6	72.3997	68.8

Pharma	PFE	2020-10-26	37.87	37.92	38.1	37.84	38.02	37.48

Pharma	AZN	2020-10-26	52.87	53.07	53	52.9	53.36	52.54

Pharma	MRNA	2020-10-26	70.36	70.24	70.5	69.8	71.32	68.7

Pharma	PFE	2020-10-27	37.04	37.43	37.91	37.39	38.12	36.87

Pharma	AZN	2020-10-27	53.31	52.48	52.8	52.25	53.49	52.38

Pharma	MRNA	2020-10-27	70.45	70.67	70.73	70.88	71.35	68.81

Pharma	PFE	2020-10-28	36.8	35.45	37.43	35.57	37.13	35.32

Pharma	AZN	2020-10-28	51.89	50.98	52.25	50.98	51.95	50.91

Pharma	MRNA	2020-10-28	68.95	65.74	69.76	66.6	69.47	65.4899

Pharma	PFE	2020-10-29	35.48	35.28	35.85	35.2	35.64	34.6

Pharma	AZN	2020-10-29	51.04	51.07	50.94	51	51.45	50.41

Pharma	MRNA	2020-10-29	68.35	71.28	67	69.99	74.539	66.23

Pharma	PFE	2020-10-30	35.24	35.48	35.14	35.55	35.535	34.84

Pharma	AZN	2020-10-30	50.92	50.16	50.9	50	51.195	49.79

Pharma	MRNA	2020-10-30	70.8	67.47	70.85	67.5	71.49	66.85

Pharma	PFE	2020-11-02	35.93	36.23	35.7	36.28	36.25	35.54

Pharma	AZN	2020-11-02	50.47	50.62	50.45	50.65	50.715	50.15

Pharma	MRNA	2020-11-02	68.02	67.11	67.82	67.1	68.6	66.55

Pharma	PFE	2020-11-03	36.43	36.19	36.28	36.32	36.62	36.08

Pharma	AZN	2020-11-03	51.46	51.7	51.15	51.7	52.07	51.285

Pharma	MRNA	2020-11-03	66.75	69.08	67.97	68.8	69.25	66.59

Pharma	PFE	2020-11-04	37.06	37.33	36.4	37.46	38.12	36.96

Pharma	AZN	2020-11-04	53.95	55.04	53.13	55.1	55.37	53.91

Pharma	MRNA	2020-11-04	68.97	69.81	67.99	70	71.55	68.9188

Pharma	PFE	2020-11-05	37.25	36.39	37.21	36.39	37.3	36.39

Pharma	AZN	2020-11-05	56.06	55.16	55.47	55.17	56.3831	55.105

Pharma	MRNA	2020-11-05	71.09	71.48	69.95	70.9	71.59	70.16

Pharma	PFE	2020-11-06	36.39	36.4	36.39	36.59	36.72	36.09

Pharma	AZN	2020-11-06	55.69	55.52	55.17	55.5	55.96	55.435

Pharma	MRNA	2020-11-06	71.42	72.45	70.5	72.51	74.16	70.87

Pharma	PFE	2020-11-09	41.86	39.2	36.81	39.94	41.99	38.38

Pharma	AZN	2020-11-09	54.77	54.05	55.9	54	55.12	53.885

Pharma	MRNA	2020-11-09	77.75	77.74	73.1	78.85	80.25	75.42

Pharma	PFE	2020-11-10	40.45	38.68	40.69	38.83	40.54	38.46

Pharma	AZN	2020-11-10	56.64	56.57	54.99	55.6	56.85	55.98

Pharma	MRNA	2020-11-10	80	76.05	79.91	76.01	80.38	73.52

Pharma	PFE	2020-11-11	38.88	38.5	39.23	38.36	40.2	37.9

Pharma	AZN	2020-11-11	57.54	58.02	57.75	57.63	58.08	57.32

Pharma	MRNA	2020-11-11	77.05	82.44	76.05	84.25	83.98	76.13

Pharma	PFE	2020-11-12	38.28	37.55	38.35	37.55	38.34	37.24

Pharma	AZN	2020-11-12	56.81	56.84	57.34	56.84	57.37	56.48

Pharma	MRNA	2020-11-12	85.18	87.81	86.5	87.99	87.93	83.83

Pharma	PFE	2020-11-13	37.87	38.62	37.69	38.94	38.655	37.705

Pharma	AZN	2020-11-13	56.87	57.38	56.88	57.65	57.42	56.76

Pharma	MRNA	2020-11-13	86.62	89.39	87.85	89.9	90.53	85.22

Pharma	PFE	2020-11-16	37.86	37.33	38.95	37.7	37.95	36.85

Pharma	AZN	2020-11-16	56.49	56.29	56.82	56.48	56.77	56.07

Pharma	MRNA	2020-11-16	100.31	97.95	91.8	97.7	103.2	93.3

Pharma	PFE	2020-11-17	36.4888	36.04	36.29	36.2	36.5	35.82

Pharma	AZN	2020-11-17	55.11	54.96	56.5	55.01	55.42	54.75

Pharma	MRNA	2020-11-17	97.23	93.15	97.65	93.21	97.8	91.6

Pharma	PFE	2020-11-18	36.93	36.32	36.4	36.6	37.42	36.3

Pharma	AZN	2020-11-18	55.33	53.99	55.24	54.09	55.34	53.96

Pharma	MRNA	2020-11-18	93.87	88.89	93.03	89.4	94	88.6103

Pharma	PFE	2020-11-19	36.6	36.19	36.57	36.45	36.63	35.86

Pharma	AZN	2020-11-19	54.25	54.03	54.47	54.47	54.25	53.67

Pharma	MRNA	2020-11-19	90	92.77	89.5	94.1	94.65	89.5114

Pharma	PFE	2020-11-20	36.7	36.7	36.85	36.64	37.31	36.44

Pharma	AZN	2020-11-20	54.88	55.3	54.58	55.3	55.42	54.675

Pharma	MRNA	2020-11-20	95	97.61	96.2	98.28	98.43	94.82

Pharma	PFE	2020-11-23	37.03	36.52	37.11	36.62	37.09	36.21

Pharma	AZN	2020-11-23	54.52	54.7	55.35	55.48	54.71	53.325

Pharma	MRNA	2020-11-23	100.77	101.03	101.2	101.52	101.77	98.62

Pharma	PFE	2020-11-24	36.13	36.6	36.62	36.57	36.74	36.02

Pharma	AZN	2020-11-24	54	53.57	54.2	53.68	54.3	53.52

Pharma	MRNA	2020-11-24	98.4	98.56	101.03	98.8	99.89	93.54

Pharma	PFE	2020-11-25	36.53	36.53	36.57	36.45	36.56	36.24

Pharma	AZN	2020-11-25	52.34	52.6	53.63	52.55	53.09	52.3

Pharma	MRNA	2020-11-25	99.03	109.18	99.61	113.35	109.29	98.65

Pharma	PFE	2020-11-27	36.78	37.23	36.46	37.27	37.26	36.75

Pharma	AZN	2020-11-27	51.58	52.61	51.76	52.7	52.77	51.44

Pharma	MRNA	2020-11-27	115.12	127.03	113.48	128.4	130.06	114.86

Pharma	PFE	2020-11-30	37.95	38.31	37.45	38.87	38.8	37.6

Pharma	AZN	2020-11-30	53.3	52.94	53.18	53.1	53.415	52.53

Pharma	MRNA	2020-11-30	144	152.74	134.5	163.36	153.8699	141.05

Pharma	PFE	2020-12-01	39.4	39.41	39.01	39.67	40.5	39.01

Pharma	AZN	2020-12-01	53.06	52.98	53.4	52.94	53.3598	52.6

Pharma	MRNA	2020-12-01	177.66	141.01	174	145.95	178.5	130.33

Pharma	PFE	2020-12-02	40.47	40.8	40.7	41.5	41.41	40.3

Pharma	AZN	2020-12-02	52.89	53.39	52.53	53.55	53.6	52.8327

Pharma	MRNA	2020-12-02	138.63	143	149.38	143.9	149.7999	128.1

Pharma	PFE	2020-12-03	40.98	40.09	41.2	39.99	41.03	39.52

Pharma	AZN	2020-12-03	52.87	52.78	53.62	52.68	52.96	52.25

Pharma	MRNA	2020-12-03	143.5	157.26	143	156.07	159.11	143.0101

Pharma	PFE	2020-12-04	39.89	40.34	39.99	40.33	40.45	39.89

Pharma	AZN	2020-12-04	53.55	53.74	53	53.83	54.135	53.42

Pharma	MRNA	2020-12-04	157.59	152.52	156.9	152.9	157.82	148.51

Pharma	PFE	2020-12-07	40.66	41.25	40.34	41.44	41.4	40.37

Pharma	AZN	2020-12-07	54.3784	54.26	53.93	54.26	54.49	53.83

Pharma	MRNA	2020-12-07	155.03	159.52	154	162.49	163.98	152.97

Pharma	PFE	2020-12-08	41.4	42.56	41.49	43	42.77	41.35

Pharma	AZN	2020-12-08	53.67	54.72	53.86	54.95	55.06	53.62

Pharma	MRNA	2020-12-08	165.75	169.86	164.6	169.67	170.51	164.3

Pharma	PFE	2020-12-09	43.07	41.85	43.25	42.2	43.0797	41.13

Pharma	AZN	2020-12-09	54.96	54.04	54.88	53.9	55.015	53.81

Pharma	MRNA	2020-12-09	170.2	156.59	173.5	158	170.8	147.2

Pharma	PFE	2020-12-10	41.82	41.73	42.03	42.88	42.22	41.445

Pharma	AZN	2020-12-10	53.86	53.89	54.11	53.95	54.2	53.67

Pharma	MRNA	2020-12-10	151.13	155.69	160.6	158.75	159.5	148.0101

Pharma	PFE	2020-12-11	41.97	41.12	42.5	41.2	42.07	40.69

Pharma	AZN	2020-12-11	53.63	54.27	53.55	54.18	54.345	53.63

Pharma	MRNA	2020-12-11	159.7	156.93	155.69	161.6	163.75	155.89

Pharma	PFE	2020-12-14	41.62	39.21	41.8	39.23	41.66	39.07

Pharma	AZN	2020-12-14	50.67	50.03	51.82	50.11	51.57	49.89

Pharma	MRNA	2020-12-14	163.4	155.07	163.49	154.8	163.7611	152.5606

Pharma	PFE	2020-12-15	39.06	38.71	39.5	38.51	39.18	38.21

Pharma	AZN	2020-12-15	50.61	50.83	50.47	50.6	50.83	50.09

Pharma	MRNA	2020-12-15	157	147.22	153.5	145.28	157.28	142.46

Pharma	PFE	2020-12-16	38.18	37.84	38.81	37.67	38.47	37.74

Pharma	AZN	2020-12-16	51.8	50.93	51.57	50.87	51.81	50.82

Pharma	MRNA	2020-12-16	137.75	137.03	144.5	139.46	141.334	134.31

Pharma	PFE	2020-12-17	37.83	38.03	37.67	37.81	38.12	37.31

Pharma	AZN	2020-12-17	51.26	50.79	51.33	50.83	51.37	50.55

Pharma	MRNA	2020-12-17	137.92	144	134.48	140.15	146.97	137.3

Pharma	PFE	2020-12-18	37.99	37.68	38.01	37.6	38.09	37.5

Pharma	AZN	2020-12-18	50.92	50.21	51	50.28	50.95	49.99

Pharma	MRNA	2020-12-18	141.51	140.23	145	143.37	145	135.06

Pharma	PFE	2020-12-21	37.28	37.38	37.85	37.21	37.4	36.91

Pharma	AZN	2020-12-21	49.48	49.68	49.9	49.7	49.835	49.055

Pharma	MRNA	2020-12-21	140.84	138.3	143.66	138.3	147.26	137.79

Pharma	PFE	2020-12-22	37.21	36.74	37.5	36.82	37.33	36.605

Pharma	AZN	2020-12-22	49.27	48.73	49.43	48.6	49.28	48.5

Pharma	MRNA	2020-12-22	139	125.88	138	123.95	141.4	123

Pharma	PFE	2020-12-23	37.01	37.44	37.12	37.5	37.65	36.88

Pharma	AZN	2020-12-23	49.11	48.77	48.86	48.7801	49.12	48.63

Pharma	MRNA	2020-12-23	120.05	130.34	119	129.73	132	115

Pharma	PFE	2020-12-24	37.4	37.27	37.45	37.23	37.57	37.18

Pharma	AZN	2020-12-24	48.9	48.52	49.65	48.51	48.9	48.17

Pharma	MRNA	2020-12-24	125.94	123.39	130.89	122.86	129.7	122.7201

Pharma	PFE	2020-12-28	37.36	36.82	37.27	36.73	37.58	36.68

Pharma	AZN	2020-12-28	50.23	49.38	50.32	49.65	50.28	49.1366

Pharma	MRNA	2020-12-28	120.04	111.4	125.81	110.08	122.88	111.05

Pharma	PFE	2020-12-29	36.9	37.05	36.77	36.93	37.2	36.79

Pharma	AZN	2020-12-29	50.66	49.9	50.94	50.19	50.7001	49.785

Pharma	MRNA	2020-12-29	107.7957	114.39	104.67	114.31	116.25	106.88

Pharma	PFE	2020-12-30	37.03	36.74	37.21	36.75	37.24	36.7

Pharma	AZN	2020-12-30	50.46	50.18	50.96	50.3	50.55	50.035

Pharma	MRNA	2020-12-30	118.4	111.13	117.1	110.75	118.9408	108.8

Pharma	PFE	2020-12-31	36.66	36.81	36.79	36.66	36.92	36.29

Pharma	AZN	2020-12-31	50	49.99	49.89	49.9	50.09	49.12

Pharma	MRNA	2020-12-31	110.55	104.47	112	104.01	113.55	102.66

Pharma	PFE	2021-01-04	36.87	36.81	37.1	36.72	36.94	36.27

Pharma	AZN	2021-01-04	50.92	50.52	50.97	50.45	51.05	49.89

Pharma	MRNA	2021-01-04	107.23	111.73	106.5	112.08	113.63	103.26

Pharma	PFE	2021-01-05	36.72	37.19	36.71	37.18	37.37	36.6

Pharma	AZN	2021-01-05	50.4	50.7	50.46	50.57	50.83	50.02

Pharma	MRNA	2021-01-05	113.82	109.18	111.7	108.7	114.98	107.2

Pharma	PFE	2021-01-06	36.83	36.87	37	36.89	37.48	36.77

Pharma	AZN	2021-01-06	50.84	50.91	50.42	50.99	51.44	50.66

Pharma	MRNA	2021-01-06	111.11	116.26	109.71	115.9	116.93	110.28

Pharma	PFE	2021-01-07	37.04	37.06	36.95	37.01	37.15	36.67

Pharma	AZN	2021-01-07	50.5532	50.19	50.63	50.3	50.78	50.06

Pharma	MRNA	2021-01-07	120.1	115.09	117.7	115.4	122.82	112.13

Pharma	PFE	2021-01-08	37.16	37.13	37.36	37.09	37.525	36.9

Pharma	AZN	2021-01-08	50.59	50.86	50.53	50.85	50.88	50.32

Pharma	MRNA	2021-01-08	116.52	112.75	116	113.42	117.71	111.49

Pharma	PFE	2021-01-11	37.22	37.77	36.75	37.76	37.83	37.145

Pharma	AZN	2021-01-11	50.58	50.56	50.83	50.59	51.085	50.41

Pharma	MRNA	2021-01-11	112.75	117.26	113.44	118	121.24	112.62

Pharma	PFE	2021-01-12	37.7	37.18	37.76	37.13	37.7859	36.82

Pharma	AZN	2021-01-12	50.64	50.29	50.47	50.3	50.65	50.1

Pharma	MRNA	2021-01-12	117.93	124.55	117.37	123.8	124.91	117.12

Pharma	PFE	2021-01-13	37	36.86	37.07	36.78	37.17	36.64

Pharma	AZN	2021-01-13	50.74	50.88	50.89	50.82	51.25	50.67

Pharma	MRNA	2021-01-13	123.7	124.06	123	123.8	127.58	120.74

Pharma	PFE	2021-01-14	36.78	36.75	36.93	36.85	36.96	36.61

Pharma	AZN	2021-01-14	51.47	51.29	51.15	51.3	51.8	51.17

Pharma	MRNA	2021-01-14	122.8	129.72	123.9	130.5	130.98	122.8

Pharma	PFE	2021-01-15	36.68	36.7	36.76	36.62	36.78	36.4

Pharma	AZN	2021-01-15	51.29	51.34	51.3	51.1	51.56	51.13

Pharma	MRNA	2021-01-15	129.6	129.65	129.5	129.43	133.29	126.58

Pharma	PFE	2021-01-19	36.76	36.73	36.5	36.75	37	36.62

Pharma	AZN	2021-01-19	52.52	52.57	51.07	52.3	52.66	52.21

Pharma	MRNA	2021-01-19	122.1	125.01	126.8	124.6	126.36	120.5

Pharma	PFE	2021-01-20	36.79	36.5	36.78	36.52	36.81	36.46

Pharma	AZN	2021-01-20	52.6532	52.24	52.7	52.25	52.6532	51.91

Pharma	MRNA	2021-01-20	124.51	125.14	124	124.5	126.0101	122.25

Pharma	PFE	2021-01-21	36.39	36.48	36.65	36.42	36.59	36.15

Pharma	AZN	2021-01-21	52.56	52.55	52.96	52.89	52.74	52.16

Pharma	MRNA	2021-01-21	125.28	132.98	125.65	132.01	137	125.25

Pharma	PFE	2021-01-22	36.32	36.55	36.42	36.57	36.83	36.25

Pharma	AZN	2021-01-22	52.73	53.25	52.63	53.31	53.54	52.62

Pharma	MRNA	2021-01-22	132.5	131.02	132	130.9	135.87	128.9

Pharma	PFE	2021-01-25	36.55	37.28	36.68	37.18	37.29	36.32

Pharma	AZN	2021-01-25	53.73	54.01	53.83	53.76	54.21	53.5934

Pharma	MRNA	2021-01-25	138.4	147	132.15	145.6	147.4299	137.25

Pharma	PFE	2021-01-26	37.27	37.31	37.28	37.42	37.6	37.16

Pharma	AZN	2021-01-26	54.52	54.44	54.35	54.15	54.65	54.19

Pharma	MRNA	2021-01-26	145.15	151.93	146	153.95	154.55	145

Pharma	PFE	2021-01-27	36.99	36.24	37.42	36.25	37.04	36.17

Pharma	AZN	2021-01-27	53.37	52.1	54.38	52	53.43	52.03

Pharma	MRNA	2021-01-27	151.2	155.73	153	153.93	164.55	149

Pharma	PFE	2021-01-28	35.95	35.86	36.11	36.06	36.33	35.84

Pharma	AZN	2021-01-28	52.12	52.04	51.92	52	52.94	51.99

Pharma	MRNA	2021-01-28	154.105	159.55	153.66	163.9	168	153.62

Pharma	PFE	2021-01-29	36.88	35.9	36.01	35.97	36.88	35.62

Pharma	AZN	2021-01-29	51.73	50.6	51.7	50.7	52.21	50.51

Pharma	MRNA	2021-01-29	174.99	173.16	162.4	174.2	185.98	166.2001

Pharma	PFE	2021-02-01	35.93	35.8	36.04	35.86	36.19	35.72

Pharma	AZN	2021-02-01	51.255	50.4	51.44	50.67	51.3	50.21

Pharma	MRNA	2021-02-01	173.03	157.48	178	159.05	174.5	154.3

Pharma	PFE	2021-02-02	35.76	34.99	35.9	35.08	35.78	34.27

Pharma	AZN	2021-02-02	50.52	50.06	50.87	50.2	50.63	50.02

Pharma	MRNA	2021-02-02	158.52	158.58	161	157.3	159.054	147.1

Pharma	PFE	2021-02-03	34.99	34.84	35.11	34.89	35.2891	34.78

Pharma	AZN	2021-02-03	50.16	50	50.72	50.37	50.34	49.725

Pharma	MRNA	2021-02-03	156.6	165.86	158	165.7999	168.39	156.4

Pharma	PFE	2021-02-04	34.81	34.89	34.8	34.9	35.08	34.7

Pharma	AZN	2021-02-04	50.31	50.36	50.15	50.52	50.445	50.04

Pharma	MRNA	2021-02-04	166.42	173.31	166	171.9	173.73	164.25

Pharma	PFE	2021-02-05	34.92	34.92	34.93	34.87	35.08	34.78

Pharma	AZN	2021-02-05	49.95	49.73	50.42	49.78	50.0985	49.65

Pharma	MRNA	2021-02-05	170.99	176.24	171	175.2	177.5	170.26

Pharma	PFE	2021-02-08	34.96	34.82	35.05	34.78	35.0138	34.74

Pharma	AZN	2021-02-08	50.1	50.06	49.55	50.0001	50.53	49.8

Pharma	MRNA	2021-02-08	177	185.98	175.9	185.5	189.26	176.81

Pharma	PFE	2021-02-09	34.8	34.97	34.85	34.96	35.06	34.76

Pharma	AZN	2021-02-09	50.163	50.41	49.95	50.4	50.635	50.04

Pharma	MRNA	2021-02-09	186.21	179.52	186	180.99	187	177.27

Pharma	PFE	2021-02-10	35	34.74	34.99	34.72	35.08	34.7

Pharma	AZN	2021-02-10	50.78	49.97	50.71	50.17	50.8378	49.755

Pharma	MRNA	2021-02-10	182.74	179.34	183.1	177.6	185.22	176.37

Pharma	PFE	2021-02-11	34.8	34.43	34.78	34.47	34.81	34.28

Pharma	AZN	2021-02-11	50.34	50.09	50.98	50.05	50.43	49.6

Pharma	MRNA	2021-02-11	178.29	183.44	180	185.85	184.22	176.2

Pharma	PFE	2021-02-12	34.44	34.72	34.48	34.72	34.95	34.36

Pharma	AZN	2021-02-12	50.93	51.69	50.52	51.65	51.735	50.8

Pharma	MRNA	2021-02-12	184.89	183.74	184.5	182.81	185	177.58

Pharma	PFE	2021-02-16	34.85	34.69	34.85	34.68	34.8598	34.56

Pharma	AZN	2021-02-16	51.02	50.89	51.37	51.02	51.255	50.595

Pharma	MRNA	2021-02-16	182.41	178.53	182.5	178.2	184.18	173.5088

Pharma	PFE	2021-02-17	34.57	34.89	34.69	34.85	34.9974	34.46

Pharma	AZN	2021-02-17	51.05	51.45	51	51.4	51.79	50.85

Pharma	MRNA	2021-02-17	174.28	176.76	177.6	175.99	178.01	171.62

Pharma	PFE	2021-02-18	34.78	34.56	34.85	34.55	34.876	34.52

Pharma	AZN	2021-02-18	51.49	51.5	51.34	51.42	51.98	51.41

Pharma	MRNA	2021-02-18	171.5929	169.57	175.2	169.75	175.47	168

Pharma	PFE	2021-02-19	34.66	34.44	34.55	34.44	34.68	34.4

Pharma	AZN	2021-02-19	51.13	50.59	51.18	50.61	51.16	50.545

Pharma	MRNA	2021-02-19	173.54	174.74	167.8	174.82	179.3	170.53

Pharma	PFE	2021-02-22	34.33	34.26	35	34.18	34.37	34.04

Pharma	AZN	2021-02-22	50.67	50.57	50.32	50.46	50.81	50.36

Pharma	MRNA	2021-02-22	167.8	159.37	176.4	160.35	170.35	158.58

Pharma	PFE	2021-02-23	34	33.91	34.3	33.88	34.1899	33.68

Pharma	AZN	2021-02-23	50.7	49.31	50.05	49.53	50.77	49.215

Pharma	MRNA	2021-02-23	151.25	150.17	159	149.27	153	136

Pharma	PFE	2021-02-24	33.87	33.75	33.9	33.83	34.05	33.67

Pharma	AZN	2021-02-24	49.66	50.1	49.74	50.14	50.32	49.505

Pharma	MRNA	2021-02-24	150.41	144.79	154	152.3	151	143.47

Pharma	PFE	2021-02-25	33.82	33.82	34	33.62	34.11	33.54

Pharma	AZN	2021-02-25	49.845	48.91	49.5	48.86	49.87	48.75

Pharma	MRNA	2021-02-25	150.78	148.38	153.72	146.5	160.98	145.86

Pharma	PFE	2021-02-26	33.84	33.49	33.77	33.55	33.9	33.36

Pharma	AZN	2021-02-26	48.85	48.38	49.76	48.39	48.92	47.98

Pharma	MRNA	2021-02-26	157.98	154.81	151.5	153.3	159.6	150.88

Pharma	PFE	2021-03-01	33.59	33.69	33.7	33.71	33.93	33.51

Pharma	AZN	2021-03-01	48.46	48.09	49.24	48	48.68	48.08

Pharma	MRNA	2021-03-01	154.4631	157.4	158	155.96	157.7799	145.2501

Pharma	PFE	2021-03-02	33.68	33.51	33.72	33.52	33.89	33.5

Pharma	AZN	2021-03-02	48.4	47.73	48.09	47.76	48.43	47.67

Pharma	MRNA	2021-03-02	153.5	146.81	152.29	147	154.4713	146.44

Pharma	PFE	2021-03-03	33.51	34.39	33.65	34.4	34.4499	33.44

Pharma	AZN	2021-03-03	47.64	47.16	48.1	47.03	47.64	46.845

Pharma	MRNA	2021-03-03	146.09	131.22	147.99	131.22	147.32	131

Pharma	PFE	2021-03-04	34.26	34.2	34.2	34.07	35.085	33.84

Pharma	AZN	2021-03-04	47.59	47.23	47.63	46.86	47.95	46.48

Pharma	MRNA	2021-03-04	128.7	132.3	131.9	130	135.47	126.69

Pharma	PFE	2021-03-05	34.29	34.39	34.19	34.47	34.55	33.955

Pharma	AZN	2021-03-05	47.57	48.06	47.21	48.05	48.12	47.15

Pharma	MRNA	2021-03-05	133.0732	132.19	128.95	132.49	134.27	121.12

Pharma	PFE	2021-03-08	34.48	34.35	34.37	34.37	34.87	34.33

Pharma	AZN	2021-03-08	47.75	48.19	47.67	48.29	48.47	47.66

Pharma	MRNA	2021-03-08	129.15	123.47	130.35	124	133.55	122.48

Pharma	PFE	2021-03-09	34.54	34.45	34.49	34.52	34.85	34.44

Pharma	AZN	2021-03-09	49.4	49.27	48.77	49.25	49.88	49.07

Pharma	MRNA	2021-03-09	127.11	130.87	126.3	131	132.3	125.6

Pharma	PFE	2021-03-10	34.64	34.93	34.52	34.93	35.14	34.52

Pharma	AZN	2021-03-10	50.2	49.81	49.6	49.77	50.29	49.7

Pharma	MRNA	2021-03-10	133.62	129.75	132.4	129.75	135.715	128.7932

Pharma	PFE	2021-03-11	35.07	34.71	35	34.7	35.12	34.66

Pharma	AZN	2021-03-11	48.95	48.67	49.52	48.75	49.27	48.59

Pharma	MRNA	2021-03-11	132.9818	140.47	133	139	140.85	131.48

Pharma	PFE	2021-03-12	34.56	34.94	34.67	34.89	34.98	34.51

Pharma	AZN	2021-03-12	48.27	48.42	48.59	48.4	48.575	47.88

Pharma	MRNA	2021-03-12	134.04	136.99	136.4	136.79	138.7424	133.2

Pharma	PFE	2021-03-15	35.01	35.41	34.89	35.37	35.43	34.96

Pharma	AZN	2021-03-15	48.58	48.77	48.42	48.57	48.78	48.13

Pharma	MRNA	2021-03-15	136.77	143.66	137.67	142.75	143.85	135.01

Pharma	PFE	2021-03-16	35.47	35.83	35.37	35.84	35.86	35.31

Pharma	AZN	2021-03-16	49.95	50.05	48.79	49.9	50.465	49.855

Pharma	MRNA	2021-03-16	148.5	156.02	144.6	154.4	157.75	145.84

Pharma	PFE	2021-03-17	35.8292	35.79	35.85	35.81	35.96	35.12

Pharma	AZN	2021-03-17	49.8	50.07	49.9	49.9	50.12	49.09

Pharma	MRNA	2021-03-17	150.25	147.55	154.54	148.67	152.0831	143.2501

Pharma	PFE	2021-03-18	35.5301	35.77	35.8	35.75	35.97	35.52

Pharma	AZN	2021-03-18	49.47	49.33	50.1	49.35	49.97	49.275

Pharma	MRNA	2021-03-18	144.45	141.46	147.55	141.67	147.61	140.86

Pharma	PFE	2021-03-19	35.75	35.53	35.67	35.51	35.82	35.4746

Pharma	AZN	2021-03-19	49.22	49.21	49.57	49.26	49.48	48.89

Pharma	MRNA	2021-03-19	143.06	143.74	143	142.6	145.18	138.53

Pharma	PFE	2021-03-22	35.48	36	35.51	35.99	36.01	35.36

Pharma	AZN	2021-03-22	49.98	51.2	49.41	51.2	51.21	49.87

Pharma	MRNA	2021-03-22	144.19	145.6	143.56	145.36	147.9199	141.85

Pharma	PFE	2021-03-23	35.82	35.36	35.92	35.37	35.93	35.32

Pharma	AZN	2021-03-23	49.95	49.4	50.17	49.55	50.21	49.16

Pharma	MRNA	2021-03-23	145.61	136.52	145.59	137.75	146.19	136.38

Pharma	PFE	2021-03-24	35.48	35.61	35.2	35.54	35.93	35.37

Pharma	AZN	2021-03-24	49.13	48.79	49.2	48.5	49.295	48.76

Pharma	MRNA	2021-03-24	137.25	131.61	138.37	130.85	137.74	131.01

Pharma	PFE	2021-03-25	35.65	35.67	35.71	35.66	35.79	35.25

Pharma	AZN	2021-03-25	48.93	49.7	49	49.77	49.79	48.81

Pharma	MRNA	2021-03-25	127.33	133.33	132.54	134.1001	134.31	126.42

Pharma	PFE	2021-03-26	35.68	36.25	35.7	36.15	36.29	35.64

Pharma	AZN	2021-03-26	49.56	50.64	49.85	50.07	50.67	49.475

Pharma	MRNA	2021-03-26	133.38	133.28	134	131.25	135.6	128.02

Pharma	PFE	2021-03-29	36.03	36.62	36.16	36.56	36.74	35.9

Pharma	AZN	2021-03-29	50.55	50.81	50.19	50.36	51.06	50.53

Pharma	MRNA	2021-03-29	130.11	123.42	130.9	123.77	131.3	121.9

Pharma	PFE	2021-03-30	36.59	36.11	36.51	36.08	36.63	36.02

Pharma	AZN	2021-03-30	50.14	49.97	50.35	49.75	50.17	49.69

Pharma	MRNA	2021-03-30	123.15	118.49	124.94	118.89	123.5977	117.3411

Pharma	PFE	2021-03-31	36.15	36.23	36.08	36.28	36.43	36.0433

Pharma	AZN	2021-03-31	50.0419	49.72	49.85	49.57	50.13	49.7

Pharma	MRNA	2021-03-31	121.1	130.95	120	130.89	131.8	119.328

Pharma	PFE	2021-04-01	36.3	36.3	36.24	36.3599	36.45	36.02

Pharma	AZN	2021-04-01	49.61	49.53	49.69	49.53	49.785	49.325

Pharma	MRNA	2021-04-01	132.2	132.55	131	133.0699	136.6372	130.34

Pharma	PFE	2021-04-05	36.44	36.28	36.4	36.22	36.57	36.1

Pharma	AZN	2021-04-05	49.41	49.53	49.32	49.53	49.8	49.4

Pharma	MRNA	2021-04-05	132.6	129.91	133.32	129.7	133.1925	127.04

Pharma	PFE	2021-04-06	36.26	36.05	36.3	36.08	36.4	36

Pharma	AZN	2021-04-06	49.45	49.22	49.44	49	49.68	49.16

Pharma	MRNA	2021-04-06	130.11	133.53	132	134.35	138.2494	128.16

Pharma	PFE	2021-04-07	36.03	35.91	36	35.86	36.24	35.76

Pharma	AZN	2021-04-07	49.06	48.42	49.1	48.44	49.12	48.26

Pharma	MRNA	2021-04-07	132.37	131.47	134	131.87	135.16	130.21

Pharma	PFE	2021-04-08	35.96	35.96	36.03	35.92	36.15	35.87

Pharma	AZN	2021-04-08	49.67	49.5	49.47	49.68	49.8	49.425

Pharma	MRNA	2021-04-08	132.85	133.88	132.5	133.6	135.9	132.06

Pharma	PFE	2021-04-09	35.9	36.6	35.98	36.6	36.81	35.9

Pharma	AZN	2021-04-09	50.15	49.94	49.7	49.01	50.16	49.68

Pharma	MRNA	2021-04-09	133.51	140.92	134.25	141.8	144	133.34

Pharma	PFE	2021-04-12	36.48	36.97	36.45	36.96	37.035	36.33

Pharma	AZN	2021-04-12	49.83	49.42	49.93	49.25	49.92	49.365

Pharma	MRNA	2021-04-12	142.37	139.4	141.49	139.11	143.49	136.36

Pharma	PFE	2021-04-13	37.41	37.16	36.85	37.19	37.65	36.89

Pharma	AZN	2021-04-13	49.21	49.19	49.22	49.1	49.6	48.96

Pharma	MRNA	2021-04-13	146.8	149.71	140	152.59	152.11	145.35

Pharma	PFE	2021-04-14	37.17	37.17	37.25	37.23	37.38	36.96

Pharma	AZN	2021-04-14	50.04	49.84	49.78	49.75	50.32	49.74

Pharma	MRNA	2021-04-14	153.66	160.03	152	161.25	160.92	152.49

Pharma	PFE	2021-04-15	37.26	37.6	37.27	37.64	37.74	37.26

Pharma	AZN	2021-04-15	50.74	50.83	50.21	50.8	51.29	50.6

Pharma	MRNA	2021-04-15	159	159.87	163	159.25	163.58	155.23

Pharma	PFE	2021-04-16	37.87	38.57	37.71	38.55	38.7	37.81

Pharma	AZN	2021-04-16	50.8	50.74	50.72	50.65	51.01	50.61

Pharma	MRNA	2021-04-16	158.68	170.81	159.8	170.8	171.92	158.21

Pharma	PFE	2021-04-19	38.6	38.93	38.62	38.92	38.96	38.3314

Pharma	AZN	2021-04-19	51.64	51.63	51.26	51.55	51.81	51.25

Pharma	MRNA	2021-04-19	166.61	161.91	171	162.6	168.1958	159.6

Pharma	PFE	2021-04-20	38.75	39.03	38.95	38.98	39.24	38.75

Pharma	AZN	2021-04-20	52.09	52.27	52.38	52.13	52.35	51.95

Pharma	MRNA	2021-04-20	160.32	156.78	162.03	155.9	162.73	153.27

Pharma	PFE	2021-04-21	39.14	39.53	38.99	39.46	39.67	39.13

Pharma	AZN	2021-04-21	52.92	53.11	52.46	53	53.175	52.69

Pharma	MRNA	2021-04-21	158.6	169.5	158	169	170.11	157.6901

Pharma	PFE	2021-04-22	39.48	38.64	39.46	38.64	39.5	38.515

Pharma	AZN	2021-04-22	53.07	52.71	53.3	52.38	53.1	52.43

Pharma	MRNA	2021-04-22	168.26	168.1	169.03	167.5	179	164.62

Pharma	PFE	2021-04-23	38.63	38.66	38.76	38.67	38.83	38.43

Pharma	AZN	2021-04-23	52.74	52.26	53.3	52.3	52.76	52.155

Pharma	MRNA	2021-04-23	170.3046	173.63	168.3	172.03	175.51	168.35

Pharma	PFE	2021-04-26	38.73	38.68	38.76	38.7	38.74	38.49

Pharma	AZN	2021-04-26	52.45	52.37	52.63	52.35	52.48	51.99

Pharma	MRNA	2021-04-26	171.79	177.61	174	176.9	179.6	168.88

Pharma	PFE	2021-04-27	38.51	38.45	39	38.53	38.61	38.35

Pharma	AZN	2021-04-27	52.8	52.37	52.92	52.3	52.81	52.31

Pharma	MRNA	2021-04-27	178.3604	183.41	177.6	183.4	185.5299	178.18

Pharma	PFE	2021-04-28	38.54	38.81	38.52	38.78	38.94	38.52

Pharma	AZN	2021-04-28	52.36	52.08	52.26	52.08	52.6	51.93

Pharma	MRNA	2021-04-28	182.37	178.68	184.09	178.6	182.89	176.12

Pharma	PFE	2021-04-29	38.99	38.6	38.99	38.52	39	38.305

Pharma	AZN	2021-04-29	52.26	51.37	52.48	51.32	52.28	50.66

Pharma	MRNA	2021-04-29	183.3265	175.67	180.48	175.99	186.8	174.76

Pharma	PFE	2021-04-30	38.5	38.65	38.5	38.65	38.895	38.49

Pharma	AZN	2021-04-30	53.27	53.07	53.16	52.75	54.5601	52.935

Pharma	MRNA	2021-04-30	175.59	178.82	177	180	184	174.52

Pharma	PFE	2021-05-03	39.04	39.83	38.93	39.98	39.84	38.96

Pharma	AZN	2021-05-03	53.37	53.7	53.13	53.67	53.74	53.115

Pharma	MRNA	2021-05-03	183.9	186.02	180.62	187.5	189	182.2101

Pharma	PFE	2021-05-04	40	39.95	39.98	39.98	40.17	39.43

Pharma	AZN	2021-05-04	53.27	52.93	53.54	52.9102	53.38	52.74

Pharma	MRNA	2021-05-04	185.3347	173.59	187.5	180	188.49	171.63

Pharma	PFE	2021-05-05	40.18	39.97	40.1	39.58	41.09	38.93

Pharma	AZN	2021-05-05	53.2661	53.65	53.15	53.52	53.7	53.08

Pharma	MRNA	2021-05-05	178.1	162.84	177.74	164.6	180.7	156.81

Pharma	PFE	2021-05-06	38.48	39.19	39.05	39.16	39.23	37.96

Pharma	AZN	2021-05-06	53.27	53.48	53.35	53.59	53.52	52.965

Pharma	MRNA	2021-05-06	148	160.5	162	161.84	163.47	143.56

Pharma	PFE	2021-05-07	39.05	39.58	39.23	39.5	39.865	39.05

Pharma	AZN	2021-05-07	53.53	53.81	53.47	53.87	54.05	53.53

Pharma	MRNA	2021-05-07	165.78	163.15	163	163.8	169.0196	160.8161

Pharma	PFE	2021-05-10	39.83	39.86	39.74	39.99	40.28	39.78

Pharma	AZN	2021-05-10	54.55	54.38	54.18	54.26	54.7	54.17

Pharma	MRNA	2021-05-10	164.01	158.55	166.28	159.41	164.7599	155.71

Pharma	PFE	2021-05-11	39.68	39.35	39.99	39.38	40.07	39.23

Pharma	AZN	2021-05-11	53.33	54.1	53.65	54.08	54.185	53.33

Pharma	MRNA	2021-05-11	151.31	158.99	155.3	158.5	161.99	150.06

Pharma	PFE	2021-05-12	39.44	39.69	39.39	39.64	39.92	39.305

Pharma	AZN	2021-05-12	54.72	54.5	54.25	54.5	55.02	54.375

Pharma	MRNA	2021-05-12	154.11	152.68	159	151.8	158.91	151.15

Pharma	PFE	2021-05-13	39.5	40.1	39.5	40.09	40.28	39.5

Pharma	AZN	2021-05-13	54.46	55.05	54.1	55	55.215	54.43

Pharma	MRNA	2021-05-13	152.6	149.87	151.38	149	155.62	146.85

Pharma	PFE	2021-05-14	40.24	40.02	40.09	40	40.32	39.92

Pharma	AZN	2021-05-14	55.24	55.21	55.11	55.15	55.38	55.08

Pharma	MRNA	2021-05-14	150.85	161.38	151.94	161.5	162.46	150.4

Pharma	PFE	2021-05-17	40.07	40.11	40.04	40.15	40.4	40.01

Pharma	AZN	2021-05-17	55.49	55.88	55.39	55.75	55.88	55.43

Pharma	MRNA	2021-05-17	159	160.43	162.31	159.6	163.37	156.7235

Pharma	PFE	2021-05-18	40.18	40.05	40.17	40.08	40.345	39.825

Pharma	AZN	2021-05-18	56.21	55.99	56.36	55.9	56.365	55.99

Pharma	MRNA	2021-05-18	160.16	159.53	161	158.6	165.75	157.9

Pharma	PFE	2021-05-19	39.9	39.83	39.95	39.83	39.9	39.43

Pharma	AZN	2021-05-19	56.25	56.34	56.15	56.34	56.36	55.95

Pharma	MRNA	2021-05-19	155.74	157.99	158.1	157.98	160.07	154.51

Pharma	PFE	2021-05-20	39.73	40.12	39.84	40.0801	40.25	39.72

Pharma	AZN	2021-05-20	56.97	57.44	56.98	57.44	57.63	56.88

Pharma	MRNA	2021-05-20	159.92	165.97	157.64	166.45	166.81	158.89

Pharma	PFE	2021-05-21	40.21	39.95	40.14	39.9499	40.6	39.91

Pharma	AZN	2021-05-21	57.58	57.4	57.49	57.75	57.73	57.35

Pharma	MRNA	2021-05-21	168.93	161.45	167	161.7	169.28	161.35

Pharma	PFE	2021-05-24	40.08	39.81	40	39.81	40.14	39.775

Pharma	AZN	2021-05-24	57.51	57.47	57.63	57.44	57.7157	57.43

Pharma	MRNA	2021-05-24	162.8813	164.17	164.88	164.71	166.8	161.01

Pharma	PFE	2021-05-25	39.82	39.33	39.86	39.3	39.8564	39.24

Pharma	AZN	2021-05-25	57.33	56.91	57.52	56.92	57.36	56.76

Pharma	MRNA	2021-05-25	166.56	169.26	165.3	169.53	171.74	165.1001

Pharma	PFE	2021-05-26	39.2901	38.92	39.38	38.86	39.3	38.78

Pharma	AZN	2021-05-26	57.01	56.54	57.09	56.5001	57.06	56.515

Pharma	MRNA	2021-05-26	168.7	175.59	170.6	176.3	175.62	168.51

Pharma	PFE	2021-05-27	38.97	38.65	39	38.69	39.18	38.6

Pharma	AZN	2021-05-27	56.21	56.89	56.42	56.89	57.36	56.2

Pharma	MRNA	2021-05-27	174.2	179.54	175.4	178.95	180	173.63

Pharma	PFE	2021-05-28	38.75	38.73	38.83	38.72	39.02	38.68

Pharma	AZN	2021-05-28	56.75	56.77	56.81	57	57.43	56.7

Pharma	MRNA	2021-05-28	178.6233	185.01	178.5	185	186.64	178.36

Pharma	PFE	2021-06-01	38.94	38.5	38.94	38.56	39	38.48

Pharma	AZN	2021-06-01	57.14	56.25	57.12	56.25	57.16	56.145

Pharma	MRNA	2021-06-01	184.08	184.66	184	183.9	185.2791	178.8

Pharma	PFE	2021-06-02	38.64	38.79	38.5	38.75	38.93	38.54

Pharma	AZN	2021-06-02	55.88	56.1	56.1	55.05	56.225	55.86

Pharma	MRNA	2021-06-02	183.9	191.6	183.85	192.2	194.5	183.28

Pharma	PFE	2021-06-03	38.76	38.97	38.73	38.9	39.04	38.63

Pharma	AZN	2021-06-03	55.78	56.25	55.88	56.95	56.39	55.73

Pharma	MRNA	2021-06-03	188.89	195.22	191	195.6	200	188.6331

Pharma	PFE	2021-06-04	39.05	39.15	38.84	39.08	39.5	39.015

Pharma	AZN	2021-06-04	56.64	56.8	56.1	56.9	57.06	56.57

Pharma	MRNA	2021-06-04	197.9	206.07	196.3	206.15	207.38	197.33

Pharma	PFE	2021-06-07	39.08	38.99	39.13	39.11	39.6	38.97

Pharma	AZN	2021-06-07	56.62	56.4	56.35	56.462	56.96	56.345

Pharma	MRNA	2021-06-07	207.1026	219.57	206	219.25	227.71	206.42

Pharma	PFE	2021-06-08	39.07	38.85	39.1	38.87	39.11	38.475

Pharma	AZN	2021-06-08	56.8	56.31	56.1	56.31	56.8	55.915

Pharma	MRNA	2021-06-08	220.1	213	222.4	213.7	222.3449	202.5

Pharma	PFE	2021-06-09	39	39.81	38.95	39.86	39.84	38.98

Pharma	AZN	2021-06-09	56.96	57.6	56.55	57.6	57.655	56.86

Pharma	MRNA	2021-06-09	212.3	217.44	214.8	217.2	221.5	212.01

Pharma	PFE	2021-06-10	39.9	40.68	39.8	40.57	40.72	39.89

Pharma	AZN	2021-06-10	58.14	58.84	58.13	58.85	58.88	57.95

Pharma	MRNA	2021-06-10	216.62	217	218	214.03	221.88	207.7

Pharma	PFE	2021-06-11	40.66	40.15	40.63	40.13	40.67	39.95

Pharma	AZN	2021-06-11	59.13	58.77	59.42	58.7	59.15	58.53

Pharma	MRNA	2021-06-11	211.9	218.85	214.93	216	218.9	211.8

Pharma	PFE	2021-06-14	40.03	39.63	40.12	39.55	40.07	39.38

Pharma	AZN	2021-06-14	58.96	58.76	58.71	57.6	58.965	58.32

Pharma	MRNA	2021-06-14	213.2727	207.41	217.53	206.5	213.4899	198

Pharma	PFE	2021-06-15	39.71	39.59	39.55	39.56	39.84	39.39

Pharma	AZN	2021-06-15	58.99	58.84	59.02	58.84	59.01	58.58

Pharma	MRNA	2021-06-15	203.49	201.59	207.5	200.5	207.85	199.2

Pharma	PFE	2021-06-16	39.62	39.3	39.5	39.37	39.84	39.28

Pharma	AZN	2021-06-16	58.86	58.41	58.79	59	59.34	58.28

Pharma	MRNA	2021-06-16	200	197.84	196.65	200.4	203.98	193.2016

Pharma	PFE	2021-06-17	39.27	39.48	39.38	39.45	39.59	39.07

Pharma	AZN	2021-06-17	58.06	58.35	58.18	58.35	58.46	57.87

Pharma	MRNA	2021-06-17	200	202.47	200.12	202.7	203.9223	197.72

Pharma	PFE	2021-06-18	39.3	38.81	39.4	38.7	39.44	38.7

Pharma	AZN	2021-06-18	57.83	58.37	58.22	57.95	58.6	57.57

Pharma	MRNA	2021-06-18	201.3928	199.19	203	197.6	204.84	194.51

Pharma	PFE	2021-06-21	38.88	39.42	38.86	39.42	39.48	38.88

Pharma	AZN	2021-06-21	58.2	58.31	58.47	58.31	58.46	57.98

Pharma	MRNA	2021-06-21	200.86	208.24	199.01	209.51	211.04	200

Pharma	PFE	2021-06-22	39.41	39.61	39.39	39.62	39.69	39.26

Pharma	AZN	2021-06-22	58.16	57.89	57.46	57.89	58.32	57.69

Pharma	MRNA	2021-06-22	210.76	221.36	210	220.9	222.4048	210.2501

Pharma	PFE	2021-06-23	39.63	39.05	39.58	39.06	39.66	38.975

Pharma	AZN	2021-06-23	58.85	57.98	57.96	57.98	58.85	57.88

Pharma	MRNA	2021-06-23	219.98	212.04	220.22	211.29	224.57	205.55

Pharma	PFE	2021-06-24	39.14	39.19	39.14	39.22	39.345	39.08

Pharma	AZN	2021-06-24	58.39	58.42	58.15	58.42	59.0718	58.33

Pharma	MRNA	2021-06-24	214.38	220.14	212.2	220.03	221.49	213.46

Pharma	PFE	2021-06-25	39.12	38.98	39.39	39.02	39.405	38.89

Pharma	AZN	2021-06-25	59.05	59.35	58.41	59.35	59.42	58.81

Pharma	MRNA	2021-06-25	221.26	219.94	219.98	219.7	226.51	216.33

Pharma	PFE	2021-06-28	39.01	39.12	39.09	39.1	39.2099	38.9

Pharma	AZN	2021-06-28	59.78	60.07	59.72	60	60.37	59.725

Pharma	MRNA	2021-06-28	223	222.94	221	222.45	225.0914	215.6

Pharma	PFE	2021-06-29	39.13	39.1	39.17	39.17	39.285	38.98

Pharma	AZN	2021-06-29	60.12	60.18	59.84	60.18	60.34	59.91

Pharma	MRNA	2021-06-29	221.19	234.46	221	237	238.4	219.33

Pharma	PFE	2021-06-30	39.14	39.16	39.11	39.2	39.27	38.82

Pharma	AZN	2021-06-30	60.058	59.9	59.91	59.2	60.29	59.72

Pharma	MRNA	2021-06-30	237.98	234.98	237	235.2	245.7	232.41

Pharma	PFE	2021-07-01	39.17	39.56	39.2	39.5201	39.63	39.11

Pharma	AZN	2021-07-01	59.87	60.31	59.98	60.2	60.44	59.71

Pharma	MRNA	2021-07-01	236.3	235.11	236	234.8	236.71	227.67

Pharma	PFE	2021-07-02	39.46	39.73	39.47	39.67	39.83	39.38

Pharma	AZN	2021-07-02	60.26	60.79	60.41	60.5	60.875	60.065

Pharma	MRNA	2021-07-02	235.1	234.3	234.94	233.5	238.9	230.14

Pharma	PFE	2021-07-06	39.48	39.29	39.5	39.24	39.65	39.04

Pharma	AZN	2021-07-06	60.41	59.9	60.2	59.7	60.555	59.87

Pharma	MRNA	2021-07-06	229.62	233.34	232.2	232.69	234.6	225.43

Pharma	PFE	2021-07-07	39.22	39.35	39.25	39.31	39.36	38.965

Pharma	AZN	2021-07-07	59.76	59.76	59.8	59.77	59.82	59.295

Pharma	MRNA	2021-07-07	231.76	221.9	232.01	221.15	231.86	220.8201

Pharma	PFE	2021-07-08	39	39.25	39.15	39.49	39.32	38.93

Pharma	AZN	2021-07-08	59.45	59.26	59.13	59.37	59.67	58.83

Pharma	MRNA	2021-07-08	215.66	232.79	218.2	233.7	233.41	214.07

Pharma	PFE	2021-07-09	39.53	39.61	39.55	39.65	40.1	39.46

Pharma	AZN	2021-07-09	59.12	59.63	59.46	59.65	59.91	59.07

Pharma	MRNA	2021-07-09	231.965	232.81	233.5	232.29	233.7999	224.28

Pharma	PFE	2021-07-12	39.66	39.76	39.61	39.84	40.25	39.6

Pharma	AZN	2021-07-12	60.29	60.5	60.07	60.5	60.93	60.23

Pharma	MRNA	2021-07-12	230.98	239.34	230	239.85	242.389	229.2

Pharma	PFE	2021-07-13	39.77	39.65	39.84	39.65	39.8	39.53

Pharma	AZN	2021-07-13	60.09	60.61	60.31	60.39	60.655	60.07

Pharma	MRNA	2021-07-13	239.14	235.15	238.88	234.74	239.8195	233.801

Pharma	PFE	2021-07-14	39.72	39.95	39.65	39.95	40.025	39.66

Pharma	AZN	2021-07-14	60.085	59.8	60.19	59.75	60.175	59.63

Pharma	MRNA	2021-07-14	237.245	246.66	235.3	246	249.92	237.22

Pharma	PFE	2021-07-15	39.95	40.09	39.9	40.11	40.19	39.86

Pharma	AZN	2021-07-15	58.79	56.96	59.4	57.2	58.86	56.85

Pharma	MRNA	2021-07-15	246.66	259.675	248.5	279.9	261.22	245.505

Pharma	PFE	2021-07-16	40.14	40.35	40.03	40.38	40.35	39.93

Pharma	AZN	2021-07-16	56.79	56.79	57.04	56.75	57.48	56.395

Pharma	MRNA	2021-07-16	276.92	286.43	278	286.4	288.88	271.5

Pharma	PFE	2021-07-19	40.07	40.15	40.09	40.11	40.35	39.68

Pharma	AZN	2021-07-19	56.44	56.48	56.65	56.55	56.88	56

Pharma	MRNA	2021-07-19	284.54	313.59	285.45	316.7	317.8796	283.14

Pharma	PFE	2021-07-20	40.25	41.05	40.15	41.27	41.71	40.2

Pharma	AZN	2021-07-20	57.27	57.54	57.01	58.19	57.9	56.76

Pharma	MRNA	2021-07-20	318.22	307.33	318	303.99	342.51	292

Pharma	PFE	2021-07-21	41.24	41.02	41.13	41.1299	41.24	40.515

Pharma	AZN	2021-07-21	57.91	57.77	58.47	58.02	58.055	57.53

Pharma	MRNA	2021-07-21	298.51	321.11	306	319.5	325.88	293.62

Pharma	PFE	2021-07-22	41.12	41.47	41.2	41.51	41.55	40.9

Pharma	AZN	2021-07-22	58.15	57.96	57.42	58.1	58.48	57.88

Pharma	MRNA	2021-07-22	319	323.48	321.55	322.85	329.6	316.29

Pharma	PFE	2021-07-23	41.46	41.68	41.52	41.75	41.83	41.42

Pharma	AZN	2021-07-23	58.36	58.23	58.37	58.32	58.72	58.015

Pharma	MRNA	2021-07-23	330.9	348.83	325	348.9	349.45	325.17

Pharma	PFE	2021-07-26	41.62	41.81	41.65	41.88	41.94	41.39

Pharma	AZN	2021-07-26	57.52	56.79	57.97	56.7	57.615	56.75

Pharma	MRNA	2021-07-26	352	335.87	355	336	362	329.15

Pharma	PFE	2021-07-27	41.82	42.1	41.81	42.08	42.2	41.58

Pharma	AZN	2021-07-27	57.69	57.46	56.96	57.45	57.69	56.58

Pharma	MRNA	2021-07-27	335.3088	328.5	336.16	327.27	344.889	318.29

Pharma	PFE	2021-07-28	42.35	43.45	42.11	43.37	43.74	42.25

Pharma	AZN	2021-07-28	57.03	56.81	57.37	56.9	57.43	56.81

Pharma	MRNA	2021-07-28	333.01	349.32	329.11	353.99	350.99	327.5

Pharma	PFE	2021-07-29	43.23	42.79	43.36	42.7	43.3	42.6212

Pharma	AZN	2021-07-29	58.01	57.64	56.98	57.16	58.6	57.505

Pharma	MRNA	2021-07-29	350.64	345.64	352.85	345.02	351.2199	336

Pharma	PFE	2021-07-30	42.88	42.81	42.64	42.8101	43.185	42.69

Pharma	AZN	2021-07-30	57.45	57.24	57.32	57.2972	57.67	57.125

Pharma	MRNA	2021-07-30	346.9	353.6	343.84	354.75	359.9	342.28

Pharma	PFE	2021-08-02	43.3	43.96	43.1	44.1	44.14	43.25

Pharma	AZN	2021-08-02	57.05	57.38	57.17	57.38	57.54	56.785

Pharma	MRNA	2021-08-02	360	346.61	360	349.39	365.6	343.2

Pharma	PFE	2021-08-03	44.17	45.68	44.18	45.99	45.86	44.07

Pharma	AZN	2021-08-03	57.51	57.66	57.84	57.5	57.725	57.405

Pharma	MRNA	2021-08-03	348.5004	386.51	349.99	391.5	386.98	344.5

Pharma	PFE	2021-08-04	45.35	45.19	45.99	45.35	45.8	45.01

Pharma	AZN	2021-08-04	57.5	57.31	57.98	57.4	57.8	57.3

Pharma	MRNA	2021-08-04	385	419.05	389.5	419.75	433	377.11

Pharma	PFE	2021-08-05	45	45.06	45.69	45.28	45.14	44.7

Pharma	AZN	2021-08-05	58.16	58.41	58.1	58.4	58.43	57.87

Pharma	MRNA	2021-08-05	409.72	416.26	427.92	420	443.99	403

Pharma	PFE	2021-08-06	45.09	45.07	45.02	44.98	45.31	44.63

Pharma	AZN	2021-08-06	57.23	56.44	58.1	56.45	57.279	56.24

Pharma	MRNA	2021-08-06	410.3	413.72	409.83	412	419.26	393.61

Pharma	PFE	2021-08-09	45.11	45.98	44.97	46.17	46.03	45.11

Pharma	AZN	2021-08-09	56.66	56.36	56.61	56.35	56.825	56

Pharma	MRNA	2021-08-09	411.3014	484.47	412	486	493.7565	409.66

Pharma	PFE	2021-08-10	46.2	48.19	46.21	47.8	48.57	45.89

Pharma	AZN	2021-08-10	56.38	56.41	56.51	56.42	56.83	56.245

Pharma	MRNA	2021-08-10	485.5	456.76	493.92	442	497.49	454

Pharma	PFE	2021-08-11	47.78	46.31	47.89	46	48.08	46.26

Pharma	AZN	2021-08-11	56.8069	56.61	56.49	56.79	56.92	56.48

Pharma	MRNA	2021-08-11	443.57	385.33	448	378.8	453.73	372

Pharma	PFE	2021-08-12	46.5	47.24	46.37	47.1	47.4	46.34

Pharma	AZN	2021-08-12	57.06	57.46	56.92	57.25	57.539	56.71

Pharma	MRNA	2021-08-12	400	391.42	392.09	395.4	406.3499	377.09

Pharma	PFE	2021-08-13	47.41	48.48	47.35	48.73	48.5	47.32

Pharma	AZN	2021-08-13	57.7964	58.48	57.83	58.43	58.64	57.74

Pharma	MRNA	2021-08-13	405.24	389.78	396	388.75	406.32	387.1

Pharma	PFE	2021-08-16	48.23	48.91	48.49	48.8	48.97	47.51

Pharma	AZN	2021-08-16	58.07	58.75	58.2	58.72	58.92	58.0493

Pharma	MRNA	2021-08-16	379.27	373.86	388.88	369.7	379.57	349

Pharma	PFE	2021-08-17	48.78	50.42	48.9	50.18	50.49	48.71

Pharma	AZN	2021-08-17	58.505	59.35	58.39	59.25	59.43	58.48

Pharma	MRNA	2021-08-17	361	401.86	375.6	400.8	402.49	358.5501

Pharma	PFE	2021-08-18	50.23	49.31	50.25	49.02	51.86	49.17

Pharma	AZN	2021-08-18	59.5624	59.44	59.31	59.25	60.19	59.4

Pharma	MRNA	2021-08-18	406.5	398.8	403.2	395.25	413.3	386.21

Pharma	PFE	2021-08-19	48.5	48.8	48.6	48.88	49.96	48.26

Pharma	AZN	2021-08-19	59.12	59.19	59.16	59.18	59.79	59.02

Pharma	MRNA	2021-08-19	385	375.53	392	376.5	394.9199	375

Pharma	PFE	2021-08-20	48.98	48.72	48.62	50.7	49.73	48.66

Pharma	AZN	2021-08-20	59.33	59.39	59.04	59.5	59.6	59.07

Pharma	MRNA	2021-08-20	374.5475	382.98	366.26	388	387.4899	369.26

Pharma	PFE	2021-08-23	50.29	49.93	50.45	50.14	51.36	49.6

Pharma	AZN	2021-08-23	59.09	58.8	59.35	59	59.35	58.78

Pharma	MRNA	2021-08-23	390.34	411.89	387.01	411.8	411.97	385.7716

Pharma	PFE	2021-08-24	49.74	48.38	50.51	48.3	50.05	48.24

Pharma	AZN	2021-08-24	58.36	58.52	58.81	58.6499	58.57	57.86

Pharma	MRNA	2021-08-24	405.69	394.94	415.1	392.6	407.5796	387.56

Pharma	PFE	2021-08-25	48.04	47.51	48.45	47.38	48.28	46.93

Pharma	AZN	2021-08-25	58.94	58.58	58.78	58.3	58.95	58.4

Pharma	MRNA	2021-08-25	391.7	397.87	393.53	396	413.8	387.97

Pharma	PFE	2021-08-26	47.7	47.38	47.59	47.19	48.16	47.3

Pharma	AZN	2021-08-26	58.86	58.76	59.23	58.55	59.0589	58.43

Pharma	MRNA	2021-08-26	395.45	400.3	394	401.5	404.67	392.1525

Pharma	PFE	2021-08-27	47.37	46.6	47.46	46.61	47.5	46.53

Pharma	AZN	2021-08-27	58.89	58.63	58.86	58.75	59.23	58.46

Pharma	MRNA	2021-08-27	398.825	382.22	399.29	383	398.98	378.72

Pharma	PFE	2021-08-30	46.2	46.76	46.44	46.84	47.16	46.16

Pharma	AZN	2021-08-30	58.67	58.61	58.41	58.58	58.81	58.51

Pharma	MRNA	2021-08-30	369	370.69	378.67	367.53	389.04	362.8001

Pharma	PFE	2021-08-31	46.72	46.07	46.6	46.1	47.14	45.9318

Pharma	AZN	2021-08-31	58.45	58.28	58.93	58.2	58.81	58.17

Pharma	MRNA	2021-08-31	375.91	376.69	369	377.55	384.68	370.5

Pharma	PFE	2021-09-01	46.19	46.04	46.21	46.29	46.2595	45.42

Pharma	AZN	2021-09-01	58.74	58.72	58.69	58.72	58.92	58.38

Pharma	MRNA	2021-09-01	382.837	389.94	378	393.1	394.98	375.2

Pharma	PFE	2021-09-02	46.48	46.84	46.09	46.89	46.87	46.13

Pharma	AZN	2021-09-02	59.1729	59.59	59.06	59.59	59.62	59.09

Pharma	MRNA	2021-09-02	393.13	397.66	392.25	396.11	402.8	390.515

Pharma	PFE	2021-09-03	46.9	46.84	46.84	46.8001	47.03	46.3431

Pharma	AZN	2021-09-03	59.15	58.83	59.59	58.83	59.24	58.63

Pharma	MRNA	2021-09-03	392.71	416.7	397.7	414.19	416.81	388.68

Pharma	PFE	2021-09-07	46.99	46.75	47	46.73	47.5	46.54

Pharma	AZN	2021-09-07	59.01	58.39	59.17	58.39	59.02	58.21

Pharma	MRNA	2021-09-07	409.5	436.39	411.11	434.4	438.55	408.96

Pharma	PFE	2021-09-08	46.51	46.51	46.52	46.46	46.79	46.25

Pharma	AZN	2021-09-08	57.31	57.07	57.61	57.02	57.41	56.96

Pharma	MRNA	2021-09-08	433.72	422.9	433.21	421	437.17	418.2

Pharma	PFE	2021-09-09	46.47	46.03	46.41	46.2	46.7182	45.85

Pharma	AZN	2021-09-09	57.02	56.29	56.83	56.35	57.25	56.14

Pharma	MRNA	2021-09-09	429.93	455.92	420.41	455.98	459.42	427.09

Pharma	PFE	2021-09-10	46.27	45.59	46.32	45.56	46.35	45.51

Pharma	AZN	2021-09-10	56.81	56.26	56.65	56.26	56.8494	56.25

Pharma	MRNA	2021-09-10	463.1565	449.38	456.49	449.75	464.85	448.11

Pharma	PFE	2021-09-13	45.74	44.58	45.61	44.63	45.83	44.2

Pharma	AZN	2021-09-13	56.63	55.96	56.56	55.98	56.64	55.8

Pharma	MRNA	2021-09-13	448	419.72	452	421.96	448.8099	415

Pharma	PFE	2021-09-14	44.67	44.71	44.59	44.72	45.26	44.545

Pharma	AZN	2021-09-14	56.337	55.96	56.04	55.96	56.48	55.7401

Pharma	MRNA	2021-09-14	419.27	427.71	420.41	429.4	443.76	418.6331

Pharma	PFE	2021-09-15	44.56	44.77	44.7	44.81	45.365	44.47

Pharma	AZN	2021-09-15	56.53	56.45	56.15	56.58	56.605	56.13

Pharma	MRNA	2021-09-15	427.455	434.46	430	437.67	437.8	422.16

Pharma	PFE	2021-09-16	44.88	44.47	44.76	44.44	44.99	44.03

Pharma	AZN	2021-09-16	56.47	56.6	56.72	56.67	56.73	56.01

Pharma	MRNA	2021-09-16	431.21	440.65	437.24	440.47	446.6399	429

Pharma	PFE	2021-09-17	44.17	43.89	44.4	43.78	44.46	43.31

Pharma	AZN	2021-09-17	56.16	55.56	56.74	55.58	56.355	55.125

Pharma	MRNA	2021-09-17	438.53	430.05	439.26	425.4	442	406.8704

Pharma	PFE	2021-09-20	43.39	44.2	43.29	44.16	44.65	43.39

Pharma	AZN	2021-09-20	56.17	58.5	56.5	58.5999	58.6	56.08

Pharma	MRNA	2021-09-20	417.5073	423.33	422.37	423.91	435.4499	416.511

Pharma	PFE	2021-09-21	44.25	43.92	44.45	43.85	44.73	43.85

Pharma	AZN	2021-09-21	58.87	59.13	58.51	58.51	59.505	58.63

Pharma	MRNA	2021-09-21	424.3	434.04	428.79	434.06	439.59	420.3

Pharma	PFE	2021-09-22	43.99	43.95	44	44.35	44.39	43.83

Pharma	AZN	2021-09-22	58.67	58.74	58.42	58.8	59.08	58.21

Pharma	MRNA	2021-09-22	433.09	440.72	432.5	442.85	443.73	428.6

Pharma	PFE	2021-09-23	44.28	44.19	44.35	44.13	44.719	44.15

Pharma	AZN	2021-09-23	59.24	59.48	59.26	59.1	59.76	59.24

Pharma	MRNA	2021-09-23	439.7851	454.6	442.01	453.55	458.5	438.79

Pharma	PFE	2021-09-24	44.07	43.94	44.07	43.94	44.41	43.81

Pharma	AZN	2021-09-24	60.95	60.35	60.98	60.1	61.295	60.24

Pharma	MRNA	2021-09-24	448.08	430.14	452.63	432.94	453.61	426.61

Pharma	PFE	2021-09-27	43.92	43.57	43.9	43.51	44.13	43.51

Pharma	AZN	2021-09-27	59.45	58.72	60.28	58.56	59.535	58.52

Pharma	MRNA	2021-09-27	430.6008	408.84	436.54	407.3	434	407.255

Pharma	PFE	2021-09-28	43.07	43.04	43.44	43.1499	43.28	42.43

Pharma	AZN	2021-09-28	58.3869	57.63	58.12	57.63	58.3869	57.105

Pharma	MRNA	2021-09-28	398.56	384.21	401.08	383.4	403.2957	376.03

Pharma	PFE	2021-09-29	43.22	43.53	43.25	43.42	43.69	43.08

Pharma	AZN	2021-09-29	58.98	59.67	58.73	59.65	59.86	58.735

Pharma	MRNA	2021-09-29	393.21	378.9	390.3	382.98	397.98	375.5543

Pharma	PFE	2021-09-30	43.79	43.01	43.7	43.03	44.05	42.97

Pharma	AZN	2021-09-30	59.94	60.06	60	60.06	60.55	59.94

Pharma	MRNA	2021-09-30	381.82	384.86	384.15	385	390.6	377.1001

Pharma	PFE	2021-10-01	42.52	42.93	43	42.9701	43.095	41.7

Pharma	AZN	2021-10-01	59.29	59.68	59.4	59.3	59.945	58.69

Pharma	MRNA	2021-10-01	358.33	341.09	380.67	339	359.115	323.41

Pharma	PFE	2021-10-04	42.93	42.42	42.57	42.3	43.345	42.21

Pharma	AZN	2021-10-04	60.05	60.54	60.14	60.5	60.55	59.88

Pharma	MRNA	2021-10-04	308.88	325.84	333	323.5	330.555	305

Pharma	PFE	2021-10-05	42.53	42.32	42.36	42.29	42.79	42.28

Pharma	AZN	2021-10-05	60.13	59.89	60.35	59.65	60.485	59.875

Pharma	MRNA	2021-10-05	331	332.11	324.95	332.1	338.0328	327.2001

Pharma	PFE	2021-10-06	42.06	42.02	41.96	42	42.2	41.69

Pharma	AZN	2021-10-06	59.64	59.86	58.59	59.79	59.905	59.225

Pharma	MRNA	2021-10-06	318.71	302.42	326.23	298.5	325.68	300.62

Pharma	PFE	2021-10-07	42.52	42.74	42.1	42.8	42.96	42.21

Pharma	AZN	2021-10-07	59.57	60.37	59.92	60.37	60.64	59.53

Pharma	MRNA	2021-10-07	295.46	309.36	295	310.9	317.3499	293.58

Pharma	PFE	2021-10-08	42.73	42.45	42.75	42.5	42.905	42.34

Pharma	AZN	2021-10-08	60.7	60.61	60.13	60.61	61.105	60.48

Pharma	MRNA	2021-10-08	310.8	304.91	310.68	305.1999	314.05	297.5404

Pharma	PFE	2021-10-11	42.45	42.06	42.5	42.06	42.62	42.01

Pharma	AZN	2021-10-11	61.04	60.8	62	61.12	61.34	60.79

Pharma	MRNA	2021-10-11	299.32	305.1	302	304.3	314.11	298.1

Pharma	PFE	2021-10-12	42.16	41.85	41.96	41.825	42.21	41.66

Pharma	AZN	2021-10-12	60.79	60.27	60.72	60.27	60.85	60.2

Pharma	MRNA	2021-10-12	313.0346	311.13	305.6	310.2	315.94	301.9101

Pharma	PFE	2021-10-13	41.75	41.42	41.78	41.31	41.91	40.94

Pharma	AZN	2021-10-13	60.01	60.45	59.41	60.55	60.66	60.01

Pharma	MRNA	2021-10-13	314.9	321.5	313.76	324.87	327.74	313.3

Pharma	PFE	2021-10-14	41.56	41.67	41.54	41.76	41.9565	41.515

Pharma	AZN	2021-10-14	60.39	59.67	60.51	59.79	60.575	59.63

Pharma	MRNA	2021-10-14	329	331.88	327.31	334.45	337.36	322.1

Pharma	PFE	2021-10-15	41.9	41.49	41.88	41.45	42.03	41.38

Pharma	AZN	2021-10-15	60.27	60.22	60.27	60.22	60.54	60.08

Pharma	MRNA	2021-10-15	341.01	324.21	338	322.7999	341.5494	318.5

Pharma	PFE	2021-10-18	41.45	41.32	41.43	41.35	41.7	41.04

Pharma	AZN	2021-10-18	59.78	59.29	59.97	59.3101	59.87	59.125

Pharma	MRNA	2021-10-18	322.26	334.84	321.91	334.75	338.54	320.5371

Pharma	PFE	2021-10-19	41.6	42.09	41.45	42.12	42.2	41.5418

Pharma	AZN	2021-10-19	59.56	60.17	59.53	60.15	60.49	59.51

Pharma	MRNA	2021-10-19	339.105	333.61	337.99	334	347.87	331.0101

Pharma	PFE	2021-10-20	42.12	42.8	42.18	42.88	43.11	42.1

Pharma	AZN	2021-10-20	60.29	60.63	60.54	60.4	60.78	60.22

Pharma	MRNA	2021-10-20	334.01	333.01	334	336.6	338.6	329.36

Pharma	PFE	2021-10-21	43.055	42.86	42.98	42.83	43.09	42.43

Pharma	AZN	2021-10-21	60.51	61.22	60.63	61.22	61.25	60.485

Pharma	MRNA	2021-10-21	337.21	339.57	337	338.51	341.52	333.4001

Pharma	PFE	2021-10-22	42.82	43.16	43	43.07	43.19	42.63

Pharma	AZN	2021-10-22	61.89	61.79	61.81	61.5	62.06	61.68

Pharma	MRNA	2021-10-22	332.539	326.54	336.21	326.01	335.75	317.18


Pharma	PFE	2021-10-25	43.2	43.15	43.16	43.24	43.24	42.57
Pharma	AZN	2021-10-25	61.94	61.77	62.21	61.77	61.96	61.33
Pharma	MRNA	2021-10-25	327.36	349.56	326.25	349.25	350.06	323.27
Pharma	PFE	2021-10-26	43.33	43.56	43.24	43.82	43.76	42.92
Pharma	AZN	2021-10-26	61.93	62.26	62.17	62.26	62.35	61.79
Pharma	MRNA	2021-10-26	352	345.74	353	346.6	356.77	341.37
Pharma	PFE	2021-10-27	43.46	42.97	43.8	42.97	43.5599	42.68
Pharma	AZN	2021-10-27	62.63	61.77	62.13	61.77	62.69	61.605
Pharma	MRNA	2021-10-27	344.25	340.88	347	341.28	350.64	338.34
Pharma	PFE	2021-10-28	42.95	43.18	42.98	43.11	43.67	42.94
Pharma	AZN	2021-10-28	62.03	62.19	61.9	62.2499	62.86	61.99
Pharma	MRNA	2021-10-28	343.1	347.92	343.6	344.3	353.28	341.54
Pharma	PFE	2021-10-29	43.09	43.74	43.06	43.82	43.83	42.855
Pharma	AZN	2021-10-29	62.39	62.38	62.28	62.38	62.46	61.96
Pharma	MRNA	2021-10-29	344.47	345.21	346.12	344.26	347.7	337.2501
Pharma	PFE	2021-11-01	44.14	43.64	44	44	44.29	43.44
Pharma	AZN	2021-11-01	62.19	62.46	62.64	62.46	62.78	62.045
Pharma	MRNA	2021-11-01	334.99	337.17	339	335	338.07	320.55
Pharma	PFE	2021-11-02	45.075	45.45	43.9	45.79	46.04	43.05
Pharma	AZN	2021-11-02	62.94	63.56	62.87	63.56	64.21	62.635
Pharma	MRNA	2021-11-02	338.74	348.64	333.1	349.5	349.45	337.04
Pharma	PFE	2021-11-03	45.52	44.82	45.8	44.9	45.99	44.48
Pharma	AZN	2021-11-03	63.95	63.83	63.88	63.83	64.0737	63.44
Pharma	MRNA	2021-11-03	350	345.92	352.68	345.5	350.1	336.2
Pharma	PFE	2021-11-04	44.29	43.85	44.66	43.86	44.47	43.305
Pharma	AZN	2021-11-04	63.79	63.83	63.9	63.83	63.99	63.505
Pharma	MRNA	2021-11-04	295.81	284.02	348	285.1	297.73	278
Pharma	PFE	2021-11-05	48.09	48.61	43.7	48.61	48.8099	46.55
Pharma	AZN	2021-11-05	62.8	63.09	63.77	63	63.135	62.23
Pharma	MRNA	2021-11-05	241.57	236.99	286	230.3	246.1	210.96
Pharma	PFE	2021-11-08	48.61	48.33	49	48.1	48.785	47.6
Pharma	AZN	2021-11-08	63.66	62.99	63	62.99	63.87	62.97
Pharma	MRNA	2021-11-08	233.06	244.68	236.8	242.28	245.92	233.06
Pharma	PFE	2021-11-09	48.33	47.3	48.29	47.29	48.38	47.15
Pharma	AZN	2021-11-09	62.94	62.7	62.98	62.7	62.99	62.58
Pharma	MRNA	2021-11-09	246.07	236.85	246.02	234.9999	250.57	232.21
Pharma	PFE	2021-11-10	47.4	49.02	47.31	49	49.21	47.4
Pharma	AZN	2021-11-10	63.27	63.14	63.2	62.92	63.45	62.97
Pharma	MRNA	2021-11-10	230.1	228.96	235.07	226.3	239.105	225.57
Pharma	PFE	2021-11-11	49.23	50.18	49	50.18	50.5	48.733
Pharma	AZN	2021-11-11	63.04	62.92	62.94	63.2	63.29	62.85
Pharma	MRNA	2021-11-11	227.67	225.82	227.52	225.75	232.27	221.6
Pharma	PFE	2021-11-12	50.42	49.73	50.25	49.85	50.49	49.57
Pharma	AZN	2021-11-12	60.34	58.8	61.63	58.8	60.53	58.465
Pharma	MRNA	2021-11-12	225.86	231.19	224.13	231.1	232.5599	224.4185
Pharma	PFE	2021-11-15	49.73	49.65	49.86	49.65	50.1	49.37
Pharma	AZN	2021-11-15	59.92	59.78	60.38	59.79	60.365	59.19
Pharma	MRNA	2021-11-15	230.825	235.07	229.88	234.95	236.6	225.63
Pharma	PFE	2021-11-16	49.47	49.6	49.64	49.83	50.16	48.89
Pharma	AZN	2021-11-16	57.6	57.63	59.76	57.61	58.21	56.94
Pharma	MRNA	2021-11-16	234.01	234.28	236.5	233.1	239.99	230.2861
Pharma	PFE	2021-11-17	49.94	50.87	49.81	50.95	51.09	49.685
Pharma	AZN	2021-11-17	58	57.73	58.15	57.88	58.34	57.585
Pharma	MRNA	2021-11-17	234.79	242.23	235.17	242.8999	249.14	234.57
Pharma	PFE	2021-11-18	51.1	51.41	51	51.58	51.71	50.61
Pharma	AZN	2021-11-18	56.89	56.71	57.44	56.95	57.08	56.08
Pharma	MRNA	2021-11-18	246.12	251.41	246.93	252.65	253.19	243.79
Pharma	PFE	2021-11-19	51.96	50.8	51.86	50.94	52.835	50.68
Pharma	AZN	2021-11-19	57.31	56.66	56.97	56.88	57.47	56.56
Pharma	MRNA	2021-11-19	265.415	263.78	254.56	262.6	274.84	258.09
Pharma	PFE	2021-11-22	50.95	51.2	51.02	51.32	51.47	50.38
Pharma	AZN	2021-11-22	56.62	56.55	57.14	56.6	56.86	56.25
Pharma	MRNA	2021-11-22	268.07	282.69	268.57	285.49	289	264.2
Pharma	PFE	2021-11-23	50.58	51.08	51	51.15	51.45	50.3
Pharma	AZN	2021-11-23	56.35	56.73	56.16	56.88	56.94	56.23
Pharma	MRNA	2021-11-23	277.74	276.38	285.76	277	281.98	269.18
Pharma	PFE	2021-11-24	51.18	50.89	51.2	50.94	51.33	50.705
Pharma	AZN	2021-11-24	56.3	56.34	56.67	56.34	56.53	56.15
Pharma	MRNA	2021-11-24	273.01	273.39	275	273.39	275.2799	266.3101
Pharma	PFE	2021-11-26	54.035	54	50.79	54.01	54.94	53.25
Pharma	AZN	2021-11-26	57	56.58	55.76	57.1	57.08	56.07
Pharma	MRNA	2021-11-26	319.34	329.63	281.85	336.07	350.15	313
Pharma	PFE	2021-11-29	55.15	52.4	54.57	52.54	55.7	52.11
Pharma	AZN	2021-11-29	55.74	55.53	55.71	55.6	56.22	55.52
Pharma	MRNA	2021-11-29	370.33	368.51	355.98	374.82	376.65	350.27
Pharma	PFE	2021-11-30	52.31	53.73	52.4	54.08	54.46	51.91
Pharma	AZN	2021-11-30	55.3	54.83	55	55.0001	55.75	54.71
Pharma	MRNA	2021-11-30	351.58	352.43	361	347.5	357.6399	337.29
Pharma	PFE	2021-12-01	52.47	54.68	54.23	54.51	55.17	51.86
Pharma	AZN	2021-12-01	55.3984	54.88	55.48	54.88	55.735	54.86
Pharma	MRNA	2021-12-01	330	310.61	348	308	336.3599	310.57
Pharma	PFE	2021-12-02	53.82	53.04	54.55	53.5	55.08	52.77
Pharma	AZN	2021-12-02	55.04	54.79	55.22	54.79	55.42	54.675
Pharma	MRNA	2021-12-02	301.29	301.49	303.38	314	318.47	291.03
Pharma	PFE	2021-12-03	53.71	54.27	53.37	54.08	54.41	53.102
Pharma	AZN	2021-12-03	54.54	54.23	54.52	54.23	54.66	53.64
Pharma	MRNA	2021-12-03	318.09	306.72	313.87	305	318.7854	293.6
Pharma	PFE	2021-12-06	53.78	51.48	54.37	51.4	53.89	51.25
Pharma	AZN	2021-12-06	55.3	55.41	54.76	55.25	55.9	55.105
Pharma	MRNA	2021-12-06	280.85	265.33	301.1	262.5	287.4799	256.5601
Pharma	PFE	2021-12-07	51.25	51.72	52.01	51.32	52.4999	50.4
Pharma	AZN	2021-12-07	54.15	54.76	54.67	54.76	54.79	53.63
Pharma	MRNA	2021-12-07	268.14	282.35	270.01	277.45	287.77	263.07
Pharma	PFE	2021-12-08	52.75	51.4	51.25	51.44	53.08	51.03
Pharma	AZN	2021-12-08	54.86	55.13	55.01	55.24	55.205	54.38
Pharma	MRNA	2021-12-08	282.38	283.4	275.61	282.75	288.28	272.91
Pharma	PFE	2021-12-09	51.51	52.08	51.84	52.14	52.845	51.51
Pharma	AZN	2021-12-09	55.28	54.96	55.24	55.07	55.63	54.88
Pharma	MRNA	2021-12-09	285.19	272.21	283.7	272.0001	285.71	271.33
Pharma	PFE	2021-12-10	51.2	52.78	52.33	52.75	52.85	51.11
Pharma	AZN	2021-12-10	54.17	54.02	54.5	53.9	54.32	53.74
Pharma	MRNA	2021-12-10	235.405	257.06	273.89	257.4	261.966	233.51
Pharma	PFE	2021-12-13	53.44	55.2	53.39	55.25	55.73	53.44
Pharma	AZN	2021-12-13	54.29	54.58	53.84	54.5001	54.77	54.28
Pharma	MRNA	2021-12-13	257.4	271.99	260.24	275	275.78	256.9711
Pharma	PFE	2021-12-14	54.77	55.54	55.19	55.94	55.95	54.316
Pharma	AZN	2021-12-14	54.53	54.5	55.16	54.55	54.89	54.35
Pharma	MRNA	2021-12-14	264.295	277.16	271.5	276.9	278.33	257.2005
Pharma	PFE	2021-12-15	56.11	58.8	56.04	59.27	58.915	55.89
Pharma	AZN	2021-12-15	54.94	55.72	55.07	55.76	55.75	54.64
Pharma	MRNA	2021-12-15	271.7994	283.28	278.29	282.15	290.35	271.55
Pharma	PFE	2021-12-16	58.36	61.25	59.28	61.08	61.43	57.75
Pharma	AZN	2021-12-16	56.12	57.09	56.02	57.09	57.185	56.06
Pharma	MRNA	2021-12-16	284.2	282.02	286.22	280.9899	287.1335	277.07
Pharma	PFE	2021-12-17	59.93	59.48	61.3	59.22	61.19	58.7
Pharma	AZN	2021-12-17	56.57	56.02	56.88	56.63	56.995	55.96
Pharma	MRNA	2021-12-17	275.57	294.8	281.2	296.98	296.39	269
Pharma	PFE	2021-12-20	60.6	61.02	59.01	60.83	61.71	59.83
Pharma	AZN	2021-12-20	56.56	56.56	55.39	56.6	56.64	56
Pharma	MRNA	2021-12-20	321.305	276.38	296.78	276.5	321.305	275.12
Pharma	PFE	2021-12-21	60.01	58.95	61.26	59.33	60.04	57.16
Pharma	AZN	2021-12-21	56.67	56.94	56.66	56.91	57.2	56.51
Pharma	MRNA	2021-12-21	275.5	268.14	281.81	264	281.3	257.2
Pharma	PFE	2021-12-22	59.25	59.55	59.24	59.7	60.585	58.22
Pharma	AZN	2021-12-22	56.98	58.08	57.05	58.08	58.15	56.8
Pharma	MRNA	2021-12-22	264.06	251.36	268.97	249.3599	267	245.5
Pharma	PFE	2021-12-23	59.82	58.71	59.75	58.78	60.08	58.31
Pharma	AZN	2021-12-23	57.5	57.64	57.58	57.64	57.91	57.36
Pharma	MRNA	2021-12-23	250.41	249.99	250.51	249.74	253.65	238.5
Pharma	PFE	2021-12-27	58.85	59.2	59	59.08	59.38	58.231
Pharma	AZN	2021-12-27	57.62	58.06	57.51	58.06	58.07	57.53
Pharma	MRNA	2021-12-27	243	246.88	250.23	246.01	252.72	240.5801
Pharma	PFE	2021-12-28	59.05	58.01	59.02	57.81	59.45	57.08
Pharma	AZN	2021-12-28	58.06	58.32	58.15	58.32	58.49	58.06
Pharma	MRNA	2021-12-28	245.365	241.44	243.46	239.9	254.57	237.58
Pharma	PFE	2021-12-29	57.31	57.58	57.9	57.44	58.03	57.07
Pharma	AZN	2021-12-29	58.46	58.65	58.39	58.15	58.69	58.31
Pharma	MRNA	2021-12-29	239.33	247.88	239.25	246	249.489	233.2
Pharma	PFE	2021-12-30	57.75	58.4	57.78	58.45	58.74	57.53
Pharma	AZN	2021-12-30	58.53	58.47	58.52	58.3	58.88	58.34
Pharma	MRNA	2021-12-30	243.83	251.6	246.32	251	254.32	242.1349
Pharma	PFE	2021-12-31	58.53	59.05	58.67	59.25	59.8	58.44
Pharma	AZN	2021-12-31	58.38	58.25	58.29	58.25	58.7	58.21
Pharma	MRNA	2021-12-31	249.88	253.98	251.02	253.5	259.1989	246.7
Pharma	PFE	2022-01-03	58.5	56.65	59.49	56.79	58.55	56.34
Pharma	AZN	2022-01-03	58.27	58.31	58.3	58.33	58.37	57.75
Pharma	MRNA	2022-01-03	247.12	235.05	253.72	234.64	249.42	231.08
Pharma	PFE	2022-01-04	56.22	54.53	56.88	54.62	56.43	53.94
Pharma	AZN	2022-01-04	57.16	57.27	57.76	57.25	57.7	57.07
Pharma	MRNA	2022-01-04	232.2	233.06	235	232.49	239.4299	225.24
Pharma	PFE	2022-01-05	55.84	55.63	54.65	55.69	56.44	55.37
Pharma	AZN	2022-01-05	57.24	56.88	57.46	56.85	57.73	56.85
Pharma	MRNA	2022-01-05	232.1	215.23	232	215.5	237.88	214.6
Pharma	PFE	2022-01-06	55.16	54.84	55.58	55.05	55.63	54.49
Pharma	AZN	2022-01-06	56.81	56.67	56.9	56.3001	57.04	56.105
Pharma	MRNA	2022-01-06	216.035	216.06	217.26	218	222.22	205.23
Pharma	PFE	2022-01-07	55.36	55.72	55.05	55.79	55.77	54.63
Pharma	AZN	2022-01-07	56.65	57.48	56.25	57.48	57.55	56.53
Pharma	MRNA	2022-01-07	216.414	213.86	216.33	214.47	221.9666	211.95
Pharma	PFE	2022-01-10	55.71	56.24	55.83	56.39	56.26	54.74
Pharma	AZN	2022-01-10	56.76	57.88	57.3	57.85	57.915	56.47
Pharma	MRNA	2022-01-10	211.37	233.7	212.58	233.5	241.99	207.5
Pharma	PFE	2022-01-11	56.75	56.69	56.68	56.61	57.43	55.81
Pharma	AZN	2022-01-11	57.14	58.1	57.23	58.1	58.11	57.115
Pharma	MRNA	2022-01-11	226	221.39	234.75	221.47	228	220.2801
Pharma	PFE	2022-01-12	56.34	56.65	56.59	56.57	57.16	55.9
Pharma	AZN	2022-01-12	58.09	58.4	57.57	58.32	58.46	58.04
Pharma	MRNA	2022-01-12	220.48	222.89	222.49	222.3999	228.5	218.76
Pharma	PFE	2022-01-13	56.53	55.54	56.4	55.46	56.75	55.22
Pharma	AZN	2022-01-13	58.68	58.1	58.4	58	58.69	58.06
Pharma	MRNA	2022-01-13	219.56	210.17	221.3	208.3	221.4999	209.58
Pharma	PFE	2022-01-14	54.98	54.95	55.37	55	55.38	54.51
Pharma	AZN	2022-01-14	58.2	58.85	58.39	58.99	58.985	58.17
Pharma	MRNA	2022-01-14	204.01	204.73	208	204	212.76	200.08
Pharma	PFE	2022-01-18	54.5	54.11	54.81	53.99	54.55	53.43
Pharma	AZN	2022-01-18	59.34	59.84	59.28	59.6	59.975	58.994
Pharma	MRNA	2022-01-18	196.9142	186.61	200.48	186.69	198.82	185.39
Pharma	PFE	2022-01-19	53.65	53.54	53.61	53.41	54.49	53.45
Pharma	AZN	2022-01-19	59.601	59.48	59.44	59.48	59.845	59.415
Pharma	MRNA	2022-01-19	188.84	174.07	183.4	172.5	191.34	173.41
Pharma	PFE	2022-01-20	53.96	54.05	53.67	53.77	54.515	53.07
Pharma	AZN	2022-01-20	60.2	60.17	59.93	60	60.62	59.8401
Pharma	MRNA	2022-01-20	174.99	167.52	173.09	165.75	177.47	166.215
Pharma	PFE	2022-01-21	54.42	52.79	53.94	52.3	54.865	52.4637
Pharma	AZN	2022-01-21	59.84	59.1	59.8	59.03	60.27	59.015
Pharma	MRNA	2022-01-21	166.23	160.07	163.44	157.3	171.2543	157.29
Pharma	PFE	2022-01-24	51.75	51.54	52.3	51.3	52.06	49.815
Pharma	AZN	2022-01-24	57.73	56.97	58.76	56.97	57.77	55.5
Pharma	MRNA	2022-01-24	153.47	157.3	158.61	154.8	158	138.17
Pharma	PFE	2022-01-25	51.36	52.54	50.91	52.75	52.835	51.24
Pharma	AZN	2022-01-25	56.5	57.85	55.8	57.85	58.125	56.44
Pharma	MRNA	2022-01-25	156.01	152.54	152.72	152.9	168.26	150
Pharma	PFE	2022-01-26	52.57	53.01	52.97	53.08	53.62	52.455
Pharma	AZN	2022-01-26	57.7	57.12	57.58	56.7	58.23	56.81
Pharma	MRNA	2022-01-26	157.99	154.96	156.8	158.15	165.85	152.8
Pharma	PFE	2022-01-27	53.02	53.37	52.6	53.4	54.58	53
Pharma	AZN	2022-01-27	58.02	59.52	57.1	59.5	60.17	57.93
Pharma	MRNA	2022-01-27	157.43	148.62	160.07	148.62	158.28	146.54
Pharma	PFE	2022-01-28	53.77	54.33	53.63	54.5	54.67	53.1
Pharma	AZN	2022-01-28	58.85	59.3	59.2	59.3	59.335	58.55
Pharma	MRNA	2022-01-28	149.95	159.47	149.15	159.98	159.87	146.76
Pharma	PFE	2022-01-31	54	52.69	54.3	52.64	54.14	52.385
Pharma	AZN	2022-01-31	58.02	58.21	58.26	58.12	58.395	57.81
Pharma	MRNA	2022-01-31	160.05	169.33	160.99	171	170.33	154.56
Pharma	PFE	2022-02-01	52.74	53.07	52.78	53	53.16	52.39
Pharma	AZN	2022-02-01	57.35	57.68	57.15	57.36	58	57.22
Pharma	MRNA	2022-02-01	175.2	172.74	173.4	170.54	177.57	167.29
Pharma	PFE	2022-02-02	52.84	53.86	53.04	53.3	54.13	52.45
Pharma	AZN	2022-02-02	57.69	59.01	57.49	58.66	59.15	57.51
Pharma	MRNA	2022-02-02	170.8074	169.61	172.04	165.4	177.2	163.58
Pharma	PFE	2022-02-03	53.325	53.38	53.51	53.43	53.89	53.09
Pharma	AZN	2022-02-03	57.58	57.33	57.8	57.35	58.02	57.09
Pharma	MRNA	2022-02-03	165.07	163.95	163.74	166.35	170.1	163.2
Pharma	PFE	2022-02-04	53.02	53	53.38	53.13	53.43	52.63
Pharma	AZN	2022-02-04	56.3	55.72	57.35	55.77	56.66	55.65
Pharma	MRNA	2022-02-04	165.64	163.01	166.37	162.3	167.5	160.25
Pharma	PFE	2022-02-07	53.3	53.21	53	54.1	53.5776	52.24
Pharma	AZN	2022-02-07	56.19	56.68	56.24	56.7	56.76	56.02
Pharma	MRNA	2022-02-07	162.2027	160.27	161.63	160.62	165.54	156.2701
Pharma	PFE	2022-02-08	50.64	51.7	54.17	51.62	51.8	49.69
Pharma	AZN	2022-02-08	56.55	56.65	56.78	56.3	56.685	56.115
Pharma	MRNA	2022-02-08	155.2	153.31	162.44	153.7999	157.17	147.57
Pharma	PFE	2022-02-09	51.64	51.47	51.68	51.45	51.715	50.9
Pharma	AZN	2022-02-09	56.99	57.2	56.98	57.35	57.495	56.87
Pharma	MRNA	2022-02-09	154.3703	164.03	152.96	163.2	164.23	154.1725
Pharma	PFE	2022-02-10	51.04	50.6	51.12	50.54	51.37	50.39
Pharma	AZN	2022-02-10	58.16	58.6	57.6	58.9	60.1702	58.09
Pharma	MRNA	2022-02-10	158	160.42	162.43	158.9	168.67	157.54
Pharma	PFE	2022-02-11	50.33	50.78	50.2	50.6	51.24	50.075
Pharma	AZN	2022-02-11	58.08	58.04	58.26	58.04	58.56	57.72
Pharma	MRNA	2022-02-11	161.25	161.32	158	161.32	168.79	160.08
Pharma	PFE	2022-02-14	49.82	49.8	50.6	49.65	50.5	48.48
Pharma	AZN	2022-02-14	57.3	57.54	56.78	57.65	57.68	56.665
Pharma	MRNA	2022-02-14	157.5261	142.47	158.49	141.6	159.4999	138.14
Pharma	PFE	2022-02-15	49.8	49.79	49.67	49.65	50.0399	49.21
Pharma	AZN	2022-02-15	59.59	60.3	58.03	60.02	60.445	59.49
Pharma	MRNA	2022-02-15	142.49	151.12	144.71	150.71	152.93	139.211
Pharma	PFE	2022-02-16	49.59	49.68	49.77	49.7	50.775	49.43
Pharma	AZN	2022-02-16	60.47	60.84	60.23	61	61.27	60.44
Pharma	MRNA	2022-02-16	147.62	151.81	150	151.1	152.39	144.5
Pharma	PFE	2022-02-17	49.81	48.9	49.79	48.91	49.96	48.75
Pharma	AZN	2022-02-17	61.02	60.99	61	60.68	61.26	60.44
Pharma	MRNA	2022-02-17	150.2	146.36	150.35	146.9	154.66	145.28
Pharma	PFE	2022-02-18	48.78	48.53	48.87	48.25	49.515	48.2
Pharma	AZN	2022-02-18	60.37	59.86	61.14	59.75	60.63	59.56
Pharma	MRNA	2022-02-18	147.55	145.74	147.02	145	151.4561	141.31
Pharma	PFE	2022-02-22	47.54	47.53	47.4	47.62	48.31	47.345
Pharma	AZN	2022-02-22	61.8	60.81	61.61	60.81	61.91	60.55
Pharma	MRNA	2022-02-22	142.26	144.97	140.39	145.01	151.2	141.86
Pharma	PFE	2022-02-23	47.59	46.87	47.61	46.65	48.16	46.78
Pharma	AZN	2022-02-23	61.68	60.54	61.36	60.54	61.68	60.43
Pharma	MRNA	2022-02-23	145.17	135.73	146.42	132	145.719	134
Pharma	PFE	2022-02-24	45.86	45.96	46.11	45.85	46.755	45.4
Pharma	AZN	2022-02-24	57.74	58.13	58.17	58.13	58.24	57.05
Pharma	MRNA	2022-02-24	139.865	156.23	130	153.12	156.42	138.12
Pharma	PFE	2022-02-25	45.81	47.72	45.78	47.63	48.03	45.74
Pharma	AZN	2022-02-25	59.31	60.58	57.71	60.47	60.655	59.22
Pharma	MRNA	2022-02-25	156.02	151.33	153.5	150.38	156.19	147.01
Pharma	PFE	2022-02-28	46.82	46.94	47.48	46.8	47.17	46.34
Pharma	AZN	2022-02-28	60.82	60.88	60.17	60.88	61.015	60.11
Pharma	MRNA	2022-02-28	150.98	153.6	149.66	153.21	155.47	147.44
Pharma	PFE	2022-03-01	46.69	45.75	46.94	45.78	47.1368	45.44
Pharma	AZN	2022-03-01	62.23	61.34	62.2	61.34	62.64	60.9
Pharma	MRNA	2022-03-01	152.48	149.52	151.72	150.0001	156.3793	147.92
Pharma	PFE	2022-03-02	46.11	47.7	45.85	47.59	47.93	46
Pharma	AZN	2022-03-02	61.91	62	61.56	61	62.485	61.49
Pharma	MRNA	2022-03-02	149.44	147.86	149.33	147.2	150.57	140.44
Pharma	PFE	2022-03-03	47.68	47.83	47.6	47.4	48.585	47.48
Pharma	AZN	2022-03-03	60.25	60.07	60.54	59.1	60.79	59.2
Pharma	MRNA	2022-03-03	147.9	141.52	145.66	139.3	149.232	139.53
Pharma	PFE	2022-03-04	47.5	48.65	47.42	48.6	48.77	47.41
Pharma	AZN	2022-03-04	57.93	57.47	59	57.61	58.58	57.12
Pharma	MRNA	2022-03-04	140.82	136.46	139.64	136.3	143.91	135.91
Pharma	PFE	2022-03-07	48.25	47.98	48.21	47.8	48.84	47.515
Pharma	AZN	2022-03-07	57.205	56.5	55.48	56.5	57.47	56.39
Pharma	MRNA	2022-03-07	135.12	126.46	135	125.5	138.4	126.28
Pharma	PFE	2022-03-08	47.58	47.44	47.82	47.52	48.4182	46.465
Pharma	AZN	2022-03-08	56.91	57.69	57.48	57.7	58.47	56.36
Pharma	MRNA	2022-03-08	125	129.28	127.52	129.28	136.96	122.01
Pharma	PFE	2022-03-09	48.13	48.75	47.65	48.55	49.22	48
Pharma	AZN	2022-03-09	58.7	60.43	58.47	60.45	60.595	58.48
Pharma	MRNA	2022-03-09	132.075	142.49	131.44	141.75	145.28	132.05
Pharma	PFE	2022-03-10	48.305	49.2	48.7	49.12	49.29	48.05
Pharma	AZN	2022-03-10	59.96	60.9	60.31	60.71	61.005	59.83
Pharma	MRNA	2022-03-10	139.51	139.52	141.5	139.68	140.83	135.85
Pharma	PFE	2022-03-11	49.14	50.27	48.91	50.16	50.9	48.9425
Pharma	AZN	2022-03-11	60.55	60.3	60.91	60.02	60.8954	60.235
Pharma	MRNA	2022-03-11	140.75	138.2	139.23	138.49	145.8	138
Pharma	PFE	2022-03-14	50.72	52.25	50.39	52.5	52.91	50.39
Pharma	AZN	2022-03-14	61.56	60.39	60.69	60.7999	61.57	60.27
Pharma	MRNA	2022-03-14	140.2	150.07	138	152.9	166.75	139.73
Pharma	PFE	2022-03-15	52.62	52.21	52.53	52.21	52.92	51.18
Pharma	AZN	2022-03-15	60.86	61.37	60.32	61.25	61.585	60.53
Pharma	MRNA	2022-03-15	156.27	148.12	153.12	147	158	141.75
Pharma	PFE	2022-03-16	52.54	52.92	52.22	52.88	53.27	52.18
Pharma	AZN	2022-03-16	61.9	61.96	61.68	61.9	62	61.105
Pharma	MRNA	2022-03-16	150	169.36	149.5	170.45	169.8	149.67
Pharma	PFE	2022-03-17	52.92	54.24	52.88	54	54.25	52.79
Pharma	AZN	2022-03-17	62.11	63.67	62.13	62.25	63.905	62.061
Pharma	MRNA	2022-03-17	167.75	168.26	169.26	167.9	172.1369	160.66
Pharma	PFE	2022-03-18	54.38	54.51	54.1	54.55	55	53.705
Pharma	AZN	2022-03-18	62.79	63.23	63.5	63.24	63.425	62.55
Pharma	MRNA	2022-03-18	171.58	178.93	169.18	179.39	180.8	170.1
Pharma	PFE	2022-03-21	54.24	54.19	54.5	53.98	55.3	53.9
Pharma	AZN	2022-03-21	63.21	63.48	62.75	63.48	64.125	63.21
Pharma	MRNA	2022-03-21	179.91	175.38	180.5	175.64	182.6	172.44
Pharma	PFE	2022-03-22	54.2	53.04	54.11	53.09	54.32	52.495
Pharma	AZN	2022-03-22	63.55	63.66	63.43	63.6	63.81	63.165
Pharma	MRNA	2022-03-22	175.38	186.72	175.47	187.88	188	168.18
Pharma	PFE	2022-03-23	53.02	52.19	52.97	52.25	53.5	52.155
Pharma	AZN	2022-03-23	63.34	64.32	63.49	64.25	64.51	63.335
Pharma	MRNA	2022-03-23	184.66	178.73	187.57	178.4	185.75	176.8
Pharma	PFE	2022-03-24	52.54	52.59	52.17	52.45	52.845	52.29
Pharma	AZN	2022-03-24	64.3	66.02	64.44	66	66.06	64.03
Pharma	MRNA	2022-03-24	175.84	179.68	179.1	178.2	181.86	172.35
Pharma	PFE	2022-03-25	52.74	52.78	53.3	52.8	53.25	52.51
Pharma	AZN	2022-03-25	64.98	65.13	66.02	65.14	65.735	64.865
Pharma	MRNA	2022-03-25	178.25	165.92	177.52	165.03	179.19	163.031
Pharma	PFE	2022-03-28	52.53	53.28	52.8	53.3	53.56	52.5
Pharma	AZN	2022-03-28	65.13	65.38	65.19	65.5	65.59	64.715
Pharma	MRNA	2022-03-28	167.37	173.08	165.67	171.63	174.45	165.8
Pharma	PFE	2022-03-29	54	52.74	53.52	52.76	54.08	52.62
Pharma	AZN	2022-03-29	66.05	65.95	65.43	65.93	66.6	65.49
Pharma	MRNA	2022-03-29	174.07	180.64	173.07	179.5	182.1	171.03
Pharma	PFE	2022-03-30	53.2	52.44	52.93	52.4	53.7199	51.9701
Pharma	AZN	2022-03-30	66.23	67.12	66.09	67.03	67.22	66.19
Pharma	MRNA	2022-03-30	182.57	174.92	180.7	175.9	187.7099	172.77
Pharma	PFE	2022-03-31	52	51.77	52.23	51.88	52.875	51.74
Pharma	AZN	2022-03-31	67.28	66.34	67.21	66.34	67.55	66.27
Pharma	MRNA	2022-03-31	175.22	172.26	175.9	173.4	178.4371	171.11
Pharma	PFE	2022-04-01	52.12	51.57	52.25	51.52	52.16	51.1
Pharma	AZN	2022-04-01	65.73	66.81	66.28	66.81	66.885	65.67
Pharma	MRNA	2022-04-01	173.35	176.59	174.56	176.95	179.03	170.6
Pharma	PFE	2022-04-04	51.78	50.94	51.61	50.86	51.87	50.37
Pharma	AZN	2022-04-04	66.45	66.67	66.85	66.67	66.91	66.37
Pharma	MRNA	2022-04-04	177.24	172.54	176.95	172.0501	180.87	171.07
Pharma	PFE	2022-04-05	50.81	51.24	50.89	51.26	52.15	50.75
Pharma	AZN	2022-04-05	66.93	67.05	66.44	67.05	68.13	66.91
Pharma	MRNA	2022-04-05	169.25	162.05	172.75	160.75	172.395	160.43
Pharma	PFE	2022-04-06	51.16	52.87	51.18	52.96	53.09	51.16
Pharma	AZN	2022-04-06	68	69.07	67.29	68.91	69.275	67.79
Pharma	MRNA	2022-04-06	157.48	154.62	162.83	154.41	161.64	150.705
Pharma	PFE	2022-04-07	52.5	55.16	52.71	55.23	55.41	52.5
Pharma	AZN	2022-04-07	69.31	71.01	69.6	70.3301	71.14	69.3
Pharma	MRNA	2022-04-07	153.13	159	154.61	158.65	159.7742	151.39
Pharma	PFE	2022-04-08	54.85	55.17	54.89	55.12	55.58	54.46
Pharma	AZN	2022-04-08	70.62	71.14	70.25	71.14	71.7	70.62
Pharma	MRNA	2022-04-08	156.79	160.84	157.91	160	165.18	156.6
Pharma	PFE	2022-04-11	55.46	53.93	54.85	53.94	56.32	53.775
Pharma	AZN	2022-04-11	70.99	70.63	70.88	70.65	71.28	70.16
Pharma	MRNA	2022-04-11	156	160	159.82	159.9	163.35	152.1
Pharma	PFE	2022-04-12	53.3	53.11	53.7	52.85	53.93	52.645
Pharma	AZN	2022-04-12	68.99	68.61	69.07	68.61	69.29	68.02
Pharma	MRNA	2022-04-12	158.99	159.5	159.85	159.75	164.7784	157
Pharma	PFE	2022-04-13	53.13	53.1	52.86	53.12	53.82	52.7
Pharma	AZN	2022-04-13	68.58	68.97	69.01	68.97	69.158	68.41
Pharma	MRNA	2022-04-13	158.37	169.66	158.95	169.66	172.46	155.69
Pharma	PFE	2022-04-14	53.4	53.12	53.02	53.1899	53.9094	53.04
Pharma	AZN	2022-04-14	69.07	69.05	69.27	68.7601	69.39	68.78
Pharma	MRNA	2022-04-14	168.59	165.49	169.75	165.5	170.75	164.85
Pharma	PFE	2022-04-18	52.83	51.84	53.2	51.92	53.11	51.63
Pharma	AZN	2022-04-18	69	68.61	69	68.84	69.135	68.46
Pharma	MRNA	2022-04-18	165	154.75	164.98	156	165.8899	154.27
Pharma	PFE	2022-04-19	51.66	50.18	51.5	50.24	51.88	49.37
Pharma	AZN	2022-04-19	68.57	68.28	68.5	68	69.02	67.61
Pharma	MRNA	2022-04-19	151.77	152.72	156.44	150.72	153.67	147.23
Pharma	PFE	2022-04-20	50	49.75	50.11	49.81	50.16	49.21
Pharma	AZN	2022-04-20	68.26	68.85	68.11	68.85	69.19	67.96
Pharma	MRNA	2022-04-20	152.97	150.12	150.16	150.12	153.67	146.5601
Pharma	PFE	2022-04-21	49.93	49.11	49.54	48.98	50.01	48.92
Pharma	AZN	2022-04-21	68.92	67.39	68.88	67.105	69.09	67.365
Pharma	MRNA	2022-04-21	149.43	144.5	151.47	143.54	154.71	144.03
Pharma	PFE	2022-04-22	48.95	48.13	48.88	48.1	49.1	47.9
Pharma	AZN	2022-04-22	66.8	65.86	66.99	65.86	66.8809	65.8029
Pharma	MRNA	2022-04-22	143.23	140.34	144.25	137.25	148.81	139.865
Pharma	PFE	2022-04-25	47.85	48.95	48.12	49	49.19	47.12
Pharma	AZN	2022-04-25	64.97	65.96	64.87	65.91	66.04	64.81
Pharma	MRNA	2022-04-25	139.9	150.41	139.1	150.38	151.37	139.4001
Pharma	PFE	2022-04-26	48.99	49.03	48.71	49.07	50.25	48.92
Pharma	AZN	2022-04-26	65.94	65.06	65.73	64.69	66.2867	64.99
Pharma	MRNA	2022-04-26	148.48	145.79	150.6	144.35	151.7399	143.99
Pharma	PFE	2022-04-27	49.11	49.74	49.01	49.86	49.91	48.21
Pharma	AZN	2022-04-27	66.32	66.19	65.36	66.1	66.71	65.675
Pharma	MRNA	2022-04-27	146.09	142.43	145.56	142.5	149.85	139.31
Pharma	PFE	2022-04-28	50.44	50.51	49.5	50.1001	50.7699	49.485
Pharma	AZN	2022-04-28	65.71	67.22	66.22	67.85	67.22	65.46
Pharma	MRNA	2022-04-28	143.73	142.52	143.47	141.9899	148.45	136.085
Pharma	PFE	2022-04-29	49.87	49.07	50.2	48.65	50.335	49
Pharma	AZN	2022-04-29	66.23	66.4	66.17	66.4	67.8	66.13
Pharma	MRNA	2022-04-29	144.47	134.41	142.11	134.8	150.35	134.19
Pharma	PFE	2022-05-02	47.68	48.34	48.78	48.15	48.76	47.46
Pharma	AZN	2022-05-02	65.96	66.43	66.55	66.18	66.52	65.62
Pharma	MRNA	2022-05-02	134.87	142.08	136	142.25	146.45	134.82
Pharma	PFE	2022-05-03	48.87	49.29	48.2	49.33	50.04	47.7
Pharma	AZN	2022-05-03	66.49	67.17	66.44	67	67.272	66.49
Pharma	MRNA	2022-05-03	141.93	146.54	142	148.69	149.28	137.53
Pharma	PFE	2022-05-04	48.89	49.66	49.2	49.46	49.87	47.91
Pharma	AZN	2022-05-04	66.61	66.75	66.53	66.63	66.95	65.44
Pharma	MRNA	2022-05-04	153.48	155.05	148.94	153.56	155.46	142.2277
Pharma	PFE	2022-05-05	49.46	48.45	49.3	48.45	49.55	47.55
Pharma	AZN	2022-05-05	65.74	64.95	66.41	65.09	66	64.43
Pharma	MRNA	2022-05-05	151.87	142.02	152.6	140.25	152	138.65
Pharma	PFE	2022-05-06	48.09	49.04	48.45	48.75	49.215	48.04
Pharma	AZN	2022-05-06	63.43	64.36	64.39	64	64.665	63.2
Pharma	MRNA	2022-05-06	139.7	134.4	141.7	133.87	140.6	131
Pharma	PFE	2022-05-09	48.38	48.64	48.61	48.34	49.17	47.77
Pharma	AZN	2022-05-09	63.26	62.58	63.31	62.5	63.58	62.34
Pharma	MRNA	2022-05-09	132.79	135.8	133.61	136.5	141.6526	131.78
Pharma	PFE	2022-05-10	49.04	49.49	48.47	49.6	49.9	48.685
Pharma	AZN	2022-05-10	63.01	63.64	62.56	63.73	64.14	62.99
Pharma	MRNA	2022-05-10	137.4	132.32	136.51	132.1	139.055	127.61
Pharma	PFE	2022-05-11	49.07	49.45	49.6	49.58	50.235	49.03
Pharma	AZN	2022-05-11	61.87	61.43	63.42	61.42	62.8	61.325
Pharma	MRNA	2022-05-11	130.74	123.43	132.25	123.43	134.91	122.7204
Pharma	PFE	2022-05-12	49	50.39	48.8	50.4501	50.43	48.72
Pharma	AZN	2022-05-12	60.51	61.45	60.42	61.45	61.63	60.34
Pharma	MRNA	2022-05-12	120.6	130.17	122	130	132.937	119.01
