Tech	MSFT	2020-05-18	185.75	184.91	185.03	185.2	186.2	183.96
Tech	MSFT	2020-05-19	185.03	183.63	185.45	184	186.6	183.49
Tech	MSFT	2020-05-20	184.81	185.66	184.15	185.44	185.85	183.94
Tech	MSFT	2020-05-21	185.4	183.43	185.09	183.9	186.67	183.29
Tech	MSFT	2020-05-22	183.19	183.51	181.9	183.65	184.46	182.54
Tech	MSFT	2020-05-26	186.34	181.57	186.7	181.8	186.5	181.1
Tech	MSFT	2020-05-27	180.2	181.81	183.26	181.95	181.9877	176.6
Tech	MSFT	2020-05-28	180.74	181.4	181.59	181.2	184.1474	180.38
Tech	MSFT	2020-05-29	182.73	183.25	180.35	183.7	184.27	180.41
Tech	MSFT	2020-06-01	182.54	182.83	183.69	182.11	183	181.46
Tech	MSFT	2020-06-02	184.25	184.91	183.41	185.2	185	181.35
Tech	MSFT	2020-06-03	184.815	185.36	185.16	184.9	185.94	183.58
Tech	MSFT	2020-06-04	184.3	182.92	184.6	182.75	185.84	182.3
Tech	MSFT	2020-06-05	182.62	187.2	183.67	187.2	187.73	182.01
Tech	MSFT	2020-06-08	185.94	188.36	187.02	188.3	188.55	184.44
Tech	MSFT	2020-06-09	188	189.8	187.3	190.3	190.7	187.2605
Tech	MSFT	2020-06-10	191.125	196.84	190.41	195.26	198.52	191.01
Tech	MSFT	2020-06-11	193.13	186.27	194.48	188.43	195.76	186.07
Tech	MSFT	2020-06-12	190.54	187.74	189.38	188.3299	191.72	185.18
Tech	MSFT	2020-06-15	184.58	188.94	183.6	191.39	190.82	184.01
Tech	MSFT	2020-06-16	192.89	193.57	191.35	194.58	195.58	191.46
Tech	MSFT	2020-06-17	195.03	194.24	194.07	193.75	196.32	193.69
Tech	MSFT	2020-06-18	194	196.32	195.49	197.17	196.49	194
Tech	MSFT	2020-06-19	198.59	195.15	197.04	194.71	199.29	194.37
Tech	MSFT	2020-06-22	195.79	200.57	195.88	201.97	200.76	195.2301
Tech	MSFT	2020-06-23	202.09	201.91	202.28	201.6	203.95	201.425
Tech	MSFT	2020-06-24	201.6043	197.84	201.49	197.65	203.25	196.56
Tech	MSFT	2020-06-25	197.8	200.34	196.5	201.32	200.61	195.4675
Tech	MSFT	2020-06-26	199.73	196.33	201	196.2	199.89	194.88
Tech	MSFT	2020-06-29	195.78	198.44	195.5	199	198.53	193.55
Tech	MSFT	2020-06-30	197.8816	203.51	199.06	203.1501	204.4	197.74
Tech	MSFT	2020-07-01	203.14	204.7	203.32	204.5	206.35	201.77
Tech	MSFT	2020-07-02	205.68	206.26	205.8	206.7	208.02	205
Tech	MSFT	2020-07-06	208.8335	210.7	208.2	211.88	211.13	208.09
Tech	MSFT	2020-07-07	210.45	208.25	210.74	209.1	214.67	207.99
Tech	MSFT	2020-07-08	210.07	212.83	209.53	213.56	213.26	208.69
Tech	MSFT	2020-07-09	216.33	214.32	213.88	214.46	216.38	211.47
Tech	MSFT	2020-07-10	213.62	213.67	213.8	214.24	214.08	211.08
Tech	MSFT	2020-07-13	214.48	207.07	215.01	208.73	215.8	206.5
Tech	MSFT	2020-07-14	206.13	208.35	207.78	209	208.85	202.03
Tech	MSFT	2020-07-15	209.56	208.04	209.74	207	211.33	205.03
Tech	MSFT	2020-07-16	205.4	203.92	206.1	203.6	205.7	202.31
Tech	MSFT	2020-07-17	204.47	202.88	203.6	203.18	205.04	201.39
Tech	MSFT	2020-07-20	205	211.6	202.7	212.92	212.3	203.01
Tech	MSFT	2020-07-21	213.66	208.75	213.8	210.68	213.94	208.03
Tech	MSFT	2020-07-22	209.2	211.75	210	207.01	212.3	208.39
Tech	MSFT	2020-07-23	207.19	202.54	208.75	203.6	210.92	202.15
Tech	MSFT	2020-07-24	200.42	201.3	199.7	200.8	202.86	197.51
Tech	MSFT	2020-07-27	201.47	203.85	202.05	204.3	203.97	200.86
Tech	MSFT	2020-07-28	203.61	202.02	204.3	202.5	204.7	201.74
Tech	MSFT	2020-07-29	202.5	204.06	202.9	204.04	204.65	202.01
Tech	MSFT	2020-07-30	201	203.9	202.44	205.2	204.46	199.57
Tech	MSFT	2020-07-31	204.4	205.01	204.75	205.5	205.1	199.01
Tech	MSFT	2020-08-03	211.52	216.54	207.71	216.2	217.64	210.44
Tech	MSFT	2020-08-04	214.17	213.29	215.6	213	214.77	210.31
Tech	MSFT	2020-08-05	214.9	212.94	214.02	212.52	215	211.57
Tech	MSFT	2020-08-06	212.34	216.35	212.6	216.15	216.3705	211.55
Tech	MSFT	2020-08-07	214.85	212.48	216	212.21	215.7	210.93
Tech	MSFT	2020-08-10	211.67	208.25	211.98	208.35	211.88	206.35
Tech	MSFT	2020-08-11	207.155	203.38	209.4	204.45	207.65	203.14
Tech	MSFT	2020-08-12	205.29	209.19	206.03	208.9	210.28	204.75
Tech	MSFT	2020-08-13	209.44	208.7	209.1	209.0501	211.35	208.15
Tech	MSFT	2020-08-14	208.76	208.9	209.34	208.75	209.59	207.51
Tech	MSFT	2020-08-17	209.6	210.28	209.75	210.4	211.1874	208.915
Tech	MSFT	2020-08-18	210.53	211.49	210.08	211.9	212.36	209.21
Tech	MSFT	2020-08-19	211.49	209.7	211.55	209.33	212.1	209.25
Tech	MSFT	2020-08-20	209.54	214.58	209.3	214.58	215	208.91
Tech	MSFT	2020-08-21	213.86	213.02	214.07	214.6	216.25	212.85
Tech	MSFT	2020-08-24	214.79	213.69	215.23	213.72	215.52	212.43
Tech	MSFT	2020-08-25	213.1	216.47	213.95	217.59	216.61	213.1
Tech	MSFT	2020-08-26	217.88	221.15	217.47	220.9	222.09	217.36
Tech	MSFT	2020-08-27	222.89	226.58	221.21	228.35	231.15	219.4
Tech	MSFT	2020-08-28	228.18	228.91	228.8	228.5	230.644	226.58
Tech	MSFT	2020-08-31	227	225.53	228	225.62	228.7	224.31
Tech	MSFT	2020-09-01	225.51	227.27	225.88	228	227.45	224.43
Tech	MSFT	2020-09-02	227.97	231.65	228.25	231.62	232.86	227.35
Tech	MSFT	2020-09-03	229.27	217.3	231.21	213.98	229.31	214.9602
Tech	MSFT	2020-09-04	215.1	214.25	217.4	213.6	218.3599	205.19
Tech	MSFT	2020-09-08	206.5	202.66	214	203	210.03	202.2
Tech	MSFT	2020-09-09	207.6	211.29	205.5	212.65	214.8399	206.7
Tech	MSFT	2020-09-10	213.4	205.37	210.1	206.7	214.74	204.11
Tech	MSFT	2020-09-11	207.2	204.03	207.82	203.5	208.63	201.24
Tech	MSFT	2020-09-14	204.24	205.41	203.93	205.7	209.2	204.03
Tech	MSFT	2020-09-15	208.42	208.78	206.4	209.75	209.78	206.93
Tech	MSFT	2020-09-16	210.62	205.05	210.5	205.51	210.65	204.64
Tech	MSFT	2020-09-17	200.05	202.91	202.6	202.6	204.33	199.96
Tech	MSFT	2020-09-18	202.8	200.39	203.31	200.04	203.65	196.25
Tech	MSFT	2020-09-21	197.19	202.54	198.79	204.2	202.71	196.38
Tech	MSFT	2020-09-22	205.06	207.42	203	207.38	208.1	202.075
Tech	MSFT	2020-09-23	207.9	200.59	207.2	199.95	208.1	200.03
Tech	MSFT	2020-09-24	199.85	203.19	200.51	204.75	205.57	199.2
Tech	MSFT	2020-09-25	203.55	207.82	203.8	207.1	209.04	202.54
Tech	MSFT	2020-09-28	210.88	209.44	209.48	210.95	212.57	208.06
Tech	MSFT	2020-09-29	209.35	207.26	209.61	207.63	210.07	206.81
Tech	MSFT	2020-09-30	207.73	210.33	205.45	210.7	211.98	206.54
Tech	MSFT	2020-10-01	213.49	212.46	211.88	212.28	213.99	211.32
Tech	MSFT	2020-10-02	208	206.19	209.49	205.8	210.99	205.54
Tech	MSFT	2020-10-05	207.22	210.38	208	208.95	210.41	206.98
Tech	MSFT	2020-10-06	208.82	205.91	209.6	206.1	210.18	204.82
Tech	MSFT	2020-10-07	207.06	209.83	207.06	209.8	210.11	206.72
Tech	MSFT	2020-10-08	210.51	210.58	210.37	211.29	211.19	208.32
Tech	MSFT	2020-10-09	211.23	215.81	211.29	215.71	215.86	211.23
Tech	MSFT	2020-10-12	218.79	221.4	216.21	221.56	223.86	216.81
Tech	MSFT	2020-10-13	222.72	222.86	220.48	224	225.21	220.43
Tech	MSFT	2020-10-14	223	220.86	224.03	220.3	224.22	219.13
Tech	MSFT	2020-10-15	217.1	219.66	218.53	220.15	220.36	216.01
Tech	MSFT	2020-10-16	220.15	219.66	219.91	219.16	222.29	219.32
Tech	MSFT	2020-10-19	220.415	214.22	220.29	216.15	222.3	213.72
Tech	MSFT	2020-10-20	215.8	214.65	216.2	215.25	217.37	213.0901
Tech	MSFT	2020-10-21	213.12	214.8	215.46	213.99	216.92	213.12
Tech	MSFT	2020-10-22	213.93	214.89	214.28	215.2	216.055	211.7
Tech	MSFT	2020-10-23	215.03	216.23	215.2	216.86	216.28	213.16
Tech	MSFT	2020-10-26	213.85	210.08	214.07	210.7	216.3399	208.1
Tech	MSFT	2020-10-27	211.59	213.25	211.3	209.7	214.67	210.329
Tech	MSFT	2020-10-28	207.67	202.68	209.82	203.32	208.84	202.1
Tech	MSFT	2020-10-29	204.07	204.72	204.99	203.3	207.36	203.37
Tech	MSFT	2020-10-30	203.5	202.47	201.8	202.3	204.29	199.62
Tech	MSFT	2020-11-02	204.29	202.33	203.7	203.57	205.28	200.12
Tech	MSFT	2020-11-03	203.89	206.43	204.07	206	208.12	203.12
Tech	MSFT	2020-11-04	214.02	216.39	210.6	217	218.32	212.4185
Tech	MSFT	2020-11-05	222.04	223.29	220.63	222.27	224.12	221.15
Tech	MSFT	2020-11-06	222.26	223.72	221.35	223.4	224.36	218.03
Tech	MSFT	2020-11-09	224.435	218.39	227.5	218.78	228.12	217.88
Tech	MSFT	2020-11-10	214.5	211.01	218	211.01	216.5	209.72
Tech	MSFT	2020-11-11	212.39	216.55	212.69	216.4	218.04	212.2
Tech	MSFT	2020-11-12	217.21	215.44	216	215.3	219.11	214.46
Tech	MSFT	2020-11-13	216.36	216.51	216.76	216.5	217.42	214.16
Tech	MSFT	2020-11-16	214.87	217.23	216.85	216.94	217.74	214.52
Tech	MSFT	2020-11-17	216.1	214.46	217.63	214.2	217.68	214.08
Tech	MSFT	2020-11-18	213.65	211.08	214.57	211.15	215.17	210.93
Tech	MSFT	2020-11-19	211.38	212.42	210.4	211.85	213.03	209.93
Tech	MSFT	2020-11-20	212.2	210.39	212.95	210.49	213.285	210
Tech	MSFT	2020-11-23	210.95	210.11	211.5	211	212.29	208.16
Tech	MSFT	2020-11-24	209.59	213.86	211.48	214.75	214.25	208.86
Tech	MSFT	2020-11-25	215.11	213.87	214.19	213.9	215.29	212.46
Tech	MSFT	2020-11-27	214.85	215.23	214.61	215.24	216.27	214.04
Tech	MSFT	2020-11-30	214.1	214.07	214.98	214.4	214.76	210.835
Tech	MSFT	2020-12-01	214.51	216.21	214.73	215.55	217.32	213.35
Tech	MSFT	2020-12-02	214.88	215.37	216.5	215.38	215.47	212.8
Tech	MSFT	2020-12-03	214.61	214.24	215.45	214.35	216.3757	213.65
Tech	MSFT	2020-12-04	214.22	214.36	214.7	214.0299	215.38	213.18
Tech	MSFT	2020-12-07	214.37	214.29	214.1	213.7	215.54	212.99
Tech	MSFT	2020-12-08	213.97	216.01	214.5	216.5	216.95	212.89
Tech	MSFT	2020-12-09	215.16	211.8	216.48	212.02	215.225	211.214
Tech	MSFT	2020-12-10	211.77	210.52	212.2	210.5899	213.08	210.36
Tech	MSFT	2020-12-11	210.05	213.26	210.45	213	213.32	209.11
Tech	MSFT	2020-12-14	213.1	214.2	213.38	214.19	216.21	212.88
Tech	MSFT	2020-12-15	215.165	214.13	215	214.1	215.42	212.24
Tech	MSFT	2020-12-16	214.75	219.28	214.4	219.22	220.11	214.72
Tech	MSFT	2020-12-17	219.87	219.42	219.9	218.5	220.89	217.92
Tech	MSFT	2020-12-18	218.59	218.59	219.38	218.75	219.69	216.02
Tech	MSFT	2020-12-21	217.55	222.59	220.29	222.8	224	217.2801
Tech	MSFT	2020-12-22	222.69	223.94	222.4	222.5	225.63	221.85
Tech	MSFT	2020-12-23	223.11	221.02	224	221.33	223.5589	220.8
Tech	MSFT	2020-12-24	221.42	222.75	221.12	222.51	223.61	221.2
Tech	MSFT	2020-12-28	224.45	224.96	223.44	225.15	226.03	223.02
Tech	MSFT	2020-12-29	226.31	224.15	226	224.15	227.18	223.58
Tech	MSFT	2020-12-30	225.23	221.68	224.72	221.85	225.63	221.47
Tech	MSFT	2020-12-31	221.7	222.42	221.9	222.5	223	219.68
Tech	MSFT	2021-01-04	222.53	217.69	222.75	217.64	223	214.81
Tech	MSFT	2021-01-05	217.26	217.9	218.5	217.57	218.52	215.7
Tech	MSFT	2021-01-06	212.17	212.25	213.95	213.55	216.4899	211.94
Tech	MSFT	2021-01-07	214.04	218.29	214	218.4	219.34	213.71
Tech	MSFT	2021-01-08	218.68	219.62	218.7	219.63	220.58	217.0261
Tech	MSFT	2021-01-11	218.47	217.49	218.8	217.76	218.91	216.73
Tech	MSFT	2021-01-12	216.5	214.93	217.68	215.05	217.1	213.3202
Tech	MSFT	2021-01-13	214.02	216.34	215.3	216.97	216.76	213.9266
Tech	MSFT	2021-01-14	215.91	213.02	216.34	213.52	217.46	212.74
Tech	MSFT	2021-01-15	213.52	212.65	213.52	212.45	214.51	212.03
Tech	MSFT	2021-01-19	213.75	216.44	214	217.02	216.98	212.63
Tech	MSFT	2021-01-20	217.7	224.34	217.28	225.48	225.79	217.2908
Tech	MSFT	2021-01-21	224.7	224.97	224.88	225.2	226.3	222.42
Tech	MSFT	2021-01-22	227.08	225.95	224.87	226.7	230.07	225.8
Tech	MSFT	2021-01-25	229.12	229.53	228.3	229.75	229.78	224.22
Tech	MSFT	2021-01-26	231.86	232.33	229.01	240.92	234.18	230.08
Tech	MSFT	2021-01-27	238	232.9	240	232.5	240.44	230.14
Tech	MSFT	2021-01-28	235.61	238.93	230.62	236.42	242.64	235.09
Tech	MSFT	2021-01-29	235.99	231.96	235.7	231.8	238.02	231.35
Tech	MSFT	2021-02-01	235.06	239.65	234.5	240	242.5	232.43
Tech	MSFT	2021-02-02	241.3	239.51	240.65	240.2	242.31	238.69
Tech	MSFT	2021-02-03	239.57	243	241.8	243.1	245.09	239.26
Tech	MSFT	2021-02-04	242.66	242.01	243.5	241.5501	243.2399	240.37
Tech	MSFT	2021-02-05	242.23	242.2	242.71	242.3	243.28	240.42
Tech	MSFT	2021-02-08	243.15	242.47	243.1	242	243.68	240.81
Tech	MSFT	2021-02-09	241.87	243.77	242.01	244	244.76	241.38
Tech	MSFT	2021-02-10	245	242.82	244.99	241.89	245.92	240.89
Tech	MSFT	2021-02-11	244.78	244.49	243.22	244.1999	245.15	242.15
Tech	MSFT	2021-02-12	243.9332	244.99	243.98	245.3	245.3	242.73
Tech	MSFT	2021-02-16	245.03	243.7	245.85	243.25	246.13	242.92
Tech	MSFT	2021-02-17	241.32	244.2	243.22	244.16	244.31	240.94
Tech	MSFT	2021-02-18	241.8	243.79	243.16	242.94	243.93	240.86
Tech	MSFT	2021-02-19	243.75	240.97	243.87	240.68	243.86	240.18
Tech	MSFT	2021-02-22	237.42	234.51	237.99	234.07	237.93	232.4
Tech	MSFT	2021-02-23	230.325	233.27	234.7	232.5	234.83	228.73
Tech	MSFT	2021-02-24	230.01	234.55	233.18	234.75	235.2	229
Tech	MSFT	2021-02-25	232.08	228.99	233.54	228.7	234.5852	227.88
Tech	MSFT	2021-02-26	231.525	232.38	229.86	232	235.37	229.54
Tech	MSFT	2021-03-01	235.9	236.94	235.87	237.2	237.47	233.15
Tech	MSFT	2021-03-02	237.01	233.87	235.75	235.52	237.3	233.45
Tech	MSFT	2021-03-03	232.155	227.56	235.45	227.05	233.5799	227.26
Tech	MSFT	2021-03-04	226.735	226.73	226.7	225	232.49	224.26
Tech	MSFT	2021-03-05	229.5165	231.6	226.32	232.23	233.27	226.46
Tech	MSFT	2021-03-08	231.37	227.39	222.48	228.4	233.365	227.13
Tech	MSFT	2021-03-09	232.88	233.78	230.3	233.6	235.3839	231.67
Tech	MSFT	2021-03-10	237	232.42	233.6	232.16	237	232.04
Tech	MSFT	2021-03-11	234.96	237.13	236.01	237.76	239.17	234.31
Tech	MSFT	2021-03-12	234.01	235.75	234.01	235.75	235.82	233.23
Tech	MSFT	2021-03-15	234.96	234.81	234.96	234.5	235.185	231.81
Tech	MSFT	2021-03-16	236.28	237.71	235.07	237.5	240.055	235.94
Tech	MSFT	2021-03-17	236.15	237.04	237.69	237.26	238.55	233.23
Tech	MSFT	2021-03-18	232.56	230.72	235.38	230.9	234.19	230.33
Tech	MSFT	2021-03-19	231.02	230.35	232.75	230.55	232.474	229.3496
Tech	MSFT	2021-03-22	230.27	235.99	231.2	236.06	236.9	230.14
Tech	MSFT	2021-03-23	237.485	237.58	236.38	237.54	241.05	237.07
Tech	MSFT	2021-03-24	237.845	235.46	238.66	235.34	238	235.32
Tech	MSFT	2021-03-25	235.3	232.34	235	233.52	236.94	231.57
Tech	MSFT	2021-03-26	231.55	236.48	233.66	236.03	236.71	231.55
Tech	MSFT	2021-03-29	236.59	235.24	235.96	235.49	236.8	231.88
Tech	MSFT	2021-03-30	233.525	231.85	234.32	231.89	233.85	231.1
Tech	MSFT	2021-03-31	232.91	235.77	232	237.53	239.1	232.39
Tech	MSFT	2021-04-01	238.47	242.35	238.82	242.55	242.84	238.0501
Tech	MSFT	2021-04-05	242.76	249.07	242.65	249.47	249.96	242.7
Tech	MSFT	2021-04-06	247.61	247.86	248	248.13	249.4	246.88
Tech	MSFT	2021-04-07	247.81	249.9	248.48	250.38	250.93	247.19
Tech	MSFT	2021-04-08	252.77	253.25	252	253.97	254.139	252
Tech	MSFT	2021-04-09	252.87	255.85	253	255.75	255.99	252.44
Tech	MSFT	2021-04-12	254.71	255.91	256.16	255.82	257.67	254.62
Tech	MSFT	2021-04-13	257.2573	258.49	256.36	258.22	259.19	256.83
Tech	MSFT	2021-04-14	257.475	255.59	259.03	255.38	258.83	255.16
Tech	MSFT	2021-04-15	257.931	259.5	257.52	259.35	259.93	257.73
Tech	MSFT	2021-04-16	259.47	260.74	258.26	260.75	261	257.6014
Tech	MSFT	2021-04-19	260.19	258.74	261	258.99	261.48	257.821
Tech	MSFT	2021-04-20	257.82	258.26	258.83	258	260.2	256.84
Tech	MSFT	2021-04-21	258.94	260.58	258.4	260.55	260.68	257.25
Tech	MSFT	2021-04-22	260.21	257.17	260.6	257.25	261.78	255.64
Tech	MSFT	2021-04-23	257.88	261.15	257.69	261.59	261.51	257.27
Tech	MSFT	2021-04-26	261.66	261.55	261.16	261.9	262.435	260.17
Tech	MSFT	2021-04-27	261.585	261.97	262.39	255	263.19	260.12
Tech	MSFT	2021-04-28	256.078	254.56	255.18	254.42	256.5399	252.95
Tech	MSFT	2021-04-29	255.46	252.51	255.4	251.16	256.1	249
Tech	MSFT	2021-04-30	249.74	252.18	251.28	252.18	253.08	249.6
Tech	MSFT	2021-05-03	253.4	251.86	253.02	251.44	254.35	251.12
Tech	MSFT	2021-05-04	250.97	247.79	251.03	247.1	251.21	245.76
Tech	MSFT	2021-05-05	249.06	246.47	247.78	246.3	249.5	245.82
Tech	MSFT	2021-05-06	246.45	249.73	246.82	249.55	249.86	244.69
Tech	MSFT	2021-05-07	252.15	252.46	249.5	252.6	254.3	251.17
Tech	MSFT	2021-05-10	250.87	247.18	251.83	247.14	251.73	247.12
Tech	MSFT	2021-05-11	244.55	246.23	243.66	245.78	246.6	242.57
Tech	MSFT	2021-05-12	242.165	239	245.3	239.5	244.38	238.07
Tech	MSFT	2021-05-13	241.8	243.03	238.52	243.3	245.6	241.42
Tech	MSFT	2021-05-14	245.575	248.15	244.64	249.2	249.18	245.49
Tech	MSFT	2021-05-17	246.55	245.18	248	245.5	246.59	243.52
Tech	MSFT	2021-05-18	246.27	243.08	247.1	242.53	246.41	242.9
Tech	MSFT	2021-05-19	239.31	243.12	240.5	242.57	243.23	238.6
Tech	MSFT	2021-05-20	243.96	246.48	243.39	246.89	247.95	243.86
Tech	MSFT	2021-05-21	247.565	245.17	247.25	245.2499	248.33	244.74
Tech	MSFT	2021-05-24	247.785	250.78	246.31	251.06	251.16	247.51
Tech	MSFT	2021-05-25	251.769	251.72	252	251.95	252.75	250.82
Tech	MSFT	2021-05-26	251.43	251.49	252.27	251.55	252.94	250.75
Tech	MSFT	2021-05-27	251.17	249.31	250.48	250.4	251.48	249.25
Tech	MSFT	2021-05-28	250.995	249.68	250.5	249.95	252.08	249.56
Tech	MSFT	2021-06-01	251.23	247.4	250.93	247.35	251.29	246.96
Tech	MSFT	2021-06-02	248.125	247.3	247.14	247.43	249.27	245.84
Tech	MSFT	2021-06-03	245.22	245.71	247	245.55	246.34	243
Tech	MSFT	2021-06-04	247.76	250.79	245.66	250.89	251.65	247.51
Tech	MSFT	2021-06-07	249.98	253.81	249.97	254.9	254.09	249.81
Tech	MSFT	2021-06-08	255.16	252.57	254.34	252.58	256.01	252.51
Tech	MSFT	2021-06-09	253.81	253.59	253.24	253.41	255.53	253.21
Tech	MSFT	2021-06-10	254.29	257.24	253.2	258.5	257.46	253.67
Tech	MSFT	2021-06-11	257.985	257.89	257.52	257.65	258.4868	256.61
Tech	MSFT	2021-06-14	257.9	259.89	258.29	259.63	259.95	256.8
Tech	MSFT	2021-06-15	259.775	258.36	259.96	258.64	259.99	257.68
Tech	MSFT	2021-06-16	259.4	257.38	258.55	255.555	260.58	254.42
Tech	MSFT	2021-06-17	256.065	260.9	255	261.17	261.75	256.01
Tech	MSFT	2021-06-18	259.63	259.43	261	258.8999	262.3	258.75
Tech	MSFT	2021-06-21	259.82	262.63	259.56	263	263.52	257.92
Tech	MSFT	2021-06-22	262.72	265.51	261.69	266	265.79	262.4
Tech	MSFT	2021-06-23	265.99	265.275	266.29	265.405	266.83	264.43
Tech	MSFT	2021-06-24	266.16	266.69	265.87	266.98	267.85	265.47
Tech	MSFT	2021-06-25	266.23	265.02	267	265.02	267.25	264.76
Tech	MSFT	2021-06-28	266.185	268.72	265.83	268.45	268.9	265.91
Tech	MSFT	2021-06-29	268.865	271.4	268.46	271.38	271.65	267.98
Tech	MSFT	2021-06-30	270.69	270.9	271.4	271.01	271.3598	269.6043
Tech	MSFT	2021-07-01	269.61	271.6	271.54	271.32	271.84	269.6
Tech	MSFT	2021-07-02	272.82	277.65	272.05	277.85	278	272.5
Tech	MSFT	2021-07-06	278.03	277.66	277.85	277.95	279.3698	274.3
Tech	MSFT	2021-07-07	279.4	279.93	279.29	280.4	280.6945	277.15
Tech	MSFT	2021-07-08	276.9	277.42	277.77	277.39	278.73	274.87
Tech	MSFT	2021-07-09	275.72	277.94	277.64	277.94	278.05	275.32
Tech	MSFT	2021-07-12	279.157	277.32	277.63	277.31	279.77	276.58
Tech	MSFT	2021-07-13	277.52	280.98	277.13	280.9	282.8477	277.39
Tech	MSFT	2021-07-14	282.345	282.51	281	282.71	283.66	280.55
Tech	MSFT	2021-07-15	282	281.03	282.84	280.55	282.51	279.83
Tech	MSFT	2021-07-16	282.07	280.75	281.06	280.3	284.1	279.46
Tech	MSFT	2021-07-19	278.9335	277.01	280.57	277.99	280.37	274.45
Tech	MSFT	2021-07-20	278.03	279.32	278	279.85	280.97	276.26
Tech	MSFT	2021-07-21	278.905	281.4	279.6	281.79	281.52	277.29
Tech	MSFT	2021-07-22	283.84	286.14	282	287.75	286.42	283.42
Tech	MSFT	2021-07-23	287.37	289.67	288.27	289.52	289.99	286.5
Tech	MSFT	2021-07-26	289	289.05	289.74	289.62	289.69	286.642
Tech	MSFT	2021-07-27	289.43	286.54	288.96	287	289.575	282.95
Tech	MSFT	2021-07-28	288.99	286.22	289.05	286.4	290.15	283.8303
Tech	MSFT	2021-07-29	286.235	286.5	286.25	284.42	288.618	286.08
Tech	MSFT	2021-07-30	285.17	284.91	284.5	285.1	286.66	283.91
Tech	MSFT	2021-08-02	286.36	284.82	286.7	284.69	286.775	283.74
Tech	MSFT	2021-08-03	285.42	287.12	284.97	286.3	287.23	284
Tech	MSFT	2021-08-04	286.22	286.51	287.19	286.78	287.5883	284.65
Tech	MSFT	2021-08-05	286.88	289.52	287.14	289.34	289.63	286.1
Tech	MSFT	2021-08-06	288.505	289.46	289.8	289.12	289.5	287.6238
Tech	MSFT	2021-08-09	289.75	288.33	289.2	288.28	291.55	287.81
Tech	MSFT	2021-08-10	288.8	286.44	288.3	286.6	289.25	285.2
Tech	MSFT	2021-08-11	287.21	286.95	286.11	286.6	288.66	285.86
Tech	MSFT	2021-08-12	286.63	289.81	286.38	289.71	289.97	286.34
Tech	MSFT	2021-08-13	289.48	292.85	289.79	293.1	292.9	289.3
Tech	MSFT	2021-08-16	293.19	294.6	292.9	294.59	294.82	290.02
Tech	MSFT	2021-08-17	292.39	293.08	294	292.85	293.43	291.08
Tech	MSFT	2021-08-18	292.04	290.73	292.2	290.75	294.82	290.27
Tech	MSFT	2021-08-19	288.6935	296.77	289.4	296.31	297.47	288.64
Tech	MSFT	2021-08-20	299.72	304.36	295	304.6	305.84	298.06
Tech	MSFT	2021-08-23	303.245	304.65	304.6	304.7	305.4	301.85
Tech	MSFT	2021-08-24	305.02	302.62	305.64	302.51	305.65	302.0035
Tech	MSFT	2021-08-25	304.3	302.01	303.09	302.18	304.59	300.42
Tech	MSFT	2021-08-26	300.99	299.09	301.52	298.55	302.429	298.95
Tech	MSFT	2021-08-27	298.987	299.72	299.65	299.7	300.87	296.83
Tech	MSFT	2021-08-30	301.115	303.59	301.19	303.6	304.22	301.06
Tech	MSFT	2021-08-31	304.42	301.88	304.72	302	304.5	301.5
Tech	MSFT	2021-09-01	302.865	301.83	303.1	301.95	305.19	301.49
Tech	MSFT	2021-09-02	302.2	301.15	302.25	301.4	303.3602	300.18
Tech	MSFT	2021-09-03	300.99	301.14	302.19	300.98	302.6	300.26
Tech	MSFT	2021-09-07	301.005	300.18	301.4	300.15	301.09	298.2
Tech	MSFT	2021-09-08	299.78	300.21	299.5	299.64	300.61	297.4651
Tech	MSFT	2021-09-09	300.82	297.25	299.63	297.15	302.14	297
Tech	MSFT	2021-09-10	298.415	295.71	298.06	295.21	299.92	295.38
Tech	MSFT	2021-09-13	297.55	296.99	293	297.0201	298.54	294.08
Tech	MSFT	2021-09-14	299.56	299.79	297.59	302.39	301.39	298.1
Tech	MSFT	2021-09-15	303.26	304.82	303.2	305.31	305.32	301.82
Tech	MSFT	2021-09-16	303.76	305.22	305.31	305	305.31	300.76
Tech	MSFT	2021-09-17	304.17	299.87	305.25	299.6	304.5	299.53
Tech	MSFT	2021-09-20	296.33	294.3	297.96	294.75	298.72	289.52
Tech	MSFT	2021-09-21	295.69	294.8	297	294.03	297.54	294.07
Tech	MSFT	2021-09-22	296.725	298.58	295.1	299.48	300.22	294.51
Tech	MSFT	2021-09-23	298.845	299.56	300.23	299.87	300.9	297.5339
Tech	MSFT	2021-09-24	298.23	299.35	298.02	299.5	299.8	296.93
Tech	MSFT	2021-09-27	296.14	294.17	300	294.15	296.47	292.9449
Tech	MSFT	2021-09-28	289.795	283.52	291.21	284.05	290.78	282.75
Tech	MSFT	2021-09-29	285.1	284	285.87	284.86	286.77	283.01
Tech	MSFT	2021-09-30	285.71	281.92	286	282.22	287.83	281.62
Tech	MSFT	2021-10-01	282.1217	289.1	280.31	288.6	289.98	281.29
Tech	MSFT	2021-10-04	287.4	283.11	287.05	283.51	287.75	280.25
Tech	MSFT	2021-10-05	284.0464	288.76	283.11	288.3	290.398	284.0464
Tech	MSFT	2021-10-06	285.78	293.11	285.11	294.5	293.63	285.5093
Tech	MSFT	2021-10-07	295.175	294.85	295.26	295.85	296.64	293.92
Tech	MSFT	2021-10-08	296.219	294.85	294.81	294.53	296.6409	293.76
Tech	MSFT	2021-10-11	292.92	294.23	293.05	294.1	297.97	292.745
Tech	MSFT	2021-10-12	295.34	292.88	293.9	292.35	295.44	292.35
Tech	MSFT	2021-10-13	294.91	296.31	293.34	296.88	297.28	293.49
Tech	MSFT	2021-10-14	299.21	302.75	298	303.35	303.27	297.83
Tech	MSFT	2021-10-15	302.34	304.21	302.75	304.3	304.45	300.5191
Tech	MSFT	2021-10-18	303.57	307.29	303.33	307.36	308.21	302.69
Tech	MSFT	2021-10-19	308.348	308.23	307.82	308.75	309.3	307.22
Tech	MSFT	2021-10-20	309.21	307.41	308.7	307.1	309.7	306.11
Tech	MSFT	2021-10-21	307.1702	310.76	306.84	310.15	311.02	306.36
Tech	MSFT	2021-10-22	310.4	309.16	310.27	309	311.09	307.8
Tech	MSFT	2021-10-25	309.36	308.13	310.06	309.52	309.4	306.46
Tech	MSFT	2021-10-26	311	310.11	309.6	316.3	312.395	308.5967
Tech	MSFT	2021-10-27	316	323.17	316	323.78	326.0973	316
Tech	MSFT	2021-10-28	324.325	324.35	324.05	324.71	324.87	321.3601
Tech	MSFT	2021-10-29	324.13	331.62	325.07	331.76	332	323.9
Tech	MSFT	2021-11-01	331.355	329.37	331.6	329.45	331.49	326.37
Tech	MSFT	2021-11-02	330.31	333.13	329.9	333.13	333.45	330
Tech	MSFT	2021-11-03	333.9	334	333.15	334.8	334.9	330.65
Tech	MSFT	2021-11-04	332.89	336.44	335	336.73	336.54	329.51
Tech	MSFT	2021-11-05	338.51	336.06	337.67	335.83	338.79	334.4217
Tech	MSFT	2021-11-08	337.3	336.99	336.47	336.36	337.65	334.44
Tech	MSFT	2021-11-09	337.1071	335.95	336.55	335.49	338.72	334.53
Tech	MSFT	2021-11-10	334.57	330.8	336	331.25	334.6303	329.92
Tech	MSFT	2021-11-11	331.25	332.43	331.5	333.85	333.7746	330.51
Tech	MSFT	2021-11-12	333.92	336.72	333.86	337.15	337.23	333.79
Tech	MSFT	2021-11-15	337.54	336.07	337.7	336.55	337.88	334.034
Tech	MSFT	2021-11-16	335.68	339.51	336.55	339.95	340.67	335.51
Tech	MSFT	2021-11-17	338.94	339.12	339.61	339.4	342.19	338
Tech	MSFT	2021-11-18	338.18	341.27	340	342.18	342.45	337.12
Tech	MSFT	2021-11-19	342.64	343.11	342.59	343.55	345.1	342.2
Tech	MSFT	2021-11-22	344.62	339.83	344.1	340.12	349.67	339.55
Tech	MSFT	2021-11-23	337.05	337.68	338.48	337.7	339.45	333.56
Tech	MSFT	2021-11-24	336.28	337.91	336.65	337.7	338.16	333.911
Tech	MSFT	2021-11-26	334.35	329.68	335.83	330	337.93	328.12
Tech	MSFT	2021-11-29	334.94	336.63	332.35	338.15	339.03	334.74
Tech	MSFT	2021-11-30	335.32	330.59	335.66	333.35	337.78	328.99
Tech	MSFT	2021-12-01	335.13	330.08	335	331.65	339.28	329.39
Tech	MSFT	2021-12-02	330.3	329.49	331.95	328.1	333.49	327.8028
Tech	MSFT	2021-12-03	331.99	323.01	328.75	322.7	332.7	318.03
Tech	MSFT	2021-12-06	323.95	326.19	323.02	326.19	327.45	319.23
Tech	MSFT	2021-12-07	331.64	334.92	330.19	335.93	335.8	330.1
Tech	MSFT	2021-12-08	335.31	334.97	336.5	334.6	335.5	330.8
Tech	MSFT	2021-12-09	334.41	333.1	334.33	332.6501	336.489	332.12
Tech	MSFT	2021-12-10	334.98	342.54	332.89	342.5	343	334.79
Tech	MSFT	2021-12-13	340.68	339.4	343.48	339.63	343.79	339.08
Tech	MSFT	2021-12-14	333.22	328.34	339.59	328.99	334.64	324.11
Tech	MSFT	2021-12-15	328.61	334.65	328.73	334.85	335.19	324.5
Tech	MSFT	2021-12-16	335.71	324.9	336.62	325.25	336.76	323.02
Tech	MSFT	2021-12-17	320.88	323.8	323.89	324.6	324.92	317.25
Tech	MSFT	2021-12-20	320.05	319.91	319.3	321.75	322.8	317.57
Tech	MSFT	2021-12-21	323.29	327.29	322.62	326.75	327.73	319.8
Tech	MSFT	2021-12-22	328.3	333.2	326.75	333.75	333.605	325.75
Tech	MSFT	2021-12-23	332.75	334.69	333.86	334.5	336.39	332.73
Tech	MSFT	2021-12-27	335.46	342.45	335.55	341.7	342.48	335.43
Tech	MSFT	2021-12-28	343.15	341.25	343	343.29	343.81	340.32
Tech	MSFT	2021-12-29	341.3	341.95	342.8	341.65	344.3	339.68
Tech	MSFT	2021-12-30	341.91	339.32	342.02	338.07	343.13	338.82
Tech	MSFT	2021-12-31	338.51	336.32	338	336.79	339.355	335.85
Tech	MSFT	2022-01-03	335.35	334.75	338	334.11	338	329.78
Tech	MSFT	2022-01-04	334.83	329.01	334.85	327.55	335.2	326.12
Tech	MSFT	2022-01-05	325.86	316.38	328.21	317.1	326.07	315.98
Tech	MSFT	2022-01-06	313.15	313.88	316.06	316.06	318.7	311.49
Tech	MSFT	2022-01-07	314.15	314.04	313.5	313.82	316.5	310.09
Tech	MSFT	2022-01-10	309.485	314.27	313.22	315	314.72	304.69
Tech	MSFT	2022-01-11	313.38	314.98	314	315.1001	316.61	309.89
Tech	MSFT	2022-01-12	319.67	318.27	314	317.8	323.41	317.08
Tech	MSFT	2022-01-13	320.4658	304.8	317.73	305.7	320.88	304
Tech	MSFT	2022-01-14	304.25	310.2	305.4	310.2	310.82	303.75
Tech	MSFT	2022-01-18	304.07	302.65	305.99	301.85	309.8	301.74
Tech	MSFT	2022-01-19	306.29	303.33	302.61	304.39	313.9093	302.7
Tech	MSFT	2022-01-20	309.07	301.6	305.93	302	311.6494	301.14
Tech	MSFT	2022-01-21	302.685	296.03	302.46	296.3	304.11	295.61
Tech	MSFT	2022-01-24	292.2	296.37	297.01	296.1	297.11	276.05
Tech	MSFT	2022-01-25	291.52	288.49	292.6	292	294.99	285.17
Tech	MSFT	2022-01-26	307.985	296.71	295.5	296.9	308.5	293.03
Tech	MSFT	2022-01-27	302.66	299.84	296.71	302	307.3	297.93
Tech	MSFT	2022-01-28	300.23	308.26	301.19	308.87	308.48	294.45
Tech	MSFT	2022-01-31	308.95	310.98	310	310.06	312.38	306.37
Tech	MSFT	2022-02-01	310.41	308.76	311.79	308.55	310.63	305.1293
Tech	MSFT	2022-02-02	309.63	313.46	309.14	310.11	315.12	308.88
Tech	MSFT	2022-02-03	309.49	301.25	311.58	305	311.23	299.96
Tech	MSFT	2022-02-04	300.21	305.94	304.9	305.3	308.8	299.97
Tech	MSFT	2022-02-07	306.17	300.95	305.7	301.6001	307.84	299.9
Tech	MSFT	2022-02-08	301.25	304.56	302.78	305.29	305.561	299.95
Tech	MSFT	2022-02-09	309.865	311.21	307.01	310.03	311.93	307.39
Tech	MSFT	2022-02-10	304.04	302.38	309.2	301	309.12	300.7
Tech	MSFT	2022-02-11	303.19	295.04	300	294.4	304.29	294.22
Tech	MSFT	2022-02-14	293.77	295	291.2	295.2	296.76	291.35
Tech	MSFT	2022-02-15	300.008	300.47	295.75	299.45	300.8	297.02
Tech	MSFT	2022-02-16	298.365	299.5	300.7	299.2	300.87	293.68
Tech	MSFT	2022-02-17	296.36	290.73	297.28	290.8	296.8	290
Tech	MSFT	2022-02-18	293.05	287.93	291.92	285.8	293.86	286.305
Tech	MSFT	2022-02-22	285	287.72	281.97	290	291.54	284.5
Tech	MSFT	2022-02-23	290.18	280.27	289.91	278.5	291.7	280.1
Tech	MSFT	2022-02-24	272.51	294.59	273.39	292.25	295.16	271.52
Tech	MSFT	2022-02-25	295.14	297.31	291.67	296.73	297.63	291.655
Tech	MSFT	2022-02-28	294.31	298.79	295.47	299	299.14	293
Tech	MSFT	2022-03-01	296.4	294.95	297.54	296	299.97	292.15
Tech	MSFT	2022-03-02	295.36	300.19	294.74	298.98	301.47	293.698
Tech	MSFT	2022-03-03	302.89	295.92	298.59	291.8	303.13	294.05
Tech	MSFT	2022-03-04	294.29	289.86	293.23	289.48	295.66	287.165
Tech	MSFT	2022-03-07	288.53	278.91	285.25	278.99	289.69	278.53
Tech	MSFT	2022-03-08	277.8	275.85	279	275.85	283.96	270
Tech	MSFT	2022-03-09	283.44	288.5	279.59	286.0201	289.6	280.78
Tech	MSFT	2022-03-10	283.02	285.59	288.5	285.31	286.6	280.58
Tech	MSFT	2022-03-11	287.96	280.07	285.24	279.65	289.51	279.43
Tech	MSFT	2022-03-14	280.34	276.44	280.78	278	285.3992	275.82
Tech	MSFT	2022-03-15	280.35	287.15	275.8	287.28	287.82	278.725
Tech	MSFT	2022-03-16	289.11	294.39	290.72	295.35	294.57	283.2
Tech	MSFT	2022-03-17	293.29	295.22	295.7	293.5	295.61	289.37
Tech	MSFT	2022-03-18	295.37	300.43	293.4	300.78	301	292.73
Tech	MSFT	2022-03-21	298.89	299.16	299.75	298.76	300.14	294.9
Tech	MSFT	2022-03-22	299.8	304.06	299	304.31	305	298.77
Tech	MSFT	2022-03-23	300.51	299.49	303.63	299.85	303.23	297.7201
Tech	MSFT	2022-03-24	299.14	304.1	299.99	303.88	304.2	298.315
Tech	MSFT	2022-03-25	305.23	303.68	304.07	303.75	305.5	299.2855
Tech	MSFT	2022-03-28	304.33	310.7	304.03	310.7	310.8	304.33
Tech	MSFT	2022-03-29	313.91	315.41	311.25	315.04	315.82	309.05
Tech	MSFT	2022-03-30	313.76	313.86	314.89	314.7	315.95	311.58
Tech	MSFT	2022-03-31	313.9	308.31	315	310.24	315.14	307.89
Tech	MSFT	2022-04-01	309.37	309.42	310.37	309.46	310.13	305.54
Tech	MSFT	2022-04-04	310.09	314.97	309.01	315.07	315.11	309.71
Tech	MSFT	2022-04-05	313.27	310.88	316.19	311	314.865	309.87
Tech	MSFT	2022-04-06	305.19	299.5	308.53	297.8	307	296.71
Tech	MSFT	2022-04-07	296.66	301.37	299.42	302.3	303.65	296.35
Tech	MSFT	2022-04-08	300.44	296.97	302.62	296.4201	301.12	296.28
Tech	MSFT	2022-04-11	291.79	285.26	295.23	284.8	292.61	285
Tech	MSFT	2022-04-12	289.235	282.06	285	283.29	290.739	280.49
Tech	MSFT	2022-04-13	282.73	287.62	285	287.8	288.58	281.3
Tech	MSFT	2022-04-14	288.09	279.83	288.51	279.75	288.305	279.32
Tech	MSFT	2022-04-18	278.91	280.52	277	282.5	282.46	278.34
Tech	MSFT	2022-04-19	279.38	285.3	281.39	283.74	286.17	278.41
Tech	MSFT	2022-04-20	289.4	286.36	283.44	287.25	289.7	285.3702
Tech	MSFT	2022-04-21	288.58	280.81	288.6	280.03	293.3	280.06
Tech	MSFT	2022-04-22	281.68	274.03	280.84	272.99	283.2	273.38
Tech	MSFT	2022-04-25	273.29	280.72	271.4	280.7299	281.11	270.77
Tech	MSFT	2022-04-26	277.5	270.22	280.45	282.3	278.3599	270
Tech	MSFT	2022-04-27	282.1	283.22	284.67	285.65	290.97	279.16
Tech	MSFT	2022-04-28	285.185	289.63	287.06	288.7999	290.98	281.4562
Tech	MSFT	2022-04-29	288.61	277.52	289.99	278.24	289.88	276.5
Tech	MSFT	2022-05-02	277.71	284.47	278.12	284.1	284.94	276.22
Tech	MSFT	2022-05-03	283.96	281.78	284.49	281.9501	284.13	280.15
Tech	MSFT	2022-05-04	282.59	289.98	281.77	289.07	290.88	276.73
Tech	MSFT	2022-05-05	285.54	277.35	288.98	278.2	286.35	274.34
Tech	MSFT	2022-05-06	274.805	274.73	275.8	274.62	279.25	271.27
Tech	MSFT	2022-05-09	270.06	264.58	271.81	265	272.36	263.32
Tech	MSFT	2022-05-10	271.69	269.5	267.24	269.6	273.75	265.07
Tech	MSFT	2022-05-11	265.68	260.55	270.5	261.5	271.36	259.3
Tech	MSFT	2022-05-12	257.69	255.35	259.6	257.6	259.88	250.02
Tech	MSFT	2022-05-13	257.35	261.12	257.8	261.63	263.04	255.35
Tech	MSFT	2022-05-16	259.955	261.5	259.07	261.33	265.82	255.78
Tech	MSFT	2022-05-17	266.11	266.82	264.57	267	268.33	262.46
